ISO-10303-21;
HEADER;
/* Generated by software containing ST-Developer
 * from STEP Tools, Inc. (www.steptools.com) 
 */

FILE_DESCRIPTION(
/* description */ (''),
/* implementation_level */ '2;1');

FILE_NAME(
/* name */ '/Users/joakimjohansson/Desktop/Sample parts/Fixture.step',
/* time_stamp */ '2019-05-13T10:37:57+02:00',
/* author */ ('joakim.j.b.johansson@gmail.com'),
/* organization */ (''),
/* preprocessor_version */ 'ST-DEVELOPER v18',
/* originating_system */ 'Autodesk Translation Framework v8.2.0.1029',
/* authorisation */ '');

FILE_SCHEMA (('AUTOMOTIVE_DESIGN { 1 0 10303 214 3 1 1 }'));
ENDSEC;

DATA;
#10=MECHANICAL_DESIGN_GEOMETRIC_PRESENTATION_REPRESENTATION('',(#13),#2719);
#11=SHAPE_REPRESENTATION_RELATIONSHIP('SRR','None',#2726,#12);
#12=ADVANCED_BREP_SHAPE_REPRESENTATION('',(#14),#2718);
#13=STYLED_ITEM('',(#2736),#14);
#14=MANIFOLD_SOLID_BREP('Body1',#1639);
#15=FACE_BOUND('',#174,.T.);
#16=FACE_BOUND('',#175,.T.);
#17=FACE_BOUND('',#176,.T.);
#18=FACE_BOUND('',#182,.T.);
#19=FACE_BOUND('',#183,.T.);
#20=FACE_BOUND('',#184,.T.);
#21=FACE_BOUND('',#190,.T.);
#22=FACE_BOUND('',#191,.T.);
#23=FACE_BOUND('',#192,.T.);
#24=FACE_BOUND('',#224,.T.);
#25=FACE_BOUND('',#226,.T.);
#26=FACE_BOUND('',#232,.T.);
#27=FACE_BOUND('',#233,.T.);
#28=FACE_BOUND('',#234,.T.);
#29=FACE_BOUND('',#235,.T.);
#30=FACE_BOUND('',#236,.T.);
#31=FACE_BOUND('',#237,.T.);
#32=FACE_BOUND('',#248,.T.);
#33=FACE_BOUND('',#249,.T.);
#34=FACE_BOUND('',#250,.T.);
#35=FACE_BOUND('',#257,.T.);
#36=FACE_BOUND('',#258,.T.);
#37=FACE_BOUND('',#263,.T.);
#38=FACE_BOUND('',#264,.T.);
#39=ELLIPSE('',#1658,11.3137084989847,8.);
#40=ELLIPSE('',#1667,11.3137084989847,8.);
#41=ELLIPSE('',#1713,11.3137084989848,7.99999999999999);
#42=ELLIPSE('',#1715,11.3137084989848,7.99999999999999);
#43=PLANE('',#1656);
#44=PLANE('',#1657);
#45=PLANE('',#1659);
#46=PLANE('',#1666);
#47=PLANE('',#1668);
#48=PLANE('',#1669);
#49=PLANE('',#1671);
#50=PLANE('',#1675);
#51=PLANE('',#1680);
#52=PLANE('',#1687);
#53=PLANE('',#1688);
#54=PLANE('',#1692);
#55=PLANE('',#1702);
#56=PLANE('',#1708);
#57=PLANE('',#1709);
#58=PLANE('',#1712);
#59=PLANE('',#1717);
#60=PLANE('',#1721);
#61=PLANE('',#1725);
#62=PLANE('',#1729);
#63=PLANE('',#1736);
#64=PLANE('',#1737);
#65=PLANE('',#1738);
#66=PLANE('',#1742);
#67=PLANE('',#1747);
#68=PLANE('',#1751);
#69=PLANE('',#1757);
#70=PLANE('',#1759);
#71=PLANE('',#1760);
#72=PLANE('',#1762);
#73=PLANE('',#1768);
#74=PLANE('',#1769);
#75=PLANE('',#1770);
#76=PLANE('',#1771);
#77=PLANE('',#1773);
#78=PLANE('',#1774);
#79=PLANE('',#1776);
#80=PLANE('',#1777);
#81=PLANE('',#1778);
#82=PLANE('',#1779);
#83=PLANE('',#1780);
#84=PLANE('',#1781);
#85=PLANE('',#1783);
#86=PLANE('',#1784);
#87=PLANE('',#1787);
#88=PLANE('',#1788);
#89=FACE_OUTER_BOUND('',#165,.T.);
#90=FACE_OUTER_BOUND('',#166,.T.);
#91=FACE_OUTER_BOUND('',#167,.T.);
#92=FACE_OUTER_BOUND('',#168,.T.);
#93=FACE_OUTER_BOUND('',#169,.T.);
#94=FACE_OUTER_BOUND('',#170,.T.);
#95=FACE_OUTER_BOUND('',#171,.T.);
#96=FACE_OUTER_BOUND('',#172,.T.);
#97=FACE_OUTER_BOUND('',#173,.T.);
#98=FACE_OUTER_BOUND('',#177,.T.);
#99=FACE_OUTER_BOUND('',#178,.T.);
#100=FACE_OUTER_BOUND('',#179,.T.);
#101=FACE_OUTER_BOUND('',#180,.T.);
#102=FACE_OUTER_BOUND('',#181,.T.);
#103=FACE_OUTER_BOUND('',#185,.T.);
#104=FACE_OUTER_BOUND('',#186,.T.);
#105=FACE_OUTER_BOUND('',#187,.T.);
#106=FACE_OUTER_BOUND('',#188,.T.);
#107=FACE_OUTER_BOUND('',#189,.T.);
#108=FACE_OUTER_BOUND('',#193,.T.);
#109=FACE_OUTER_BOUND('',#194,.T.);
#110=FACE_OUTER_BOUND('',#195,.T.);
#111=FACE_OUTER_BOUND('',#196,.T.);
#112=FACE_OUTER_BOUND('',#197,.T.);
#113=FACE_OUTER_BOUND('',#198,.T.);
#114=FACE_OUTER_BOUND('',#199,.T.);
#115=FACE_OUTER_BOUND('',#200,.T.);
#116=FACE_OUTER_BOUND('',#201,.T.);
#117=FACE_OUTER_BOUND('',#202,.T.);
#118=FACE_OUTER_BOUND('',#203,.T.);
#119=FACE_OUTER_BOUND('',#204,.T.);
#120=FACE_OUTER_BOUND('',#205,.T.);
#121=FACE_OUTER_BOUND('',#206,.T.);
#122=FACE_OUTER_BOUND('',#207,.T.);
#123=FACE_OUTER_BOUND('',#208,.T.);
#124=FACE_OUTER_BOUND('',#209,.T.);
#125=FACE_OUTER_BOUND('',#210,.T.);
#126=FACE_OUTER_BOUND('',#211,.T.);
#127=FACE_OUTER_BOUND('',#212,.T.);
#128=FACE_OUTER_BOUND('',#213,.T.);
#129=FACE_OUTER_BOUND('',#214,.T.);
#130=FACE_OUTER_BOUND('',#215,.T.);
#131=FACE_OUTER_BOUND('',#216,.T.);
#132=FACE_OUTER_BOUND('',#217,.T.);
#133=FACE_OUTER_BOUND('',#218,.T.);
#134=FACE_OUTER_BOUND('',#219,.T.);
#135=FACE_OUTER_BOUND('',#220,.T.);
#136=FACE_OUTER_BOUND('',#221,.T.);
#137=FACE_OUTER_BOUND('',#222,.T.);
#138=FACE_OUTER_BOUND('',#223,.T.);
#139=FACE_OUTER_BOUND('',#225,.T.);
#140=FACE_OUTER_BOUND('',#227,.T.);
#141=FACE_OUTER_BOUND('',#228,.T.);
#142=FACE_OUTER_BOUND('',#229,.T.);
#143=FACE_OUTER_BOUND('',#230,.T.);
#144=FACE_OUTER_BOUND('',#231,.T.);
#145=FACE_OUTER_BOUND('',#238,.T.);
#146=FACE_OUTER_BOUND('',#239,.T.);
#147=FACE_OUTER_BOUND('',#240,.T.);
#148=FACE_OUTER_BOUND('',#241,.T.);
#149=FACE_OUTER_BOUND('',#242,.T.);
#150=FACE_OUTER_BOUND('',#243,.T.);
#151=FACE_OUTER_BOUND('',#244,.T.);
#152=FACE_OUTER_BOUND('',#245,.T.);
#153=FACE_OUTER_BOUND('',#246,.T.);
#154=FACE_OUTER_BOUND('',#247,.T.);
#155=FACE_OUTER_BOUND('',#251,.T.);
#156=FACE_OUTER_BOUND('',#252,.T.);
#157=FACE_OUTER_BOUND('',#253,.T.);
#158=FACE_OUTER_BOUND('',#254,.T.);
#159=FACE_OUTER_BOUND('',#255,.T.);
#160=FACE_OUTER_BOUND('',#256,.T.);
#161=FACE_OUTER_BOUND('',#259,.T.);
#162=FACE_OUTER_BOUND('',#260,.T.);
#163=FACE_OUTER_BOUND('',#261,.T.);
#164=FACE_OUTER_BOUND('',#262,.T.);
#165=EDGE_LOOP('',(#1069,#1070,#1071,#1072));
#166=EDGE_LOOP('',(#1073,#1074,#1075,#1076));
#167=EDGE_LOOP('',(#1077,#1078,#1079,#1080,#1081,#1082,#1083,#1084,#1085));
#168=EDGE_LOOP('',(#1086,#1087,#1088,#1089));
#169=EDGE_LOOP('',(#1090,#1091,#1092,#1093));
#170=EDGE_LOOP('',(#1094,#1095,#1096,#1097));
#171=EDGE_LOOP('',(#1098,#1099,#1100,#1101,#1102,#1103,#1104,#1105,#1106));
#172=EDGE_LOOP('',(#1107,#1108,#1109,#1110));
#173=EDGE_LOOP('',(#1111,#1112,#1113,#1114,#1115,#1116,#1117,#1118,#1119,
#1120));
#174=EDGE_LOOP('',(#1121,#1122));
#175=EDGE_LOOP('',(#1123,#1124));
#176=EDGE_LOOP('',(#1125,#1126));
#177=EDGE_LOOP('',(#1127,#1128,#1129,#1130));
#178=EDGE_LOOP('',(#1131,#1132,#1133,#1134));
#179=EDGE_LOOP('',(#1135,#1136,#1137,#1138));
#180=EDGE_LOOP('',(#1139,#1140,#1141,#1142));
#181=EDGE_LOOP('',(#1143,#1144,#1145,#1146));
#182=EDGE_LOOP('',(#1147));
#183=EDGE_LOOP('',(#1148));
#184=EDGE_LOOP('',(#1149));
#185=EDGE_LOOP('',(#1150,#1151,#1152,#1153));
#186=EDGE_LOOP('',(#1154,#1155,#1156,#1157));
#187=EDGE_LOOP('',(#1158,#1159,#1160,#1161));
#188=EDGE_LOOP('',(#1162,#1163,#1164,#1165));
#189=EDGE_LOOP('',(#1166,#1167,#1168,#1169));
#190=EDGE_LOOP('',(#1170));
#191=EDGE_LOOP('',(#1171));
#192=EDGE_LOOP('',(#1172));
#193=EDGE_LOOP('',(#1173,#1174,#1175,#1176));
#194=EDGE_LOOP('',(#1177,#1178,#1179,#1180));
#195=EDGE_LOOP('',(#1181,#1182,#1183,#1184));
#196=EDGE_LOOP('',(#1185,#1186,#1187,#1188));
#197=EDGE_LOOP('',(#1189,#1190,#1191,#1192));
#198=EDGE_LOOP('',(#1193,#1194,#1195,#1196,#1197,#1198,#1199,#1200,#1201,
#1202,#1203,#1204));
#199=EDGE_LOOP('',(#1205,#1206,#1207,#1208,#1209,#1210,#1211,#1212,#1213));
#200=EDGE_LOOP('',(#1214,#1215,#1216,#1217));
#201=EDGE_LOOP('',(#1218,#1219,#1220,#1221));
#202=EDGE_LOOP('',(#1222,#1223,#1224,#1225,#1226,#1227,#1228,#1229,#1230,
#1231,#1232,#1233));
#203=EDGE_LOOP('',(#1234,#1235,#1236,#1237,#1238,#1239,#1240,#1241,#1242));
#204=EDGE_LOOP('',(#1243,#1244,#1245,#1246));
#205=EDGE_LOOP('',(#1247,#1248,#1249,#1250));
#206=EDGE_LOOP('',(#1251,#1252,#1253,#1254));
#207=EDGE_LOOP('',(#1255,#1256,#1257,#1258));
#208=EDGE_LOOP('',(#1259,#1260,#1261,#1262));
#209=EDGE_LOOP('',(#1263,#1264,#1265,#1266));
#210=EDGE_LOOP('',(#1267,#1268,#1269,#1270));
#211=EDGE_LOOP('',(#1271,#1272,#1273,#1274));
#212=EDGE_LOOP('',(#1275,#1276,#1277,#1278));
#213=EDGE_LOOP('',(#1279,#1280,#1281,#1282));
#214=EDGE_LOOP('',(#1283,#1284,#1285,#1286));
#215=EDGE_LOOP('',(#1287,#1288,#1289,#1290));
#216=EDGE_LOOP('',(#1291,#1292,#1293,#1294));
#217=EDGE_LOOP('',(#1295,#1296,#1297,#1298));
#218=EDGE_LOOP('',(#1299,#1300,#1301,#1302));
#219=EDGE_LOOP('',(#1303,#1304,#1305,#1306));
#220=EDGE_LOOP('',(#1307,#1308,#1309,#1310));
#221=EDGE_LOOP('',(#1311,#1312,#1313,#1314,#1315,#1316,#1317,#1318,#1319,
#1320,#1321,#1322,#1323,#1324,#1325,#1326,#1327,#1328,#1329,#1330,#1331,
#1332,#1333,#1334,#1335,#1336,#1337,#1338,#1339,#1340,#1341,#1342));
#222=EDGE_LOOP('',(#1343,#1344,#1345,#1346,#1347,#1348,#1349,#1350,#1351,
#1352,#1353,#1354,#1355,#1356,#1357,#1358));
#223=EDGE_LOOP('',(#1359,#1360,#1361,#1362,#1363,#1364));
#224=EDGE_LOOP('',(#1365));
#225=EDGE_LOOP('',(#1366,#1367,#1368,#1369,#1370,#1371));
#226=EDGE_LOOP('',(#1372));
#227=EDGE_LOOP('',(#1373,#1374,#1375,#1376));
#228=EDGE_LOOP('',(#1377,#1378,#1379,#1380));
#229=EDGE_LOOP('',(#1381,#1382,#1383,#1384));
#230=EDGE_LOOP('',(#1385,#1386,#1387,#1388));
#231=EDGE_LOOP('',(#1389,#1390,#1391,#1392,#1393,#1394,#1395,#1396,#1397,
#1398,#1399,#1400,#1401,#1402,#1403,#1404));
#232=EDGE_LOOP('',(#1405,#1406));
#233=EDGE_LOOP('',(#1407,#1408));
#234=EDGE_LOOP('',(#1409,#1410));
#235=EDGE_LOOP('',(#1411,#1412));
#236=EDGE_LOOP('',(#1413,#1414));
#237=EDGE_LOOP('',(#1415,#1416));
#238=EDGE_LOOP('',(#1417,#1418,#1419,#1420));
#239=EDGE_LOOP('',(#1421,#1422,#1423,#1424));
#240=EDGE_LOOP('',(#1425,#1426,#1427,#1428,#1429,#1430,#1431,#1432,#1433,
#1434,#1435,#1436));
#241=EDGE_LOOP('',(#1437,#1438,#1439,#1440));
#242=EDGE_LOOP('',(#1441,#1442,#1443,#1444));
#243=EDGE_LOOP('',(#1445,#1446,#1447,#1448));
#244=EDGE_LOOP('',(#1449,#1450,#1451,#1452));
#245=EDGE_LOOP('',(#1453,#1454,#1455,#1456));
#246=EDGE_LOOP('',(#1457,#1458,#1459,#1460));
#247=EDGE_LOOP('',(#1461,#1462,#1463,#1464,#1465,#1466,#1467,#1468,#1469,
#1470));
#248=EDGE_LOOP('',(#1471,#1472));
#249=EDGE_LOOP('',(#1473,#1474));
#250=EDGE_LOOP('',(#1475,#1476));
#251=EDGE_LOOP('',(#1477,#1478,#1479,#1480));
#252=EDGE_LOOP('',(#1481,#1482,#1483,#1484));
#253=EDGE_LOOP('',(#1485,#1486,#1487,#1488));
#254=EDGE_LOOP('',(#1489,#1490,#1491,#1492));
#255=EDGE_LOOP('',(#1493,#1494,#1495,#1496));
#256=EDGE_LOOP('',(#1497,#1498,#1499,#1500,#1501,#1502,#1503,#1504));
#257=EDGE_LOOP('',(#1505,#1506));
#258=EDGE_LOOP('',(#1507,#1508));
#259=EDGE_LOOP('',(#1509,#1510,#1511,#1512));
#260=EDGE_LOOP('',(#1513,#1514,#1515,#1516));
#261=EDGE_LOOP('',(#1517,#1518,#1519,#1520));
#262=EDGE_LOOP('',(#1521,#1522,#1523,#1524,#1525,#1526,#1527,#1528));
#263=EDGE_LOOP('',(#1529,#1530));
#264=EDGE_LOOP('',(#1531,#1532));
#265=LINE('',#2241,#437);
#266=LINE('',#2244,#438);
#267=LINE('',#2248,#439);
#268=LINE('',#2250,#440);
#269=LINE('',#2252,#441);
#270=LINE('',#2253,#442);
#271=LINE('',#2256,#443);
#272=LINE('',#2258,#444);
#273=LINE('',#2262,#445);
#274=LINE('',#2264,#446);
#275=LINE('',#2266,#447);
#276=LINE('',#2268,#448);
#277=LINE('',#2269,#449);
#278=LINE('',#2273,#450);
#279=LINE('',#2275,#451);
#280=LINE('',#2277,#452);
#281=LINE('',#2278,#453);
#282=LINE('',#2287,#454);
#283=LINE('',#2290,#455);
#284=LINE('',#2292,#456);
#285=LINE('',#2294,#457);
#286=LINE('',#2296,#458);
#287=LINE('',#2300,#459);
#288=LINE('',#2302,#460);
#289=LINE('',#2303,#461);
#290=LINE('',#2307,#462);
#291=LINE('',#2309,#463);
#292=LINE('',#2311,#464);
#293=LINE('',#2312,#465);
#294=LINE('',#2315,#466);
#295=LINE('',#2316,#467);
#296=LINE('',#2320,#468);
#297=LINE('',#2323,#469);
#298=LINE('',#2326,#470);
#299=LINE('',#2328,#471);
#300=LINE('',#2329,#472);
#301=LINE('',#2333,#473);
#302=LINE('',#2336,#474);
#303=LINE('',#2344,#475);
#304=LINE('',#2347,#476);
#305=LINE('',#2350,#477);
#306=LINE('',#2352,#478);
#307=LINE('',#2353,#479);
#308=LINE('',#2364,#480);
#309=LINE('',#2368,#481);
#310=LINE('',#2370,#482);
#311=LINE('',#2371,#483);
#312=LINE('',#2375,#484);
#313=LINE('',#2377,#485);
#314=LINE('',#2379,#486);
#315=LINE('',#2380,#487);
#316=LINE('',#2386,#488);
#317=LINE('',#2389,#489);
#318=LINE('',#2391,#490);
#319=LINE('',#2392,#491);
#320=LINE('',#2404,#492);
#321=LINE('',#2409,#493);
#322=LINE('',#2412,#494);
#323=LINE('',#2415,#495);
#324=LINE('',#2421,#496);
#325=LINE('',#2424,#497);
#326=LINE('',#2428,#498);
#327=LINE('',#2429,#499);
#328=LINE('',#2430,#500);
#329=LINE('',#2431,#501);
#330=LINE('',#2434,#502);
#331=LINE('',#2436,#503);
#332=LINE('',#2437,#504);
#333=LINE('',#2439,#505);
#334=LINE('',#2441,#506);
#335=LINE('',#2444,#507);
#336=LINE('',#2447,#508);
#337=LINE('',#2449,#509);
#338=LINE('',#2451,#510);
#339=LINE('',#2453,#511);
#340=LINE('',#2455,#512);
#341=LINE('',#2459,#513);
#342=LINE('',#2462,#514);
#343=LINE('',#2467,#515);
#344=LINE('',#2470,#516);
#345=LINE('',#2473,#517);
#346=LINE('',#2476,#518);
#347=LINE('',#2478,#519);
#348=LINE('',#2480,#520);
#349=LINE('',#2481,#521);
#350=LINE('',#2487,#522);
#351=LINE('',#2490,#523);
#352=LINE('',#2492,#524);
#353=LINE('',#2493,#525);
#354=LINE('',#2499,#526);
#355=LINE('',#2502,#527);
#356=LINE('',#2504,#528);
#357=LINE('',#2505,#529);
#358=LINE('',#2511,#530);
#359=LINE('',#2517,#531);
#360=LINE('',#2520,#532);
#361=LINE('',#2523,#533);
#362=LINE('',#2525,#534);
#363=LINE('',#2526,#535);
#364=LINE('',#2530,#536);
#365=LINE('',#2532,#537);
#366=LINE('',#2534,#538);
#367=LINE('',#2535,#539);
#368=LINE('',#2537,#540);
#369=LINE('',#2538,#541);
#370=LINE('',#2543,#542);
#371=LINE('',#2547,#543);
#372=LINE('',#2550,#544);
#373=LINE('',#2556,#545);
#374=LINE('',#2559,#546);
#375=LINE('',#2562,#547);
#376=LINE('',#2564,#548);
#377=LINE('',#2565,#549);
#378=LINE('',#2571,#550);
#379=LINE('',#2574,#551);
#380=LINE('',#2576,#552);
#381=LINE('',#2577,#553);
#382=LINE('',#2583,#554);
#383=LINE('',#2586,#555);
#384=LINE('',#2588,#556);
#385=LINE('',#2589,#557);
#386=LINE('',#2591,#558);
#387=LINE('',#2593,#559);
#388=LINE('',#2595,#560);
#389=LINE('',#2597,#561);
#390=LINE('',#2599,#562);
#391=LINE('',#2601,#563);
#392=LINE('',#2603,#564);
#393=LINE('',#2607,#565);
#394=LINE('',#2609,#566);
#395=LINE('',#2611,#567);
#396=LINE('',#2612,#568);
#397=LINE('',#2614,#569);
#398=LINE('',#2616,#570);
#399=LINE('',#2617,#571);
#400=LINE('',#2621,#572);
#401=LINE('',#2622,#573);
#402=LINE('',#2624,#574);
#403=LINE('',#2625,#575);
#404=LINE('',#2629,#576);
#405=LINE('',#2631,#577);
#406=LINE('',#2633,#578);
#407=LINE('',#2635,#579);
#408=LINE('',#2638,#580);
#409=LINE('',#2640,#581);
#410=LINE('',#2641,#582);
#411=LINE('',#2644,#583);
#412=LINE('',#2647,#584);
#413=LINE('',#2650,#585);
#414=LINE('',#2653,#586);
#415=LINE('',#2656,#587);
#416=LINE('',#2659,#588);
#417=LINE('',#2661,#589);
#418=LINE('',#2663,#590);
#419=LINE('',#2666,#591);
#420=LINE('',#2668,#592);
#421=LINE('',#2670,#593);
#422=LINE('',#2672,#594);
#423=LINE('',#2674,#595);
#424=LINE('',#2677,#596);
#425=LINE('',#2679,#597);
#426=LINE('',#2681,#598);
#427=LINE('',#2684,#599);
#428=LINE('',#2687,#600);
#429=LINE('',#2690,#601);
#430=LINE('',#2693,#602);
#431=LINE('',#2696,#603);
#432=LINE('',#2701,#604);
#433=LINE('',#2704,#605);
#434=LINE('',#2708,#606);
#435=LINE('',#2712,#607);
#436=LINE('',#2715,#608);
#437=VECTOR('',#1795,3.);
#438=VECTOR('',#1798,3.);
#439=VECTOR('',#1801,10.);
#440=VECTOR('',#1802,10.);
#441=VECTOR('',#1803,10.);
#442=VECTOR('',#1804,98.7573593128807);
#443=VECTOR('',#1807,10.);
#444=VECTOR('',#1808,10.);
#445=VECTOR('',#1811,10.);
#446=VECTOR('',#1812,3.);
#447=VECTOR('',#1813,1.24264068711927);
#448=VECTOR('',#1814,10.);
#449=VECTOR('',#1815,1.5);
#450=VECTOR('',#1818,10.);
#451=VECTOR('',#1819,98.7573593128807);
#452=VECTOR('',#1820,10.);
#453=VECTOR('',#1821,10.);
#454=VECTOR('',#1834,98.7573593128807);
#455=VECTOR('',#1837,10.);
#456=VECTOR('',#1838,10.);
#457=VECTOR('',#1839,10.);
#458=VECTOR('',#1840,10.);
#459=VECTOR('',#1843,10.);
#460=VECTOR('',#1844,10.);
#461=VECTOR('',#1845,10.);
#462=VECTOR('',#1848,10.);
#463=VECTOR('',#1849,1.24264068711927);
#464=VECTOR('',#1850,1.5);
#465=VECTOR('',#1851,1.24264068711927);
#466=VECTOR('',#1854,1.5);
#467=VECTOR('',#1855,10.);
#468=VECTOR('',#1858,1.49999999999999);
#469=VECTOR('',#1859,1.49999999999998);
#470=VECTOR('',#1860,1.49999999999999);
#471=VECTOR('',#1863,1.5);
#472=VECTOR('',#1864,10.);
#473=VECTOR('',#1869,10.);
#474=VECTOR('',#1872,10.);
#475=VECTOR('',#1881,97.5147186257614);
#476=VECTOR('',#1884,3.);
#477=VECTOR('',#1887,10.);
#478=VECTOR('',#1888,1.50000000000001);
#479=VECTOR('',#1889,10.);
#480=VECTOR('',#1900,97.5147186257614);
#481=VECTOR('',#1905,10.);
#482=VECTOR('',#1906,10.);
#483=VECTOR('',#1907,10.);
#484=VECTOR('',#1910,23.7573593128807);
#485=VECTOR('',#1911,97.5147186257614);
#486=VECTOR('',#1912,10.);
#487=VECTOR('',#1913,10.);
#488=VECTOR('',#1920,97.5147186257614);
#489=VECTOR('',#1923,10.);
#490=VECTOR('',#1924,22.5147186257614);
#491=VECTOR('',#1925,97.5147186257614);
#492=VECTOR('',#1938,97.5147186257614);
#493=VECTOR('',#1943,3.);
#494=VECTOR('',#1946,3.);
#495=VECTOR('',#1951,1.5);
#496=VECTOR('',#1958,10.);
#497=VECTOR('',#1961,38.9848914961998);
#498=VECTOR('',#1964,10.);
#499=VECTOR('',#1965,10.);
#500=VECTOR('',#1966,1.5);
#501=VECTOR('',#1967,1.24264068711927);
#502=VECTOR('',#1970,10.);
#503=VECTOR('',#1971,2.12132034355965);
#504=VECTOR('',#1972,10.);
#505=VECTOR('',#1973,10.);
#506=VECTOR('',#1976,2.12132034355965);
#507=VECTOR('',#1979,10.);
#508=VECTOR('',#1982,10.);
#509=VECTOR('',#1983,98.7573593128807);
#510=VECTOR('',#1984,10.);
#511=VECTOR('',#1985,42.5298271295617);
#512=VECTOR('',#1986,10.);
#513=VECTOR('',#1991,2.12132034355965);
#514=VECTOR('',#1996,2.12132034355965);
#515=VECTOR('',#2001,10.);
#516=VECTOR('',#2004,10.);
#517=VECTOR('',#2007,10.);
#518=VECTOR('',#2010,42.5298271295617);
#519=VECTOR('',#2011,22.5147186257614);
#520=VECTOR('',#2012,98.7573593128807);
#521=VECTOR('',#2013,10.);
#522=VECTOR('',#2020,98.7573593128807);
#523=VECTOR('',#2023,10.);
#524=VECTOR('',#2024,22.5147186257614);
#525=VECTOR('',#2025,2.99999999999999);
#526=VECTOR('',#2032,98.7573593128807);
#527=VECTOR('',#2035,10.);
#528=VECTOR('',#2036,22.5147186257614);
#529=VECTOR('',#2037,1.50000000000001);
#530=VECTOR('',#2044,98.7573593128807);
#531=VECTOR('',#2049,3.);
#532=VECTOR('',#2052,3.);
#533=VECTOR('',#2055,10.);
#534=VECTOR('',#2056,10.);
#535=VECTOR('',#2057,10.);
#536=VECTOR('',#2060,23.7573593128807);
#537=VECTOR('',#2061,10.);
#538=VECTOR('',#2062,10.);
#539=VECTOR('',#2063,100.);
#540=VECTOR('',#2066,10.);
#541=VECTOR('',#2067,1.5);
#542=VECTOR('',#2072,100.);
#543=VECTOR('',#2077,1.5);
#544=VECTOR('',#2080,1.5);
#545=VECTOR('',#2085,3.00000000000001);
#546=VECTOR('',#2088,98.7573593128807);
#547=VECTOR('',#2091,10.);
#548=VECTOR('',#2092,10.);
#549=VECTOR('',#2093,98.7573593128807);
#550=VECTOR('',#2100,98.7573593128807);
#551=VECTOR('',#2103,10.);
#552=VECTOR('',#2104,10.);
#553=VECTOR('',#2105,98.7573593128807);
#554=VECTOR('',#2116,42.5298271295617);
#555=VECTOR('',#2119,97.5147186257614);
#556=VECTOR('',#2120,10.);
#557=VECTOR('',#2121,23.7573593128807);
#558=VECTOR('',#2122,1.5);
#559=VECTOR('',#2123,1.5);
#560=VECTOR('',#2124,1.5);
#561=VECTOR('',#2125,1.5);
#562=VECTOR('',#2126,1.5);
#563=VECTOR('',#2127,1.5);
#564=VECTOR('',#2128,1.5);
#565=VECTOR('',#2133,1.49999999999999);
#566=VECTOR('',#2134,1.50000000000003);
#567=VECTOR('',#2135,1.50000000000003);
#568=VECTOR('',#2136,10.);
#569=VECTOR('',#2139,10.);
#570=VECTOR('',#2140,97.5147186257614);
#571=VECTOR('',#2141,10.);
#572=VECTOR('',#2146,10.);
#573=VECTOR('',#2147,22.5147186257614);
#574=VECTOR('',#2148,10.);
#575=VECTOR('',#2149,10.);
#576=VECTOR('',#2154,7.5);
#577=VECTOR('',#2157,2.);
#578=VECTOR('',#2160,2.);
#579=VECTOR('',#2163,2.);
#580=VECTOR('',#2166,10.);
#581=VECTOR('',#2167,10.);
#582=VECTOR('',#2168,10.);
#583=VECTOR('',#2169,1.5);
#584=VECTOR('',#2170,1.5);
#585=VECTOR('',#2171,1.5);
#586=VECTOR('',#2172,1.50000000000001);
#587=VECTOR('',#2173,1.5);
#588=VECTOR('',#2174,1.5);
#589=VECTOR('',#2177,10.);
#590=VECTOR('',#2180,10.);
#591=VECTOR('',#2183,1.5);
#592=VECTOR('',#2184,1.5);
#593=VECTOR('',#2187,10.);
#594=VECTOR('',#2190,10.);
#595=VECTOR('',#2193,38.9848914961998);
#596=VECTOR('',#2198,10.);
#597=VECTOR('',#2201,1.5);
#598=VECTOR('',#2204,10.);
#599=VECTOR('',#2205,1.50000000000002);
#600=VECTOR('',#2206,1.50000000000003);
#601=VECTOR('',#2207,1.49999999999999);
#602=VECTOR('',#2212,10.);
#603=VECTOR('',#2217,42.5298271295617);
#604=VECTOR('',#2222,1.49999999999998);
#605=VECTOR('',#2223,1.5);
#606=VECTOR('',#2230,1.5);
#607=VECTOR('',#2233,1.5);
#608=VECTOR('',#2234,1.50000000000001);
#609=CIRCLE('',#1654,3.);
#610=CIRCLE('',#1655,3.);
#611=CIRCLE('',#1661,1.5);
#612=CIRCLE('',#1662,1.5);
#613=CIRCLE('',#1664,3.);
#614=CIRCLE('',#1665,3.);
#615=CIRCLE('',#1670,1.5);
#616=CIRCLE('',#1673,1.5);
#617=CIRCLE('',#1674,1.5);
#618=CIRCLE('',#1676,3.);
#619=CIRCLE('',#1678,3.);
#620=CIRCLE('',#1679,3.);
#621=CIRCLE('',#1681,2.);
#622=CIRCLE('',#1682,2.);
#623=CIRCLE('',#1683,2.);
#624=CIRCLE('',#1685,1.50000000000001);
#625=CIRCLE('',#1686,1.50000000000001);
#626=CIRCLE('',#1690,3.00000000000001);
#627=CIRCLE('',#1691,3.00000000000005);
#628=CIRCLE('',#1693,2.);
#629=CIRCLE('',#1694,2.);
#630=CIRCLE('',#1695,2.);
#631=CIRCLE('',#1697,1.5);
#632=CIRCLE('',#1698,1.5);
#633=CIRCLE('',#1700,3.);
#634=CIRCLE('',#1701,3.);
#635=CIRCLE('',#1703,3.);
#636=CIRCLE('',#1704,1.5);
#637=CIRCLE('',#1706,1.5);
#638=CIRCLE('',#1707,1.5);
#639=CIRCLE('',#1710,3.);
#640=CIRCLE('',#1711,1.5);
#641=CIRCLE('',#1718,3.);
#642=CIRCLE('',#1719,1.5);
#643=CIRCLE('',#1720,1.5);
#644=CIRCLE('',#1723,3.);
#645=CIRCLE('',#1724,3.);
#646=CIRCLE('',#1727,2.99999999999999);
#647=CIRCLE('',#1728,3.);
#648=CIRCLE('',#1731,1.50000000000001);
#649=CIRCLE('',#1732,1.50000000000002);
#650=CIRCLE('',#1734,3.);
#651=CIRCLE('',#1735,3.);
#652=CIRCLE('',#1740,1.5);
#653=CIRCLE('',#1741,1.49999999999999);
#654=CIRCLE('',#1743,3.);
#655=CIRCLE('',#1745,3.00000000000001);
#656=CIRCLE('',#1746,3.00000000000001);
#657=CIRCLE('',#1749,1.5);
#658=CIRCLE('',#1750,1.5);
#659=CIRCLE('',#1753,1.50000000000001);
#660=CIRCLE('',#1754,1.50000000000001);
#661=CIRCLE('',#1756,3.);
#662=CIRCLE('',#1758,1.5);
#663=CIRCLE('',#1761,7.5);
#664=CIRCLE('',#1763,7.5);
#665=VERTEX_POINT('',#2237);
#666=VERTEX_POINT('',#2238);
#667=VERTEX_POINT('',#2240);
#668=VERTEX_POINT('',#2242);
#669=VERTEX_POINT('',#2246);
#670=VERTEX_POINT('',#2247);
#671=VERTEX_POINT('',#2249);
#672=VERTEX_POINT('',#2251);
#673=VERTEX_POINT('',#2255);
#674=VERTEX_POINT('',#2257);
#675=VERTEX_POINT('',#2259);
#676=VERTEX_POINT('',#2261);
#677=VERTEX_POINT('',#2263);
#678=VERTEX_POINT('',#2265);
#679=VERTEX_POINT('',#2267);
#680=VERTEX_POINT('',#2271);
#681=VERTEX_POINT('',#2272);
#682=VERTEX_POINT('',#2274);
#683=VERTEX_POINT('',#2276);
#684=VERTEX_POINT('',#2283);
#685=VERTEX_POINT('',#2285);
#686=VERTEX_POINT('',#2289);
#687=VERTEX_POINT('',#2291);
#688=VERTEX_POINT('',#2293);
#689=VERTEX_POINT('',#2295);
#690=VERTEX_POINT('',#2297);
#691=VERTEX_POINT('',#2299);
#692=VERTEX_POINT('',#2301);
#693=VERTEX_POINT('',#2305);
#694=VERTEX_POINT('',#2306);
#695=VERTEX_POINT('',#2308);
#696=VERTEX_POINT('',#2310);
#697=VERTEX_POINT('',#2314);
#698=VERTEX_POINT('',#2318);
#699=VERTEX_POINT('',#2319);
#700=VERTEX_POINT('',#2321);
#701=VERTEX_POINT('',#2322);
#702=VERTEX_POINT('',#2324);
#703=VERTEX_POINT('',#2325);
#704=VERTEX_POINT('',#2332);
#705=VERTEX_POINT('',#2334);
#706=VERTEX_POINT('',#2340);
#707=VERTEX_POINT('',#2341);
#708=VERTEX_POINT('',#2343);
#709=VERTEX_POINT('',#2345);
#710=VERTEX_POINT('',#2349);
#711=VERTEX_POINT('',#2351);
#712=VERTEX_POINT('',#2354);
#713=VERTEX_POINT('',#2356);
#714=VERTEX_POINT('',#2358);
#715=VERTEX_POINT('',#2361);
#716=VERTEX_POINT('',#2363);
#717=VERTEX_POINT('',#2367);
#718=VERTEX_POINT('',#2369);
#719=VERTEX_POINT('',#2373);
#720=VERTEX_POINT('',#2374);
#721=VERTEX_POINT('',#2376);
#722=VERTEX_POINT('',#2378);
#723=VERTEX_POINT('',#2382);
#724=VERTEX_POINT('',#2384);
#725=VERTEX_POINT('',#2388);
#726=VERTEX_POINT('',#2390);
#727=VERTEX_POINT('',#2393);
#728=VERTEX_POINT('',#2395);
#729=VERTEX_POINT('',#2397);
#730=VERTEX_POINT('',#2400);
#731=VERTEX_POINT('',#2402);
#732=VERTEX_POINT('',#2406);
#733=VERTEX_POINT('',#2408);
#734=VERTEX_POINT('',#2410);
#735=VERTEX_POINT('',#2418);
#736=VERTEX_POINT('',#2420);
#737=VERTEX_POINT('',#2422);
#738=VERTEX_POINT('',#2426);
#739=VERTEX_POINT('',#2427);
#740=VERTEX_POINT('',#2433);
#741=VERTEX_POINT('',#2435);
#742=VERTEX_POINT('',#2438);
#743=VERTEX_POINT('',#2442);
#744=VERTEX_POINT('',#2446);
#745=VERTEX_POINT('',#2448);
#746=VERTEX_POINT('',#2450);
#747=VERTEX_POINT('',#2452);
#748=VERTEX_POINT('',#2454);
#749=VERTEX_POINT('',#2458);
#750=VERTEX_POINT('',#2464);
#751=VERTEX_POINT('',#2466);
#752=VERTEX_POINT('',#2469);
#753=VERTEX_POINT('',#2471);
#754=VERTEX_POINT('',#2475);
#755=VERTEX_POINT('',#2477);
#756=VERTEX_POINT('',#2479);
#757=VERTEX_POINT('',#2483);
#758=VERTEX_POINT('',#2485);
#759=VERTEX_POINT('',#2489);
#760=VERTEX_POINT('',#2491);
#761=VERTEX_POINT('',#2495);
#762=VERTEX_POINT('',#2497);
#763=VERTEX_POINT('',#2501);
#764=VERTEX_POINT('',#2503);
#765=VERTEX_POINT('',#2507);
#766=VERTEX_POINT('',#2509);
#767=VERTEX_POINT('',#2513);
#768=VERTEX_POINT('',#2514);
#769=VERTEX_POINT('',#2516);
#770=VERTEX_POINT('',#2518);
#771=VERTEX_POINT('',#2522);
#772=VERTEX_POINT('',#2524);
#773=VERTEX_POINT('',#2528);
#774=VERTEX_POINT('',#2529);
#775=VERTEX_POINT('',#2531);
#776=VERTEX_POINT('',#2533);
#777=VERTEX_POINT('',#2540);
#778=VERTEX_POINT('',#2542);
#779=VERTEX_POINT('',#2546);
#780=VERTEX_POINT('',#2548);
#781=VERTEX_POINT('',#2552);
#782=VERTEX_POINT('',#2553);
#783=VERTEX_POINT('',#2555);
#784=VERTEX_POINT('',#2557);
#785=VERTEX_POINT('',#2561);
#786=VERTEX_POINT('',#2563);
#787=VERTEX_POINT('',#2567);
#788=VERTEX_POINT('',#2569);
#789=VERTEX_POINT('',#2573);
#790=VERTEX_POINT('',#2575);
#791=VERTEX_POINT('',#2585);
#792=VERTEX_POINT('',#2587);
#793=VERTEX_POINT('',#2590);
#794=VERTEX_POINT('',#2592);
#795=VERTEX_POINT('',#2594);
#796=VERTEX_POINT('',#2596);
#797=VERTEX_POINT('',#2598);
#798=VERTEX_POINT('',#2600);
#799=VERTEX_POINT('',#2602);
#800=VERTEX_POINT('',#2606);
#801=VERTEX_POINT('',#2608);
#802=VERTEX_POINT('',#2610);
#803=VERTEX_POINT('',#2615);
#804=VERTEX_POINT('',#2618);
#805=VERTEX_POINT('',#2623);
#806=VERTEX_POINT('',#2626);
#807=VERTEX_POINT('',#2637);
#808=VERTEX_POINT('',#2639);
#809=VERTEX_POINT('',#2642);
#810=VERTEX_POINT('',#2643);
#811=VERTEX_POINT('',#2645);
#812=VERTEX_POINT('',#2646);
#813=VERTEX_POINT('',#2648);
#814=VERTEX_POINT('',#2649);
#815=VERTEX_POINT('',#2651);
#816=VERTEX_POINT('',#2652);
#817=VERTEX_POINT('',#2654);
#818=VERTEX_POINT('',#2655);
#819=VERTEX_POINT('',#2657);
#820=VERTEX_POINT('',#2658);
#821=VERTEX_POINT('',#2665);
#822=VERTEX_POINT('',#2667);
#823=VERTEX_POINT('',#2682);
#824=VERTEX_POINT('',#2683);
#825=VERTEX_POINT('',#2685);
#826=VERTEX_POINT('',#2686);
#827=VERTEX_POINT('',#2688);
#828=VERTEX_POINT('',#2689);
#829=VERTEX_POINT('',#2699);
#830=VERTEX_POINT('',#2700);
#831=VERTEX_POINT('',#2702);
#832=VERTEX_POINT('',#2703);
#833=VERTEX_POINT('',#2710);
#834=VERTEX_POINT('',#2711);
#835=VERTEX_POINT('',#2713);
#836=VERTEX_POINT('',#2714);
#837=EDGE_CURVE('',#665,#666,#609,.T.);
#838=EDGE_CURVE('',#667,#665,#265,.T.);
#839=EDGE_CURVE('',#667,#668,#610,.T.);
#840=EDGE_CURVE('',#668,#666,#266,.T.);
#841=EDGE_CURVE('',#669,#670,#267,.T.);
#842=EDGE_CURVE('',#670,#671,#268,.T.);
#843=EDGE_CURVE('',#672,#671,#269,.T.);
#844=EDGE_CURVE('',#672,#669,#270,.T.);
#845=EDGE_CURVE('',#673,#666,#271,.T.);
#846=EDGE_CURVE('',#668,#674,#272,.T.);
#847=EDGE_CURVE('',#674,#675,#39,.T.);
#848=EDGE_CURVE('',#676,#675,#273,.T.);
#849=EDGE_CURVE('',#677,#676,#274,.T.);
#850=EDGE_CURVE('',#677,#678,#275,.T.);
#851=EDGE_CURVE('',#679,#678,#276,.T.);
#852=EDGE_CURVE('',#673,#679,#277,.T.);
#853=EDGE_CURVE('',#680,#681,#278,.T.);
#854=EDGE_CURVE('',#681,#682,#279,.T.);
#855=EDGE_CURVE('',#683,#682,#280,.T.);
#856=EDGE_CURVE('',#683,#680,#281,.T.);
#857=EDGE_CURVE('',#681,#673,#611,.T.);
#858=EDGE_CURVE('',#682,#679,#612,.T.);
#859=EDGE_CURVE('',#684,#669,#613,.T.);
#860=EDGE_CURVE('',#685,#672,#614,.T.);
#861=EDGE_CURVE('',#684,#685,#282,.T.);
#862=EDGE_CURVE('',#685,#686,#283,.T.);
#863=EDGE_CURVE('',#686,#687,#284,.T.);
#864=EDGE_CURVE('',#687,#688,#285,.T.);
#865=EDGE_CURVE('',#688,#689,#286,.T.);
#866=EDGE_CURVE('',#689,#690,#40,.T.);
#867=EDGE_CURVE('',#691,#690,#287,.T.);
#868=EDGE_CURVE('',#691,#692,#288,.T.);
#869=EDGE_CURVE('',#692,#684,#289,.T.);
#870=EDGE_CURVE('',#693,#694,#290,.T.);
#871=EDGE_CURVE('',#695,#694,#291,.T.);
#872=EDGE_CURVE('',#696,#695,#292,.T.);
#873=EDGE_CURVE('',#693,#696,#293,.T.);
#874=EDGE_CURVE('',#697,#665,#294,.T.);
#875=EDGE_CURVE('',#670,#680,#295,.T.);
#876=EDGE_CURVE('',#697,#692,#615,.T.);
#877=EDGE_CURVE('',#698,#699,#296,.T.);
#878=EDGE_CURVE('',#700,#701,#297,.T.);
#879=EDGE_CURVE('',#702,#703,#298,.T.);
#880=EDGE_CURVE('',#677,#687,#299,.T.);
#881=EDGE_CURVE('',#686,#678,#300,.T.);
#882=EDGE_CURVE('',#697,#696,#616,.T.);
#883=EDGE_CURVE('',#704,#697,#301,.T.);
#884=EDGE_CURVE('',#705,#704,#617,.T.);
#885=EDGE_CURVE('',#696,#705,#302,.T.);
#886=EDGE_CURVE('',#665,#695,#618,.T.);
#887=EDGE_CURVE('',#706,#707,#619,.T.);
#888=EDGE_CURVE('',#708,#706,#303,.T.);
#889=EDGE_CURVE('',#709,#708,#620,.T.);
#890=EDGE_CURVE('',#707,#709,#304,.T.);
#891=EDGE_CURVE('',#710,#706,#305,.T.);
#892=EDGE_CURVE('',#711,#710,#306,.T.);
#893=EDGE_CURVE('',#708,#711,#307,.T.);
#894=EDGE_CURVE('',#712,#712,#621,.T.);
#895=EDGE_CURVE('',#713,#713,#622,.T.);
#896=EDGE_CURVE('',#714,#714,#623,.T.);
#897=EDGE_CURVE('',#715,#710,#624,.T.);
#898=EDGE_CURVE('',#716,#715,#308,.T.);
#899=EDGE_CURVE('',#711,#716,#625,.T.);
#900=EDGE_CURVE('',#717,#715,#309,.T.);
#901=EDGE_CURVE('',#718,#717,#310,.T.);
#902=EDGE_CURVE('',#716,#718,#311,.T.);
#903=EDGE_CURVE('',#719,#720,#312,.T.);
#904=EDGE_CURVE('',#719,#721,#313,.T.);
#905=EDGE_CURVE('',#722,#721,#314,.T.);
#906=EDGE_CURVE('',#722,#720,#315,.T.);
#907=EDGE_CURVE('',#721,#723,#626,.T.);
#908=EDGE_CURVE('',#724,#719,#627,.T.);
#909=EDGE_CURVE('',#723,#724,#316,.T.);
#910=EDGE_CURVE('',#723,#725,#317,.T.);
#911=EDGE_CURVE('',#724,#726,#318,.T.);
#912=EDGE_CURVE('',#726,#725,#319,.T.);
#913=EDGE_CURVE('',#727,#727,#628,.T.);
#914=EDGE_CURVE('',#728,#728,#629,.T.);
#915=EDGE_CURVE('',#729,#729,#630,.T.);
#916=EDGE_CURVE('',#725,#730,#631,.T.);
#917=EDGE_CURVE('',#726,#731,#632,.T.);
#918=EDGE_CURVE('',#730,#731,#320,.T.);
#919=EDGE_CURVE('',#732,#709,#633,.T.);
#920=EDGE_CURVE('',#732,#733,#321,.T.);
#921=EDGE_CURVE('',#733,#734,#634,.T.);
#922=EDGE_CURVE('',#709,#734,#322,.T.);
#923=EDGE_CURVE('',#731,#677,#635,.T.);
#924=EDGE_CURVE('',#731,#707,#323,.T.);
#925=EDGE_CURVE('',#707,#687,#636,.T.);
#926=EDGE_CURVE('',#730,#735,#637,.T.);
#927=EDGE_CURVE('',#736,#730,#324,.T.);
#928=EDGE_CURVE('',#737,#736,#638,.T.);
#929=EDGE_CURVE('',#735,#737,#325,.T.);
#930=EDGE_CURVE('',#738,#739,#326,.T.);
#931=EDGE_CURVE('',#732,#738,#327,.T.);
#932=EDGE_CURVE('',#735,#732,#328,.T.);
#933=EDGE_CURVE('',#739,#735,#329,.T.);
#934=EDGE_CURVE('',#740,#733,#330,.T.);
#935=EDGE_CURVE('',#740,#741,#331,.T.);
#936=EDGE_CURVE('',#741,#737,#332,.T.);
#937=EDGE_CURVE('',#736,#742,#333,.T.);
#938=EDGE_CURVE('',#676,#742,#639,.T.);
#939=EDGE_CURVE('',#689,#675,#334,.T.);
#940=EDGE_CURVE('',#743,#688,#640,.T.);
#941=EDGE_CURVE('',#734,#743,#335,.T.);
#942=EDGE_CURVE('',#738,#744,#336,.T.);
#943=EDGE_CURVE('',#744,#745,#337,.T.);
#944=EDGE_CURVE('',#746,#745,#338,.T.);
#945=EDGE_CURVE('',#746,#747,#339,.T.);
#946=EDGE_CURVE('',#748,#747,#340,.T.);
#947=EDGE_CURVE('',#748,#740,#41,.T.);
#948=EDGE_CURVE('',#748,#749,#341,.T.);
#949=EDGE_CURVE('',#741,#749,#42,.T.);
#950=EDGE_CURVE('',#690,#674,#342,.T.);
#951=EDGE_CURVE('',#747,#750,#641,.T.);
#952=EDGE_CURVE('',#750,#751,#343,.T.);
#953=EDGE_CURVE('',#691,#751,#642,.T.);
#954=EDGE_CURVE('',#752,#667,#344,.T.);
#955=EDGE_CURVE('',#753,#752,#643,.T.);
#956=EDGE_CURVE('',#749,#753,#345,.T.);
#957=EDGE_CURVE('',#753,#754,#346,.T.);
#958=EDGE_CURVE('',#755,#754,#347,.T.);
#959=EDGE_CURVE('',#755,#756,#348,.T.);
#960=EDGE_CURVE('',#739,#756,#349,.T.);
#961=EDGE_CURVE('',#756,#757,#644,.T.);
#962=EDGE_CURVE('',#758,#755,#645,.T.);
#963=EDGE_CURVE('',#757,#758,#350,.T.);
#964=EDGE_CURVE('',#757,#759,#351,.T.);
#965=EDGE_CURVE('',#760,#758,#352,.T.);
#966=EDGE_CURVE('',#760,#759,#353,.T.);
#967=EDGE_CURVE('',#759,#761,#646,.T.);
#968=EDGE_CURVE('',#762,#760,#647,.T.);
#969=EDGE_CURVE('',#761,#762,#354,.T.);
#970=EDGE_CURVE('',#761,#763,#355,.T.);
#971=EDGE_CURVE('',#764,#762,#356,.T.);
#972=EDGE_CURVE('',#763,#764,#357,.T.);
#973=EDGE_CURVE('',#763,#765,#648,.T.);
#974=EDGE_CURVE('',#766,#764,#649,.T.);
#975=EDGE_CURVE('',#765,#766,#358,.T.);
#976=EDGE_CURVE('',#767,#768,#650,.T.);
#977=EDGE_CURVE('',#769,#767,#359,.T.);
#978=EDGE_CURVE('',#770,#769,#651,.T.);
#979=EDGE_CURVE('',#770,#768,#360,.T.);
#980=EDGE_CURVE('',#768,#771,#361,.T.);
#981=EDGE_CURVE('',#772,#770,#362,.T.);
#982=EDGE_CURVE('',#771,#772,#363,.T.);
#983=EDGE_CURVE('',#773,#774,#364,.T.);
#984=EDGE_CURVE('',#773,#775,#365,.T.);
#985=EDGE_CURVE('',#776,#775,#366,.T.);
#986=EDGE_CURVE('',#776,#774,#367,.T.);
#987=EDGE_CURVE('',#775,#772,#368,.T.);
#988=EDGE_CURVE('',#773,#771,#369,.T.);
#989=EDGE_CURVE('',#777,#776,#652,.T.);
#990=EDGE_CURVE('',#778,#777,#370,.T.);
#991=EDGE_CURVE('',#774,#778,#653,.T.);
#992=EDGE_CURVE('',#779,#704,#371,.T.);
#993=EDGE_CURVE('',#780,#779,#654,.T.);
#994=EDGE_CURVE('',#780,#705,#372,.T.);
#995=EDGE_CURVE('',#781,#782,#655,.T.);
#996=EDGE_CURVE('',#782,#783,#373,.T.);
#997=EDGE_CURVE('',#784,#783,#656,.T.);
#998=EDGE_CURVE('',#781,#784,#374,.T.);
#999=EDGE_CURVE('',#785,#781,#375,.T.);
#1000=EDGE_CURVE('',#786,#784,#376,.T.);
#1001=EDGE_CURVE('',#786,#785,#377,.T.);
#1002=EDGE_CURVE('',#787,#785,#657,.T.);
#1003=EDGE_CURVE('',#788,#786,#658,.T.);
#1004=EDGE_CURVE('',#787,#788,#378,.T.);
#1005=EDGE_CURVE('',#789,#787,#379,.T.);
#1006=EDGE_CURVE('',#790,#788,#380,.T.);
#1007=EDGE_CURVE('',#790,#789,#381,.T.);
#1008=EDGE_CURVE('',#744,#789,#659,.T.);
#1009=EDGE_CURVE('',#745,#790,#660,.T.);
#1010=EDGE_CURVE('',#704,#746,#661,.T.);
#1011=EDGE_CURVE('',#750,#704,#382,.T.);
#1012=EDGE_CURVE('',#791,#783,#383,.T.);
#1013=EDGE_CURVE('',#791,#792,#384,.T.);
#1014=EDGE_CURVE('',#792,#766,#385,.T.);
#1015=EDGE_CURVE('',#766,#793,#386,.T.);
#1016=EDGE_CURVE('',#794,#764,#387,.T.);
#1017=EDGE_CURVE('',#762,#795,#388,.T.);
#1018=EDGE_CURVE('',#796,#760,#389,.T.);
#1019=EDGE_CURVE('',#758,#797,#390,.T.);
#1020=EDGE_CURVE('',#798,#755,#391,.T.);
#1021=EDGE_CURVE('',#754,#799,#392,.T.);
#1022=EDGE_CURVE('',#754,#779,#662,.T.);
#1023=EDGE_CURVE('',#800,#726,#393,.T.);
#1024=EDGE_CURVE('',#724,#801,#394,.T.);
#1025=EDGE_CURVE('',#802,#719,#395,.T.);
#1026=EDGE_CURVE('',#717,#720,#396,.T.);
#1027=EDGE_CURVE('',#693,#767,#397,.T.);
#1028=EDGE_CURVE('',#705,#803,#398,.T.);
#1029=EDGE_CURVE('',#769,#803,#399,.T.);
#1030=EDGE_CURVE('',#804,#804,#663,.T.);
#1031=EDGE_CURVE('',#780,#695,#400,.T.);
#1032=EDGE_CURVE('',#778,#694,#401,.T.);
#1033=EDGE_CURVE('',#777,#805,#402,.T.);
#1034=EDGE_CURVE('',#805,#780,#403,.T.);
#1035=EDGE_CURVE('',#806,#806,#664,.T.);
#1036=EDGE_CURVE('',#804,#806,#404,.T.);
#1037=EDGE_CURVE('',#728,#713,#405,.T.);
#1038=EDGE_CURVE('',#729,#712,#406,.T.);
#1039=EDGE_CURVE('',#727,#714,#407,.T.);
#1040=EDGE_CURVE('',#807,#765,#408,.T.);
#1041=EDGE_CURVE('',#808,#807,#409,.T.);
#1042=EDGE_CURVE('',#782,#808,#410,.T.);
#1043=EDGE_CURVE('',#809,#810,#411,.T.);
#1044=EDGE_CURVE('',#811,#812,#412,.T.);
#1045=EDGE_CURVE('',#813,#814,#413,.T.);
#1046=EDGE_CURVE('',#815,#816,#414,.T.);
#1047=EDGE_CURVE('',#817,#818,#415,.T.);
#1048=EDGE_CURVE('',#819,#820,#416,.T.);
#1049=EDGE_CURVE('',#807,#792,#417,.T.);
#1050=EDGE_CURVE('',#808,#791,#418,.T.);
#1051=EDGE_CURVE('',#821,#778,#419,.T.);
#1052=EDGE_CURVE('',#774,#822,#420,.T.);
#1053=EDGE_CURVE('',#779,#752,#421,.T.);
#1054=EDGE_CURVE('',#665,#779,#422,.T.);
#1055=EDGE_CURVE('',#743,#707,#423,.T.);
#1056=EDGE_CURVE('',#731,#742,#424,.T.);
#1057=EDGE_CURVE('',#730,#709,#425,.T.);
#1058=EDGE_CURVE('',#718,#722,#426,.T.);
#1059=EDGE_CURVE('',#823,#824,#427,.T.);
#1060=EDGE_CURVE('',#825,#826,#428,.T.);
#1061=EDGE_CURVE('',#827,#828,#429,.T.);
#1062=EDGE_CURVE('',#671,#683,#430,.T.);
#1063=EDGE_CURVE('',#697,#751,#431,.T.);
#1064=EDGE_CURVE('',#829,#830,#432,.T.);
#1065=EDGE_CURVE('',#831,#832,#433,.T.);
#1066=EDGE_CURVE('',#803,#805,#434,.T.);
#1067=EDGE_CURVE('',#833,#834,#435,.T.);
#1068=EDGE_CURVE('',#835,#836,#436,.T.);
#1069=ORIENTED_EDGE('',*,*,#837,.F.);
#1070=ORIENTED_EDGE('',*,*,#838,.F.);
#1071=ORIENTED_EDGE('',*,*,#839,.T.);
#1072=ORIENTED_EDGE('',*,*,#840,.T.);
#1073=ORIENTED_EDGE('',*,*,#841,.T.);
#1074=ORIENTED_EDGE('',*,*,#842,.T.);
#1075=ORIENTED_EDGE('',*,*,#843,.F.);
#1076=ORIENTED_EDGE('',*,*,#844,.T.);
#1077=ORIENTED_EDGE('',*,*,#845,.T.);
#1078=ORIENTED_EDGE('',*,*,#840,.F.);
#1079=ORIENTED_EDGE('',*,*,#846,.T.);
#1080=ORIENTED_EDGE('',*,*,#847,.T.);
#1081=ORIENTED_EDGE('',*,*,#848,.F.);
#1082=ORIENTED_EDGE('',*,*,#849,.F.);
#1083=ORIENTED_EDGE('',*,*,#850,.T.);
#1084=ORIENTED_EDGE('',*,*,#851,.F.);
#1085=ORIENTED_EDGE('',*,*,#852,.F.);
#1086=ORIENTED_EDGE('',*,*,#853,.T.);
#1087=ORIENTED_EDGE('',*,*,#854,.T.);
#1088=ORIENTED_EDGE('',*,*,#855,.F.);
#1089=ORIENTED_EDGE('',*,*,#856,.T.);
#1090=ORIENTED_EDGE('',*,*,#857,.T.);
#1091=ORIENTED_EDGE('',*,*,#852,.T.);
#1092=ORIENTED_EDGE('',*,*,#858,.F.);
#1093=ORIENTED_EDGE('',*,*,#854,.F.);
#1094=ORIENTED_EDGE('',*,*,#859,.T.);
#1095=ORIENTED_EDGE('',*,*,#844,.F.);
#1096=ORIENTED_EDGE('',*,*,#860,.F.);
#1097=ORIENTED_EDGE('',*,*,#861,.F.);
#1098=ORIENTED_EDGE('',*,*,#862,.T.);
#1099=ORIENTED_EDGE('',*,*,#863,.T.);
#1100=ORIENTED_EDGE('',*,*,#864,.T.);
#1101=ORIENTED_EDGE('',*,*,#865,.T.);
#1102=ORIENTED_EDGE('',*,*,#866,.T.);
#1103=ORIENTED_EDGE('',*,*,#867,.F.);
#1104=ORIENTED_EDGE('',*,*,#868,.T.);
#1105=ORIENTED_EDGE('',*,*,#869,.T.);
#1106=ORIENTED_EDGE('',*,*,#861,.T.);
#1107=ORIENTED_EDGE('',*,*,#870,.T.);
#1108=ORIENTED_EDGE('',*,*,#871,.F.);
#1109=ORIENTED_EDGE('',*,*,#872,.F.);
#1110=ORIENTED_EDGE('',*,*,#873,.F.);
#1111=ORIENTED_EDGE('',*,*,#874,.T.);
#1112=ORIENTED_EDGE('',*,*,#837,.T.);
#1113=ORIENTED_EDGE('',*,*,#845,.F.);
#1114=ORIENTED_EDGE('',*,*,#857,.F.);
#1115=ORIENTED_EDGE('',*,*,#853,.F.);
#1116=ORIENTED_EDGE('',*,*,#875,.F.);
#1117=ORIENTED_EDGE('',*,*,#841,.F.);
#1118=ORIENTED_EDGE('',*,*,#859,.F.);
#1119=ORIENTED_EDGE('',*,*,#869,.F.);
#1120=ORIENTED_EDGE('',*,*,#876,.F.);
#1121=ORIENTED_EDGE('',*,*,#877,.F.);
#1122=ORIENTED_EDGE('',*,*,#877,.T.);
#1123=ORIENTED_EDGE('',*,*,#878,.T.);
#1124=ORIENTED_EDGE('',*,*,#878,.F.);
#1125=ORIENTED_EDGE('',*,*,#879,.T.);
#1126=ORIENTED_EDGE('',*,*,#879,.F.);
#1127=ORIENTED_EDGE('',*,*,#850,.F.);
#1128=ORIENTED_EDGE('',*,*,#880,.T.);
#1129=ORIENTED_EDGE('',*,*,#863,.F.);
#1130=ORIENTED_EDGE('',*,*,#881,.T.);
#1131=ORIENTED_EDGE('',*,*,#882,.F.);
#1132=ORIENTED_EDGE('',*,*,#883,.F.);
#1133=ORIENTED_EDGE('',*,*,#884,.F.);
#1134=ORIENTED_EDGE('',*,*,#885,.F.);
#1135=ORIENTED_EDGE('',*,*,#874,.F.);
#1136=ORIENTED_EDGE('',*,*,#882,.T.);
#1137=ORIENTED_EDGE('',*,*,#872,.T.);
#1138=ORIENTED_EDGE('',*,*,#886,.F.);
#1139=ORIENTED_EDGE('',*,*,#887,.F.);
#1140=ORIENTED_EDGE('',*,*,#888,.F.);
#1141=ORIENTED_EDGE('',*,*,#889,.F.);
#1142=ORIENTED_EDGE('',*,*,#890,.F.);
#1143=ORIENTED_EDGE('',*,*,#891,.F.);
#1144=ORIENTED_EDGE('',*,*,#892,.F.);
#1145=ORIENTED_EDGE('',*,*,#893,.F.);
#1146=ORIENTED_EDGE('',*,*,#888,.T.);
#1147=ORIENTED_EDGE('',*,*,#894,.F.);
#1148=ORIENTED_EDGE('',*,*,#895,.F.);
#1149=ORIENTED_EDGE('',*,*,#896,.F.);
#1150=ORIENTED_EDGE('',*,*,#897,.F.);
#1151=ORIENTED_EDGE('',*,*,#898,.F.);
#1152=ORIENTED_EDGE('',*,*,#899,.F.);
#1153=ORIENTED_EDGE('',*,*,#892,.T.);
#1154=ORIENTED_EDGE('',*,*,#900,.F.);
#1155=ORIENTED_EDGE('',*,*,#901,.F.);
#1156=ORIENTED_EDGE('',*,*,#902,.F.);
#1157=ORIENTED_EDGE('',*,*,#898,.T.);
#1158=ORIENTED_EDGE('',*,*,#903,.F.);
#1159=ORIENTED_EDGE('',*,*,#904,.T.);
#1160=ORIENTED_EDGE('',*,*,#905,.F.);
#1161=ORIENTED_EDGE('',*,*,#906,.T.);
#1162=ORIENTED_EDGE('',*,*,#907,.F.);
#1163=ORIENTED_EDGE('',*,*,#904,.F.);
#1164=ORIENTED_EDGE('',*,*,#908,.F.);
#1165=ORIENTED_EDGE('',*,*,#909,.F.);
#1166=ORIENTED_EDGE('',*,*,#910,.F.);
#1167=ORIENTED_EDGE('',*,*,#909,.T.);
#1168=ORIENTED_EDGE('',*,*,#911,.T.);
#1169=ORIENTED_EDGE('',*,*,#912,.T.);
#1170=ORIENTED_EDGE('',*,*,#913,.F.);
#1171=ORIENTED_EDGE('',*,*,#914,.F.);
#1172=ORIENTED_EDGE('',*,*,#915,.F.);
#1173=ORIENTED_EDGE('',*,*,#916,.F.);
#1174=ORIENTED_EDGE('',*,*,#912,.F.);
#1175=ORIENTED_EDGE('',*,*,#917,.T.);
#1176=ORIENTED_EDGE('',*,*,#918,.F.);
#1177=ORIENTED_EDGE('',*,*,#919,.F.);
#1178=ORIENTED_EDGE('',*,*,#920,.T.);
#1179=ORIENTED_EDGE('',*,*,#921,.T.);
#1180=ORIENTED_EDGE('',*,*,#922,.F.);
#1181=ORIENTED_EDGE('',*,*,#880,.F.);
#1182=ORIENTED_EDGE('',*,*,#923,.F.);
#1183=ORIENTED_EDGE('',*,*,#924,.T.);
#1184=ORIENTED_EDGE('',*,*,#925,.T.);
#1185=ORIENTED_EDGE('',*,*,#926,.F.);
#1186=ORIENTED_EDGE('',*,*,#927,.F.);
#1187=ORIENTED_EDGE('',*,*,#928,.F.);
#1188=ORIENTED_EDGE('',*,*,#929,.F.);
#1189=ORIENTED_EDGE('',*,*,#930,.F.);
#1190=ORIENTED_EDGE('',*,*,#931,.F.);
#1191=ORIENTED_EDGE('',*,*,#932,.F.);
#1192=ORIENTED_EDGE('',*,*,#933,.F.);
#1193=ORIENTED_EDGE('',*,*,#934,.F.);
#1194=ORIENTED_EDGE('',*,*,#935,.T.);
#1195=ORIENTED_EDGE('',*,*,#936,.T.);
#1196=ORIENTED_EDGE('',*,*,#928,.T.);
#1197=ORIENTED_EDGE('',*,*,#937,.T.);
#1198=ORIENTED_EDGE('',*,*,#938,.F.);
#1199=ORIENTED_EDGE('',*,*,#848,.T.);
#1200=ORIENTED_EDGE('',*,*,#939,.F.);
#1201=ORIENTED_EDGE('',*,*,#865,.F.);
#1202=ORIENTED_EDGE('',*,*,#940,.F.);
#1203=ORIENTED_EDGE('',*,*,#941,.F.);
#1204=ORIENTED_EDGE('',*,*,#921,.F.);
#1205=ORIENTED_EDGE('',*,*,#931,.T.);
#1206=ORIENTED_EDGE('',*,*,#942,.T.);
#1207=ORIENTED_EDGE('',*,*,#943,.T.);
#1208=ORIENTED_EDGE('',*,*,#944,.F.);
#1209=ORIENTED_EDGE('',*,*,#945,.T.);
#1210=ORIENTED_EDGE('',*,*,#946,.F.);
#1211=ORIENTED_EDGE('',*,*,#947,.T.);
#1212=ORIENTED_EDGE('',*,*,#934,.T.);
#1213=ORIENTED_EDGE('',*,*,#920,.F.);
#1214=ORIENTED_EDGE('',*,*,#947,.F.);
#1215=ORIENTED_EDGE('',*,*,#948,.T.);
#1216=ORIENTED_EDGE('',*,*,#949,.F.);
#1217=ORIENTED_EDGE('',*,*,#935,.F.);
#1218=ORIENTED_EDGE('',*,*,#866,.F.);
#1219=ORIENTED_EDGE('',*,*,#939,.T.);
#1220=ORIENTED_EDGE('',*,*,#847,.F.);
#1221=ORIENTED_EDGE('',*,*,#950,.F.);
#1222=ORIENTED_EDGE('',*,*,#946,.T.);
#1223=ORIENTED_EDGE('',*,*,#951,.T.);
#1224=ORIENTED_EDGE('',*,*,#952,.T.);
#1225=ORIENTED_EDGE('',*,*,#953,.F.);
#1226=ORIENTED_EDGE('',*,*,#867,.T.);
#1227=ORIENTED_EDGE('',*,*,#950,.T.);
#1228=ORIENTED_EDGE('',*,*,#846,.F.);
#1229=ORIENTED_EDGE('',*,*,#839,.F.);
#1230=ORIENTED_EDGE('',*,*,#954,.F.);
#1231=ORIENTED_EDGE('',*,*,#955,.F.);
#1232=ORIENTED_EDGE('',*,*,#956,.F.);
#1233=ORIENTED_EDGE('',*,*,#948,.F.);
#1234=ORIENTED_EDGE('',*,*,#956,.T.);
#1235=ORIENTED_EDGE('',*,*,#957,.T.);
#1236=ORIENTED_EDGE('',*,*,#958,.F.);
#1237=ORIENTED_EDGE('',*,*,#959,.T.);
#1238=ORIENTED_EDGE('',*,*,#960,.F.);
#1239=ORIENTED_EDGE('',*,*,#933,.T.);
#1240=ORIENTED_EDGE('',*,*,#929,.T.);
#1241=ORIENTED_EDGE('',*,*,#936,.F.);
#1242=ORIENTED_EDGE('',*,*,#949,.T.);
#1243=ORIENTED_EDGE('',*,*,#961,.F.);
#1244=ORIENTED_EDGE('',*,*,#959,.F.);
#1245=ORIENTED_EDGE('',*,*,#962,.F.);
#1246=ORIENTED_EDGE('',*,*,#963,.F.);
#1247=ORIENTED_EDGE('',*,*,#964,.F.);
#1248=ORIENTED_EDGE('',*,*,#963,.T.);
#1249=ORIENTED_EDGE('',*,*,#965,.F.);
#1250=ORIENTED_EDGE('',*,*,#966,.T.);
#1251=ORIENTED_EDGE('',*,*,#967,.F.);
#1252=ORIENTED_EDGE('',*,*,#966,.F.);
#1253=ORIENTED_EDGE('',*,*,#968,.F.);
#1254=ORIENTED_EDGE('',*,*,#969,.F.);
#1255=ORIENTED_EDGE('',*,*,#970,.F.);
#1256=ORIENTED_EDGE('',*,*,#969,.T.);
#1257=ORIENTED_EDGE('',*,*,#971,.F.);
#1258=ORIENTED_EDGE('',*,*,#972,.F.);
#1259=ORIENTED_EDGE('',*,*,#973,.F.);
#1260=ORIENTED_EDGE('',*,*,#972,.T.);
#1261=ORIENTED_EDGE('',*,*,#974,.F.);
#1262=ORIENTED_EDGE('',*,*,#975,.F.);
#1263=ORIENTED_EDGE('',*,*,#976,.F.);
#1264=ORIENTED_EDGE('',*,*,#977,.F.);
#1265=ORIENTED_EDGE('',*,*,#978,.F.);
#1266=ORIENTED_EDGE('',*,*,#979,.T.);
#1267=ORIENTED_EDGE('',*,*,#980,.F.);
#1268=ORIENTED_EDGE('',*,*,#979,.F.);
#1269=ORIENTED_EDGE('',*,*,#981,.F.);
#1270=ORIENTED_EDGE('',*,*,#982,.F.);
#1271=ORIENTED_EDGE('',*,*,#983,.F.);
#1272=ORIENTED_EDGE('',*,*,#984,.T.);
#1273=ORIENTED_EDGE('',*,*,#985,.F.);
#1274=ORIENTED_EDGE('',*,*,#986,.T.);
#1275=ORIENTED_EDGE('',*,*,#982,.T.);
#1276=ORIENTED_EDGE('',*,*,#987,.F.);
#1277=ORIENTED_EDGE('',*,*,#984,.F.);
#1278=ORIENTED_EDGE('',*,*,#988,.T.);
#1279=ORIENTED_EDGE('',*,*,#989,.F.);
#1280=ORIENTED_EDGE('',*,*,#990,.F.);
#1281=ORIENTED_EDGE('',*,*,#991,.F.);
#1282=ORIENTED_EDGE('',*,*,#986,.F.);
#1283=ORIENTED_EDGE('',*,*,#992,.F.);
#1284=ORIENTED_EDGE('',*,*,#993,.F.);
#1285=ORIENTED_EDGE('',*,*,#994,.T.);
#1286=ORIENTED_EDGE('',*,*,#884,.T.);
#1287=ORIENTED_EDGE('',*,*,#995,.T.);
#1288=ORIENTED_EDGE('',*,*,#996,.T.);
#1289=ORIENTED_EDGE('',*,*,#997,.F.);
#1290=ORIENTED_EDGE('',*,*,#998,.F.);
#1291=ORIENTED_EDGE('',*,*,#999,.T.);
#1292=ORIENTED_EDGE('',*,*,#998,.T.);
#1293=ORIENTED_EDGE('',*,*,#1000,.F.);
#1294=ORIENTED_EDGE('',*,*,#1001,.T.);
#1295=ORIENTED_EDGE('',*,*,#1002,.T.);
#1296=ORIENTED_EDGE('',*,*,#1001,.F.);
#1297=ORIENTED_EDGE('',*,*,#1003,.F.);
#1298=ORIENTED_EDGE('',*,*,#1004,.F.);
#1299=ORIENTED_EDGE('',*,*,#1005,.T.);
#1300=ORIENTED_EDGE('',*,*,#1004,.T.);
#1301=ORIENTED_EDGE('',*,*,#1006,.F.);
#1302=ORIENTED_EDGE('',*,*,#1007,.T.);
#1303=ORIENTED_EDGE('',*,*,#1008,.T.);
#1304=ORIENTED_EDGE('',*,*,#1007,.F.);
#1305=ORIENTED_EDGE('',*,*,#1009,.F.);
#1306=ORIENTED_EDGE('',*,*,#943,.F.);
#1307=ORIENTED_EDGE('',*,*,#1010,.F.);
#1308=ORIENTED_EDGE('',*,*,#1011,.F.);
#1309=ORIENTED_EDGE('',*,*,#951,.F.);
#1310=ORIENTED_EDGE('',*,*,#945,.F.);
#1311=ORIENTED_EDGE('',*,*,#992,.T.);
#1312=ORIENTED_EDGE('',*,*,#1010,.T.);
#1313=ORIENTED_EDGE('',*,*,#944,.T.);
#1314=ORIENTED_EDGE('',*,*,#1009,.T.);
#1315=ORIENTED_EDGE('',*,*,#1006,.T.);
#1316=ORIENTED_EDGE('',*,*,#1003,.T.);
#1317=ORIENTED_EDGE('',*,*,#1000,.T.);
#1318=ORIENTED_EDGE('',*,*,#997,.T.);
#1319=ORIENTED_EDGE('',*,*,#1012,.F.);
#1320=ORIENTED_EDGE('',*,*,#1013,.T.);
#1321=ORIENTED_EDGE('',*,*,#1014,.T.);
#1322=ORIENTED_EDGE('',*,*,#1015,.T.);
#1323=ORIENTED_EDGE('',*,*,#1015,.F.);
#1324=ORIENTED_EDGE('',*,*,#974,.T.);
#1325=ORIENTED_EDGE('',*,*,#1016,.F.);
#1326=ORIENTED_EDGE('',*,*,#1016,.T.);
#1327=ORIENTED_EDGE('',*,*,#971,.T.);
#1328=ORIENTED_EDGE('',*,*,#1017,.T.);
#1329=ORIENTED_EDGE('',*,*,#1017,.F.);
#1330=ORIENTED_EDGE('',*,*,#968,.T.);
#1331=ORIENTED_EDGE('',*,*,#1018,.F.);
#1332=ORIENTED_EDGE('',*,*,#1018,.T.);
#1333=ORIENTED_EDGE('',*,*,#965,.T.);
#1334=ORIENTED_EDGE('',*,*,#1019,.T.);
#1335=ORIENTED_EDGE('',*,*,#1019,.F.);
#1336=ORIENTED_EDGE('',*,*,#962,.T.);
#1337=ORIENTED_EDGE('',*,*,#1020,.F.);
#1338=ORIENTED_EDGE('',*,*,#1020,.T.);
#1339=ORIENTED_EDGE('',*,*,#958,.T.);
#1340=ORIENTED_EDGE('',*,*,#1021,.T.);
#1341=ORIENTED_EDGE('',*,*,#1021,.F.);
#1342=ORIENTED_EDGE('',*,*,#1022,.T.);
#1343=ORIENTED_EDGE('',*,*,#917,.F.);
#1344=ORIENTED_EDGE('',*,*,#1023,.F.);
#1345=ORIENTED_EDGE('',*,*,#1023,.T.);
#1346=ORIENTED_EDGE('',*,*,#911,.F.);
#1347=ORIENTED_EDGE('',*,*,#1024,.T.);
#1348=ORIENTED_EDGE('',*,*,#1024,.F.);
#1349=ORIENTED_EDGE('',*,*,#908,.T.);
#1350=ORIENTED_EDGE('',*,*,#1025,.F.);
#1351=ORIENTED_EDGE('',*,*,#1025,.T.);
#1352=ORIENTED_EDGE('',*,*,#903,.T.);
#1353=ORIENTED_EDGE('',*,*,#1026,.F.);
#1354=ORIENTED_EDGE('',*,*,#900,.T.);
#1355=ORIENTED_EDGE('',*,*,#897,.T.);
#1356=ORIENTED_EDGE('',*,*,#891,.T.);
#1357=ORIENTED_EDGE('',*,*,#887,.T.);
#1358=ORIENTED_EDGE('',*,*,#924,.F.);
#1359=ORIENTED_EDGE('',*,*,#977,.T.);
#1360=ORIENTED_EDGE('',*,*,#1027,.F.);
#1361=ORIENTED_EDGE('',*,*,#873,.T.);
#1362=ORIENTED_EDGE('',*,*,#885,.T.);
#1363=ORIENTED_EDGE('',*,*,#1028,.T.);
#1364=ORIENTED_EDGE('',*,*,#1029,.F.);
#1365=ORIENTED_EDGE('',*,*,#1030,.F.);
#1366=ORIENTED_EDGE('',*,*,#1031,.T.);
#1367=ORIENTED_EDGE('',*,*,#871,.T.);
#1368=ORIENTED_EDGE('',*,*,#1032,.F.);
#1369=ORIENTED_EDGE('',*,*,#990,.T.);
#1370=ORIENTED_EDGE('',*,*,#1033,.T.);
#1371=ORIENTED_EDGE('',*,*,#1034,.T.);
#1372=ORIENTED_EDGE('',*,*,#1035,.F.);
#1373=ORIENTED_EDGE('',*,*,#1030,.T.);
#1374=ORIENTED_EDGE('',*,*,#1036,.T.);
#1375=ORIENTED_EDGE('',*,*,#1035,.T.);
#1376=ORIENTED_EDGE('',*,*,#1036,.F.);
#1377=ORIENTED_EDGE('',*,*,#914,.T.);
#1378=ORIENTED_EDGE('',*,*,#1037,.T.);
#1379=ORIENTED_EDGE('',*,*,#895,.T.);
#1380=ORIENTED_EDGE('',*,*,#1037,.F.);
#1381=ORIENTED_EDGE('',*,*,#915,.T.);
#1382=ORIENTED_EDGE('',*,*,#1038,.T.);
#1383=ORIENTED_EDGE('',*,*,#894,.T.);
#1384=ORIENTED_EDGE('',*,*,#1038,.F.);
#1385=ORIENTED_EDGE('',*,*,#913,.T.);
#1386=ORIENTED_EDGE('',*,*,#1039,.T.);
#1387=ORIENTED_EDGE('',*,*,#896,.T.);
#1388=ORIENTED_EDGE('',*,*,#1039,.F.);
#1389=ORIENTED_EDGE('',*,*,#930,.T.);
#1390=ORIENTED_EDGE('',*,*,#960,.T.);
#1391=ORIENTED_EDGE('',*,*,#961,.T.);
#1392=ORIENTED_EDGE('',*,*,#964,.T.);
#1393=ORIENTED_EDGE('',*,*,#967,.T.);
#1394=ORIENTED_EDGE('',*,*,#970,.T.);
#1395=ORIENTED_EDGE('',*,*,#973,.T.);
#1396=ORIENTED_EDGE('',*,*,#1040,.F.);
#1397=ORIENTED_EDGE('',*,*,#1041,.F.);
#1398=ORIENTED_EDGE('',*,*,#1042,.F.);
#1399=ORIENTED_EDGE('',*,*,#995,.F.);
#1400=ORIENTED_EDGE('',*,*,#999,.F.);
#1401=ORIENTED_EDGE('',*,*,#1002,.F.);
#1402=ORIENTED_EDGE('',*,*,#1005,.F.);
#1403=ORIENTED_EDGE('',*,*,#1008,.F.);
#1404=ORIENTED_EDGE('',*,*,#942,.F.);
#1405=ORIENTED_EDGE('',*,*,#1043,.T.);
#1406=ORIENTED_EDGE('',*,*,#1043,.F.);
#1407=ORIENTED_EDGE('',*,*,#1044,.T.);
#1408=ORIENTED_EDGE('',*,*,#1044,.F.);
#1409=ORIENTED_EDGE('',*,*,#1045,.F.);
#1410=ORIENTED_EDGE('',*,*,#1045,.T.);
#1411=ORIENTED_EDGE('',*,*,#1046,.F.);
#1412=ORIENTED_EDGE('',*,*,#1046,.T.);
#1413=ORIENTED_EDGE('',*,*,#1047,.F.);
#1414=ORIENTED_EDGE('',*,*,#1047,.T.);
#1415=ORIENTED_EDGE('',*,*,#1048,.T.);
#1416=ORIENTED_EDGE('',*,*,#1048,.F.);
#1417=ORIENTED_EDGE('',*,*,#975,.T.);
#1418=ORIENTED_EDGE('',*,*,#1014,.F.);
#1419=ORIENTED_EDGE('',*,*,#1049,.F.);
#1420=ORIENTED_EDGE('',*,*,#1040,.T.);
#1421=ORIENTED_EDGE('',*,*,#1041,.T.);
#1422=ORIENTED_EDGE('',*,*,#1049,.T.);
#1423=ORIENTED_EDGE('',*,*,#1013,.F.);
#1424=ORIENTED_EDGE('',*,*,#1050,.F.);
#1425=ORIENTED_EDGE('',*,*,#1051,.T.);
#1426=ORIENTED_EDGE('',*,*,#1032,.T.);
#1427=ORIENTED_EDGE('',*,*,#870,.F.);
#1428=ORIENTED_EDGE('',*,*,#1027,.T.);
#1429=ORIENTED_EDGE('',*,*,#976,.T.);
#1430=ORIENTED_EDGE('',*,*,#980,.T.);
#1431=ORIENTED_EDGE('',*,*,#988,.F.);
#1432=ORIENTED_EDGE('',*,*,#983,.T.);
#1433=ORIENTED_EDGE('',*,*,#1052,.T.);
#1434=ORIENTED_EDGE('',*,*,#1052,.F.);
#1435=ORIENTED_EDGE('',*,*,#991,.T.);
#1436=ORIENTED_EDGE('',*,*,#1051,.F.);
#1437=ORIENTED_EDGE('',*,*,#1053,.F.);
#1438=ORIENTED_EDGE('',*,*,#1022,.F.);
#1439=ORIENTED_EDGE('',*,*,#957,.F.);
#1440=ORIENTED_EDGE('',*,*,#955,.T.);
#1441=ORIENTED_EDGE('',*,*,#838,.T.);
#1442=ORIENTED_EDGE('',*,*,#1054,.T.);
#1443=ORIENTED_EDGE('',*,*,#1053,.T.);
#1444=ORIENTED_EDGE('',*,*,#954,.T.);
#1445=ORIENTED_EDGE('',*,*,#1055,.T.);
#1446=ORIENTED_EDGE('',*,*,#890,.T.);
#1447=ORIENTED_EDGE('',*,*,#922,.T.);
#1448=ORIENTED_EDGE('',*,*,#941,.T.);
#1449=ORIENTED_EDGE('',*,*,#864,.F.);
#1450=ORIENTED_EDGE('',*,*,#925,.F.);
#1451=ORIENTED_EDGE('',*,*,#1055,.F.);
#1452=ORIENTED_EDGE('',*,*,#940,.T.);
#1453=ORIENTED_EDGE('',*,*,#927,.T.);
#1454=ORIENTED_EDGE('',*,*,#918,.T.);
#1455=ORIENTED_EDGE('',*,*,#1056,.T.);
#1456=ORIENTED_EDGE('',*,*,#937,.F.);
#1457=ORIENTED_EDGE('',*,*,#932,.T.);
#1458=ORIENTED_EDGE('',*,*,#919,.T.);
#1459=ORIENTED_EDGE('',*,*,#1057,.F.);
#1460=ORIENTED_EDGE('',*,*,#926,.T.);
#1461=ORIENTED_EDGE('',*,*,#893,.T.);
#1462=ORIENTED_EDGE('',*,*,#899,.T.);
#1463=ORIENTED_EDGE('',*,*,#902,.T.);
#1464=ORIENTED_EDGE('',*,*,#1058,.T.);
#1465=ORIENTED_EDGE('',*,*,#905,.T.);
#1466=ORIENTED_EDGE('',*,*,#907,.T.);
#1467=ORIENTED_EDGE('',*,*,#910,.T.);
#1468=ORIENTED_EDGE('',*,*,#916,.T.);
#1469=ORIENTED_EDGE('',*,*,#1057,.T.);
#1470=ORIENTED_EDGE('',*,*,#889,.T.);
#1471=ORIENTED_EDGE('',*,*,#1059,.T.);
#1472=ORIENTED_EDGE('',*,*,#1059,.F.);
#1473=ORIENTED_EDGE('',*,*,#1060,.F.);
#1474=ORIENTED_EDGE('',*,*,#1060,.T.);
#1475=ORIENTED_EDGE('',*,*,#1061,.F.);
#1476=ORIENTED_EDGE('',*,*,#1061,.T.);
#1477=ORIENTED_EDGE('',*,*,#901,.T.);
#1478=ORIENTED_EDGE('',*,*,#1026,.T.);
#1479=ORIENTED_EDGE('',*,*,#906,.F.);
#1480=ORIENTED_EDGE('',*,*,#1058,.F.);
#1481=ORIENTED_EDGE('',*,*,#875,.T.);
#1482=ORIENTED_EDGE('',*,*,#856,.F.);
#1483=ORIENTED_EDGE('',*,*,#1062,.F.);
#1484=ORIENTED_EDGE('',*,*,#842,.F.);
#1485=ORIENTED_EDGE('',*,*,#996,.F.);
#1486=ORIENTED_EDGE('',*,*,#1042,.T.);
#1487=ORIENTED_EDGE('',*,*,#1050,.T.);
#1488=ORIENTED_EDGE('',*,*,#1012,.T.);
#1489=ORIENTED_EDGE('',*,*,#1063,.F.);
#1490=ORIENTED_EDGE('',*,*,#876,.T.);
#1491=ORIENTED_EDGE('',*,*,#868,.F.);
#1492=ORIENTED_EDGE('',*,*,#953,.T.);
#1493=ORIENTED_EDGE('',*,*,#883,.T.);
#1494=ORIENTED_EDGE('',*,*,#1063,.T.);
#1495=ORIENTED_EDGE('',*,*,#952,.F.);
#1496=ORIENTED_EDGE('',*,*,#1011,.T.);
#1497=ORIENTED_EDGE('',*,*,#1062,.T.);
#1498=ORIENTED_EDGE('',*,*,#855,.T.);
#1499=ORIENTED_EDGE('',*,*,#858,.T.);
#1500=ORIENTED_EDGE('',*,*,#851,.T.);
#1501=ORIENTED_EDGE('',*,*,#881,.F.);
#1502=ORIENTED_EDGE('',*,*,#862,.F.);
#1503=ORIENTED_EDGE('',*,*,#860,.T.);
#1504=ORIENTED_EDGE('',*,*,#843,.T.);
#1505=ORIENTED_EDGE('',*,*,#1064,.T.);
#1506=ORIENTED_EDGE('',*,*,#1064,.F.);
#1507=ORIENTED_EDGE('',*,*,#1065,.F.);
#1508=ORIENTED_EDGE('',*,*,#1065,.T.);
#1509=ORIENTED_EDGE('',*,*,#923,.T.);
#1510=ORIENTED_EDGE('',*,*,#849,.T.);
#1511=ORIENTED_EDGE('',*,*,#938,.T.);
#1512=ORIENTED_EDGE('',*,*,#1056,.F.);
#1513=ORIENTED_EDGE('',*,*,#993,.T.);
#1514=ORIENTED_EDGE('',*,*,#1054,.F.);
#1515=ORIENTED_EDGE('',*,*,#886,.T.);
#1516=ORIENTED_EDGE('',*,*,#1031,.F.);
#1517=ORIENTED_EDGE('',*,*,#1066,.F.);
#1518=ORIENTED_EDGE('',*,*,#1028,.F.);
#1519=ORIENTED_EDGE('',*,*,#994,.F.);
#1520=ORIENTED_EDGE('',*,*,#1034,.F.);
#1521=ORIENTED_EDGE('',*,*,#1066,.T.);
#1522=ORIENTED_EDGE('',*,*,#1033,.F.);
#1523=ORIENTED_EDGE('',*,*,#989,.T.);
#1524=ORIENTED_EDGE('',*,*,#985,.T.);
#1525=ORIENTED_EDGE('',*,*,#987,.T.);
#1526=ORIENTED_EDGE('',*,*,#981,.T.);
#1527=ORIENTED_EDGE('',*,*,#978,.T.);
#1528=ORIENTED_EDGE('',*,*,#1029,.T.);
#1529=ORIENTED_EDGE('',*,*,#1067,.T.);
#1530=ORIENTED_EDGE('',*,*,#1067,.F.);
#1531=ORIENTED_EDGE('',*,*,#1068,.F.);
#1532=ORIENTED_EDGE('',*,*,#1068,.T.);
#1533=CYLINDRICAL_SURFACE('',#1653,3.);
#1534=CYLINDRICAL_SURFACE('',#1660,1.5);
#1535=CYLINDRICAL_SURFACE('',#1663,3.);
#1536=CYLINDRICAL_SURFACE('',#1672,1.5);
#1537=CYLINDRICAL_SURFACE('',#1677,3.);
#1538=CYLINDRICAL_SURFACE('',#1684,1.50000000000001);
#1539=CYLINDRICAL_SURFACE('',#1689,3.00000000000001);
#1540=CYLINDRICAL_SURFACE('',#1696,1.5);
#1541=CYLINDRICAL_SURFACE('',#1699,3.);
#1542=CYLINDRICAL_SURFACE('',#1705,1.5);
#1543=CYLINDRICAL_SURFACE('',#1714,7.99999999999999);
#1544=CYLINDRICAL_SURFACE('',#1716,8.);
#1545=CYLINDRICAL_SURFACE('',#1722,3.);
#1546=CYLINDRICAL_SURFACE('',#1726,2.99999999999999);
#1547=CYLINDRICAL_SURFACE('',#1730,1.50000000000001);
#1548=CYLINDRICAL_SURFACE('',#1733,3.);
#1549=CYLINDRICAL_SURFACE('',#1739,1.5);
#1550=CYLINDRICAL_SURFACE('',#1744,3.00000000000001);
#1551=CYLINDRICAL_SURFACE('',#1748,1.5);
#1552=CYLINDRICAL_SURFACE('',#1752,1.50000000000001);
#1553=CYLINDRICAL_SURFACE('',#1755,3.);
#1554=CYLINDRICAL_SURFACE('',#1764,7.5);
#1555=CYLINDRICAL_SURFACE('',#1765,2.);
#1556=CYLINDRICAL_SURFACE('',#1766,2.);
#1557=CYLINDRICAL_SURFACE('',#1767,2.);
#1558=CYLINDRICAL_SURFACE('',#1772,1.5);
#1559=CYLINDRICAL_SURFACE('',#1775,1.5);
#1560=CYLINDRICAL_SURFACE('',#1782,1.5);
#1561=CYLINDRICAL_SURFACE('',#1785,3.);
#1562=CYLINDRICAL_SURFACE('',#1786,3.);
#1563=ADVANCED_FACE('',(#89),#1533,.T.);
#1564=ADVANCED_FACE('',(#90),#43,.T.);
#1565=ADVANCED_FACE('',(#91),#44,.F.);
#1566=ADVANCED_FACE('',(#92),#45,.F.);
#1567=ADVANCED_FACE('',(#93),#1534,.F.);
#1568=ADVANCED_FACE('',(#94),#1535,.T.);
#1569=ADVANCED_FACE('',(#95),#46,.T.);
#1570=ADVANCED_FACE('',(#96),#47,.F.);
#1571=ADVANCED_FACE('',(#97,#15,#16,#17),#48,.T.);
#1572=ADVANCED_FACE('',(#98),#49,.F.);
#1573=ADVANCED_FACE('',(#99),#1536,.F.);
#1574=ADVANCED_FACE('',(#100),#50,.T.);
#1575=ADVANCED_FACE('',(#101),#1537,.T.);
#1576=ADVANCED_FACE('',(#102,#18,#19,#20),#51,.T.);
#1577=ADVANCED_FACE('',(#103),#1538,.F.);
#1578=ADVANCED_FACE('',(#104),#52,.T.);
#1579=ADVANCED_FACE('',(#105),#53,.F.);
#1580=ADVANCED_FACE('',(#106),#1539,.T.);
#1581=ADVANCED_FACE('',(#107,#21,#22,#23),#54,.F.);
#1582=ADVANCED_FACE('',(#108),#1540,.F.);
#1583=ADVANCED_FACE('',(#109),#1541,.T.);
#1584=ADVANCED_FACE('',(#110),#55,.T.);
#1585=ADVANCED_FACE('',(#111),#1542,.F.);
#1586=ADVANCED_FACE('',(#112),#56,.F.);
#1587=ADVANCED_FACE('',(#113),#57,.F.);
#1588=ADVANCED_FACE('',(#114),#58,.T.);
#1589=ADVANCED_FACE('',(#115),#1543,.F.);
#1590=ADVANCED_FACE('',(#116),#1544,.F.);
#1591=ADVANCED_FACE('',(#117),#59,.F.);
#1592=ADVANCED_FACE('',(#118),#60,.F.);
#1593=ADVANCED_FACE('',(#119),#1545,.T.);
#1594=ADVANCED_FACE('',(#120),#61,.T.);
#1595=ADVANCED_FACE('',(#121),#1546,.T.);
#1596=ADVANCED_FACE('',(#122),#62,.F.);
#1597=ADVANCED_FACE('',(#123),#1547,.F.);
#1598=ADVANCED_FACE('',(#124),#1548,.T.);
#1599=ADVANCED_FACE('',(#125),#63,.T.);
#1600=ADVANCED_FACE('',(#126),#64,.F.);
#1601=ADVANCED_FACE('',(#127),#65,.T.);
#1602=ADVANCED_FACE('',(#128),#1549,.F.);
#1603=ADVANCED_FACE('',(#129),#66,.F.);
#1604=ADVANCED_FACE('',(#130),#1550,.T.);
#1605=ADVANCED_FACE('',(#131),#67,.T.);
#1606=ADVANCED_FACE('',(#132),#1551,.F.);
#1607=ADVANCED_FACE('',(#133),#68,.F.);
#1608=ADVANCED_FACE('',(#134),#1552,.F.);
#1609=ADVANCED_FACE('',(#135),#1553,.T.);
#1610=ADVANCED_FACE('',(#136),#69,.T.);
#1611=ADVANCED_FACE('',(#137),#70,.T.);
#1612=ADVANCED_FACE('',(#138,#24),#71,.T.);
#1613=ADVANCED_FACE('',(#139,#25),#72,.F.);
#1614=ADVANCED_FACE('',(#140),#1554,.F.);
#1615=ADVANCED_FACE('',(#141),#1555,.F.);
#1616=ADVANCED_FACE('',(#142),#1556,.F.);
#1617=ADVANCED_FACE('',(#143),#1557,.F.);
#1618=ADVANCED_FACE('',(#144,#26,#27,#28,#29,#30,#31),#73,.T.);
#1619=ADVANCED_FACE('',(#145),#74,.F.);
#1620=ADVANCED_FACE('',(#146),#75,.T.);
#1621=ADVANCED_FACE('',(#147),#76,.T.);
#1622=ADVANCED_FACE('',(#148),#1558,.F.);
#1623=ADVANCED_FACE('',(#149),#77,.F.);
#1624=ADVANCED_FACE('',(#150),#78,.T.);
#1625=ADVANCED_FACE('',(#151),#1559,.F.);
#1626=ADVANCED_FACE('',(#152),#79,.F.);
#1627=ADVANCED_FACE('',(#153),#80,.T.);
#1628=ADVANCED_FACE('',(#154,#32,#33,#34),#81,.T.);
#1629=ADVANCED_FACE('',(#155),#82,.T.);
#1630=ADVANCED_FACE('',(#156),#83,.T.);
#1631=ADVANCED_FACE('',(#157),#84,.T.);
#1632=ADVANCED_FACE('',(#158),#1560,.F.);
#1633=ADVANCED_FACE('',(#159),#85,.T.);
#1634=ADVANCED_FACE('',(#160,#35,#36),#86,.T.);
#1635=ADVANCED_FACE('',(#161),#1561,.T.);
#1636=ADVANCED_FACE('',(#162),#1562,.T.);
#1637=ADVANCED_FACE('',(#163),#87,.F.);
#1638=ADVANCED_FACE('',(#164,#37,#38),#88,.T.);
#1639=CLOSED_SHELL('',(#1563,#1564,#1565,#1566,#1567,#1568,#1569,#1570,
#1571,#1572,#1573,#1574,#1575,#1576,#1577,#1578,#1579,#1580,#1581,#1582,
#1583,#1584,#1585,#1586,#1587,#1588,#1589,#1590,#1591,#1592,#1593,#1594,
#1595,#1596,#1597,#1598,#1599,#1600,#1601,#1602,#1603,#1604,#1605,#1606,
#1607,#1608,#1609,#1610,#1611,#1612,#1613,#1614,#1615,#1616,#1617,#1618,
#1619,#1620,#1621,#1622,#1623,#1624,#1625,#1626,#1627,#1628,#1629,#1630,
#1631,#1632,#1633,#1634,#1635,#1636,#1637,#1638));
#1640=DERIVED_UNIT_ELEMENT(#1642,1.);
#1641=DERIVED_UNIT_ELEMENT(#2721,3.);
#1642=(
MASS_UNIT()
NAMED_UNIT(*)
SI_UNIT(.KILO.,.GRAM.)
);
#1643=DERIVED_UNIT((#1640,#1641));
#1644=MEASURE_REPRESENTATION_ITEM('density measure',
POSITIVE_RATIO_MEASURE(7850.),#1643);
#1645=PROPERTY_DEFINITION_REPRESENTATION(#1650,#1647);
#1646=PROPERTY_DEFINITION_REPRESENTATION(#1651,#1648);
#1647=REPRESENTATION('material name',(#1649),#2718);
#1648=REPRESENTATION('density',(#1644),#2718);
#1649=DESCRIPTIVE_REPRESENTATION_ITEM('Steel','Steel');
#1650=PROPERTY_DEFINITION('material property','material name',#2728);
#1651=PROPERTY_DEFINITION('material property','density of part',#2728);
#1652=AXIS2_PLACEMENT_3D('placement',#2235,#1789,#1790);
#1653=AXIS2_PLACEMENT_3D('',#2236,#1791,#1792);
#1654=AXIS2_PLACEMENT_3D('',#2239,#1793,#1794);
#1655=AXIS2_PLACEMENT_3D('',#2243,#1796,#1797);
#1656=AXIS2_PLACEMENT_3D('',#2245,#1799,#1800);
#1657=AXIS2_PLACEMENT_3D('',#2254,#1805,#1806);
#1658=AXIS2_PLACEMENT_3D('',#2260,#1809,#1810);
#1659=AXIS2_PLACEMENT_3D('',#2270,#1816,#1817);
#1660=AXIS2_PLACEMENT_3D('',#2279,#1822,#1823);
#1661=AXIS2_PLACEMENT_3D('',#2280,#1824,#1825);
#1662=AXIS2_PLACEMENT_3D('',#2281,#1826,#1827);
#1663=AXIS2_PLACEMENT_3D('',#2282,#1828,#1829);
#1664=AXIS2_PLACEMENT_3D('',#2284,#1830,#1831);
#1665=AXIS2_PLACEMENT_3D('',#2286,#1832,#1833);
#1666=AXIS2_PLACEMENT_3D('',#2288,#1835,#1836);
#1667=AXIS2_PLACEMENT_3D('',#2298,#1841,#1842);
#1668=AXIS2_PLACEMENT_3D('',#2304,#1846,#1847);
#1669=AXIS2_PLACEMENT_3D('',#2313,#1852,#1853);
#1670=AXIS2_PLACEMENT_3D('',#2317,#1856,#1857);
#1671=AXIS2_PLACEMENT_3D('',#2327,#1861,#1862);
#1672=AXIS2_PLACEMENT_3D('',#2330,#1865,#1866);
#1673=AXIS2_PLACEMENT_3D('',#2331,#1867,#1868);
#1674=AXIS2_PLACEMENT_3D('',#2335,#1870,#1871);
#1675=AXIS2_PLACEMENT_3D('',#2337,#1873,#1874);
#1676=AXIS2_PLACEMENT_3D('',#2338,#1875,#1876);
#1677=AXIS2_PLACEMENT_3D('',#2339,#1877,#1878);
#1678=AXIS2_PLACEMENT_3D('',#2342,#1879,#1880);
#1679=AXIS2_PLACEMENT_3D('',#2346,#1882,#1883);
#1680=AXIS2_PLACEMENT_3D('',#2348,#1885,#1886);
#1681=AXIS2_PLACEMENT_3D('',#2355,#1890,#1891);
#1682=AXIS2_PLACEMENT_3D('',#2357,#1892,#1893);
#1683=AXIS2_PLACEMENT_3D('',#2359,#1894,#1895);
#1684=AXIS2_PLACEMENT_3D('',#2360,#1896,#1897);
#1685=AXIS2_PLACEMENT_3D('',#2362,#1898,#1899);
#1686=AXIS2_PLACEMENT_3D('',#2365,#1901,#1902);
#1687=AXIS2_PLACEMENT_3D('',#2366,#1903,#1904);
#1688=AXIS2_PLACEMENT_3D('',#2372,#1908,#1909);
#1689=AXIS2_PLACEMENT_3D('',#2381,#1914,#1915);
#1690=AXIS2_PLACEMENT_3D('',#2383,#1916,#1917);
#1691=AXIS2_PLACEMENT_3D('',#2385,#1918,#1919);
#1692=AXIS2_PLACEMENT_3D('',#2387,#1921,#1922);
#1693=AXIS2_PLACEMENT_3D('',#2394,#1926,#1927);
#1694=AXIS2_PLACEMENT_3D('',#2396,#1928,#1929);
#1695=AXIS2_PLACEMENT_3D('',#2398,#1930,#1931);
#1696=AXIS2_PLACEMENT_3D('',#2399,#1932,#1933);
#1697=AXIS2_PLACEMENT_3D('',#2401,#1934,#1935);
#1698=AXIS2_PLACEMENT_3D('',#2403,#1936,#1937);
#1699=AXIS2_PLACEMENT_3D('',#2405,#1939,#1940);
#1700=AXIS2_PLACEMENT_3D('',#2407,#1941,#1942);
#1701=AXIS2_PLACEMENT_3D('',#2411,#1944,#1945);
#1702=AXIS2_PLACEMENT_3D('',#2413,#1947,#1948);
#1703=AXIS2_PLACEMENT_3D('',#2414,#1949,#1950);
#1704=AXIS2_PLACEMENT_3D('',#2416,#1952,#1953);
#1705=AXIS2_PLACEMENT_3D('',#2417,#1954,#1955);
#1706=AXIS2_PLACEMENT_3D('',#2419,#1956,#1957);
#1707=AXIS2_PLACEMENT_3D('',#2423,#1959,#1960);
#1708=AXIS2_PLACEMENT_3D('',#2425,#1962,#1963);
#1709=AXIS2_PLACEMENT_3D('',#2432,#1968,#1969);
#1710=AXIS2_PLACEMENT_3D('',#2440,#1974,#1975);
#1711=AXIS2_PLACEMENT_3D('',#2443,#1977,#1978);
#1712=AXIS2_PLACEMENT_3D('',#2445,#1980,#1981);
#1713=AXIS2_PLACEMENT_3D('',#2456,#1987,#1988);
#1714=AXIS2_PLACEMENT_3D('',#2457,#1989,#1990);
#1715=AXIS2_PLACEMENT_3D('',#2460,#1992,#1993);
#1716=AXIS2_PLACEMENT_3D('',#2461,#1994,#1995);
#1717=AXIS2_PLACEMENT_3D('',#2463,#1997,#1998);
#1718=AXIS2_PLACEMENT_3D('',#2465,#1999,#2000);
#1719=AXIS2_PLACEMENT_3D('',#2468,#2002,#2003);
#1720=AXIS2_PLACEMENT_3D('',#2472,#2005,#2006);
#1721=AXIS2_PLACEMENT_3D('',#2474,#2008,#2009);
#1722=AXIS2_PLACEMENT_3D('',#2482,#2014,#2015);
#1723=AXIS2_PLACEMENT_3D('',#2484,#2016,#2017);
#1724=AXIS2_PLACEMENT_3D('',#2486,#2018,#2019);
#1725=AXIS2_PLACEMENT_3D('',#2488,#2021,#2022);
#1726=AXIS2_PLACEMENT_3D('',#2494,#2026,#2027);
#1727=AXIS2_PLACEMENT_3D('',#2496,#2028,#2029);
#1728=AXIS2_PLACEMENT_3D('',#2498,#2030,#2031);
#1729=AXIS2_PLACEMENT_3D('',#2500,#2033,#2034);
#1730=AXIS2_PLACEMENT_3D('',#2506,#2038,#2039);
#1731=AXIS2_PLACEMENT_3D('',#2508,#2040,#2041);
#1732=AXIS2_PLACEMENT_3D('',#2510,#2042,#2043);
#1733=AXIS2_PLACEMENT_3D('',#2512,#2045,#2046);
#1734=AXIS2_PLACEMENT_3D('',#2515,#2047,#2048);
#1735=AXIS2_PLACEMENT_3D('',#2519,#2050,#2051);
#1736=AXIS2_PLACEMENT_3D('',#2521,#2053,#2054);
#1737=AXIS2_PLACEMENT_3D('',#2527,#2058,#2059);
#1738=AXIS2_PLACEMENT_3D('',#2536,#2064,#2065);
#1739=AXIS2_PLACEMENT_3D('',#2539,#2068,#2069);
#1740=AXIS2_PLACEMENT_3D('',#2541,#2070,#2071);
#1741=AXIS2_PLACEMENT_3D('',#2544,#2073,#2074);
#1742=AXIS2_PLACEMENT_3D('',#2545,#2075,#2076);
#1743=AXIS2_PLACEMENT_3D('',#2549,#2078,#2079);
#1744=AXIS2_PLACEMENT_3D('',#2551,#2081,#2082);
#1745=AXIS2_PLACEMENT_3D('',#2554,#2083,#2084);
#1746=AXIS2_PLACEMENT_3D('',#2558,#2086,#2087);
#1747=AXIS2_PLACEMENT_3D('',#2560,#2089,#2090);
#1748=AXIS2_PLACEMENT_3D('',#2566,#2094,#2095);
#1749=AXIS2_PLACEMENT_3D('',#2568,#2096,#2097);
#1750=AXIS2_PLACEMENT_3D('',#2570,#2098,#2099);
#1751=AXIS2_PLACEMENT_3D('',#2572,#2101,#2102);
#1752=AXIS2_PLACEMENT_3D('',#2578,#2106,#2107);
#1753=AXIS2_PLACEMENT_3D('',#2579,#2108,#2109);
#1754=AXIS2_PLACEMENT_3D('',#2580,#2110,#2111);
#1755=AXIS2_PLACEMENT_3D('',#2581,#2112,#2113);
#1756=AXIS2_PLACEMENT_3D('',#2582,#2114,#2115);
#1757=AXIS2_PLACEMENT_3D('',#2584,#2117,#2118);
#1758=AXIS2_PLACEMENT_3D('',#2604,#2129,#2130);
#1759=AXIS2_PLACEMENT_3D('',#2605,#2131,#2132);
#1760=AXIS2_PLACEMENT_3D('',#2613,#2137,#2138);
#1761=AXIS2_PLACEMENT_3D('',#2619,#2142,#2143);
#1762=AXIS2_PLACEMENT_3D('',#2620,#2144,#2145);
#1763=AXIS2_PLACEMENT_3D('',#2627,#2150,#2151);
#1764=AXIS2_PLACEMENT_3D('',#2628,#2152,#2153);
#1765=AXIS2_PLACEMENT_3D('',#2630,#2155,#2156);
#1766=AXIS2_PLACEMENT_3D('',#2632,#2158,#2159);
#1767=AXIS2_PLACEMENT_3D('',#2634,#2161,#2162);
#1768=AXIS2_PLACEMENT_3D('',#2636,#2164,#2165);
#1769=AXIS2_PLACEMENT_3D('',#2660,#2175,#2176);
#1770=AXIS2_PLACEMENT_3D('',#2662,#2178,#2179);
#1771=AXIS2_PLACEMENT_3D('',#2664,#2181,#2182);
#1772=AXIS2_PLACEMENT_3D('',#2669,#2185,#2186);
#1773=AXIS2_PLACEMENT_3D('',#2671,#2188,#2189);
#1774=AXIS2_PLACEMENT_3D('',#2673,#2191,#2192);
#1775=AXIS2_PLACEMENT_3D('',#2675,#2194,#2195);
#1776=AXIS2_PLACEMENT_3D('',#2676,#2196,#2197);
#1777=AXIS2_PLACEMENT_3D('',#2678,#2199,#2200);
#1778=AXIS2_PLACEMENT_3D('',#2680,#2202,#2203);
#1779=AXIS2_PLACEMENT_3D('',#2691,#2208,#2209);
#1780=AXIS2_PLACEMENT_3D('',#2692,#2210,#2211);
#1781=AXIS2_PLACEMENT_3D('',#2694,#2213,#2214);
#1782=AXIS2_PLACEMENT_3D('',#2695,#2215,#2216);
#1783=AXIS2_PLACEMENT_3D('',#2697,#2218,#2219);
#1784=AXIS2_PLACEMENT_3D('',#2698,#2220,#2221);
#1785=AXIS2_PLACEMENT_3D('',#2705,#2224,#2225);
#1786=AXIS2_PLACEMENT_3D('',#2706,#2226,#2227);
#1787=AXIS2_PLACEMENT_3D('',#2707,#2228,#2229);
#1788=AXIS2_PLACEMENT_3D('',#2709,#2231,#2232);
#1789=DIRECTION('axis',(0.,0.,1.));
#1790=DIRECTION('refdir',(1.,0.,0.));
#1791=DIRECTION('center_axis',(1.,-2.22044604925031E-16,0.));
#1792=DIRECTION('ref_axis',(0.,0.,-1.));
#1793=DIRECTION('center_axis',(1.,-2.21450110269764E-16,2.46247748970126E-19));
#1794=DIRECTION('ref_axis',(0.,0.,-1.));
#1795=DIRECTION('',(1.,-2.22044604925031E-16,0.));
#1796=DIRECTION('center_axis',(1.,-1.54198988417896E-16,-1.49746258196962E-32));
#1797=DIRECTION('ref_axis',(0.,0.,-1.));
#1798=DIRECTION('',(1.,-2.22044604925031E-16,0.));
#1799=DIRECTION('center_axis',(4.15676970157381E-18,2.22044604925031E-16,
1.));
#1800=DIRECTION('ref_axis',(2.22044604925031E-16,1.,-2.22044604925031E-16));
#1801=DIRECTION('',(2.21450110269764E-16,1.,-2.22044604925031E-16));
#1802=DIRECTION('',(-1.,2.21450110269764E-16,4.15676970157376E-18));
#1803=DIRECTION('',(2.22044604925031E-16,1.,-2.22044604925031E-16));
#1804=DIRECTION('',(1.,-2.21450110269764E-16,-4.15676970157376E-18));
#1805=DIRECTION('center_axis',(-1.56168503464139E-16,-0.707106781186546,
0.70710678118655));
#1806=DIRECTION('ref_axis',(1.57009245868378E-16,0.70710678118655,0.707106781186546));
#1807=DIRECTION('',(-1.5641475121311E-16,-0.707106781186549,-0.707106781186545));
#1808=DIRECTION('',(1.090351503624E-16,0.707106781186549,0.707106781186545));
#1809=DIRECTION('center_axis',(-1.56168503464139E-16,-0.707106781186546,
0.70710678118655));
#1810=DIRECTION('ref_axis',(-1.57009245868378E-16,-0.70710678118655,-0.707106781186545));
#1811=DIRECTION('',(2.04983341374356E-16,0.707106781186549,0.707106781186545));
#1812=DIRECTION('',(1.,-2.22044604925031E-16,0.));
#1813=DIRECTION('',(-1.,2.21450110269764E-16,5.94494655267529E-19));
#1814=DIRECTION('',(-1.57009245868378E-16,-0.707106781186549,-0.707106781186545));
#1815=DIRECTION('',(-1.,2.21450110269764E-16,5.94494655267529E-19));
#1816=DIRECTION('center_axis',(-5.19964238083193E-18,2.22044604925031E-16,
1.));
#1817=DIRECTION('ref_axis',(2.22044604925031E-16,1.,-2.22044604925031E-16));
#1818=DIRECTION('',(-2.21450110269764E-16,-1.,2.22044604925031E-16));
#1819=DIRECTION('',(-1.,2.21450110269764E-16,-5.19964238083198E-18));
#1820=DIRECTION('',(-2.22044604925031E-16,-1.,2.22044604925031E-16));
#1821=DIRECTION('',(1.,-2.21450110269764E-16,5.19964238083198E-18));
#1822=DIRECTION('center_axis',(-1.,2.21450110269764E-16,5.94494655267529E-19));
#1823=DIRECTION('ref_axis',(-1.56168503464139E-16,-0.707106781186545,0.70710678118655));
#1824=DIRECTION('center_axis',(1.,-2.21450110269764E-16,2.46247748970126E-19));
#1825=DIRECTION('ref_axis',(-1.56168503464139E-16,-0.707106781186545,0.70710678118655));
#1826=DIRECTION('center_axis',(1.,-2.22044604925031E-16,0.));
#1827=DIRECTION('ref_axis',(-1.56168503464139E-16,-0.707106781186545,0.70710678118655));
#1828=DIRECTION('center_axis',(-1.,2.21450110269764E-16,5.94494655267529E-19));
#1829=DIRECTION('ref_axis',(-1.56168503464139E-16,-0.707106781186545,0.70710678118655));
#1830=DIRECTION('center_axis',(-1.,2.21450110269764E-16,-2.46247748970126E-19));
#1831=DIRECTION('ref_axis',(-1.56168503464139E-16,-0.707106781186545,0.70710678118655));
#1832=DIRECTION('center_axis',(-1.,2.22044604925031E-16,0.));
#1833=DIRECTION('ref_axis',(-1.56168503464139E-16,-0.707106781186545,0.70710678118655));
#1834=DIRECTION('',(-1.,2.22639099580299E-16,-5.94494655267495E-19));
#1835=DIRECTION('center_axis',(-1.57849988272615E-16,-0.707106781186546,
0.70710678118655));
#1836=DIRECTION('ref_axis',(1.57009245868378E-16,0.70710678118655,0.707106781186546));
#1837=DIRECTION('',(-1.57009245868378E-16,-0.707106781186549,-0.707106781186545));
#1838=DIRECTION('',(1.,-2.22044604925031E-16,0.));
#1839=DIRECTION('',(1.,-2.22044604925031E-16,0.));
#1840=DIRECTION('',(2.04983341374356E-16,0.70710678118655,0.707106781186546));
#1841=DIRECTION('center_axis',(1.57849988272615E-16,0.707106781186546,-0.70710678118655));
#1842=DIRECTION('ref_axis',(-1.57009245868378E-16,-0.70710678118655,-0.707106781186545));
#1843=DIRECTION('',(1.090351503624E-16,0.707106781186549,0.707106781186545));
#1844=DIRECTION('',(1.,-2.22044604925031E-16,0.));
#1845=DIRECTION('',(1.5641475121311E-16,0.707106781186549,0.707106781186545));
#1846=DIRECTION('center_axis',(0.707106781186547,-1.57009245868377E-16,
0.707106781186548));
#1847=DIRECTION('ref_axis',(2.22044604925031E-16,1.,0.));
#1848=DIRECTION('',(0.707106781186548,-1.57009245868378E-16,-0.707106781186547));
#1849=DIRECTION('',(2.22044604925031E-16,1.,6.834782761072E-34));
#1850=DIRECTION('',(0.707106781186548,-1.57009245868378E-16,-0.707106781186547));
#1851=DIRECTION('',(-2.22044604925031E-16,-1.,1.3669565522144E-34));
#1852=DIRECTION('center_axis',(1.,-2.21450110269764E-16,2.46247748970126E-19));
#1853=DIRECTION('ref_axis',(-1.56414751213109E-16,-0.707106781186545,-0.70710678118655));
#1854=DIRECTION('',(0.,0.,-1.));
#1855=DIRECTION('',(2.46247748969757E-19,-1.66533453693773E-15,-1.));
#1856=DIRECTION('center_axis',(1.,-2.21450110269764E-16,2.46247748970126E-19));
#1857=DIRECTION('ref_axis',(0.,0.,-1.));
#1858=DIRECTION('',(1.57009245868377E-16,0.707106781186546,-0.707106781186549));
#1859=DIRECTION('',(-1.57009245868377E-16,-0.707106781186546,0.707106781186549));
#1860=DIRECTION('',(2.46247748970052E-19,-3.33066907387547E-16,-1.));
#1861=DIRECTION('center_axis',(1.57009245868378E-16,0.707106781186549,0.707106781186546));
#1862=DIRECTION('ref_axis',(1.57009245868377E-16,0.707106781186546,-0.707106781186549));
#1863=DIRECTION('',(-1.57009245868377E-16,-0.707106781186546,0.707106781186549));
#1864=DIRECTION('',(1.57009245868377E-16,0.707106781186546,-0.707106781186549));
#1865=DIRECTION('center_axis',(-2.22044604925031E-16,-1.,0.));
#1866=DIRECTION('ref_axis',(0.,0.,-1.));
#1867=DIRECTION('center_axis',(-2.22044604925031E-16,-1.,0.));
#1868=DIRECTION('ref_axis',(0.,0.,-1.));
#1869=DIRECTION('',(2.21450110269764E-16,1.,0.));
#1870=DIRECTION('center_axis',(2.22044604925031E-16,1.,0.));
#1871=DIRECTION('ref_axis',(0.,0.,-1.));
#1872=DIRECTION('',(-2.22044604925031E-16,-1.,0.));
#1873=DIRECTION('center_axis',(2.22044604925031E-16,1.,0.));
#1874=DIRECTION('ref_axis',(0.,0.,-1.));
#1875=DIRECTION('center_axis',(-2.22044604925035E-16,-1.,9.7060959482856E-30));
#1876=DIRECTION('ref_axis',(-2.15518624020156E-45,-9.7060959482856E-30,
-1.));
#1877=DIRECTION('center_axis',(-2.22044604925031E-16,-1.,0.));
#1878=DIRECTION('ref_axis',(0.,0.,1.));
#1879=DIRECTION('center_axis',(2.22044604925031E-16,1.,0.));
#1880=DIRECTION('ref_axis',(0.,0.,1.));
#1881=DIRECTION('',(2.22179252515905E-16,1.,-1.34647590874106E-19));
#1882=DIRECTION('center_axis',(-2.22044604925031E-16,-1.,0.));
#1883=DIRECTION('ref_axis',(0.,0.,1.));
#1884=DIRECTION('',(-2.22044604925031E-16,-1.,0.));
#1885=DIRECTION('center_axis',(-0.707106781186545,1.57199666317532E-16,
0.70710678118655));
#1886=DIRECTION('ref_axis',(2.22179252515905E-16,1.,-1.34647590874106E-19));
#1887=DIRECTION('',(0.70710678118655,-1.57009245868378E-16,0.707106781186545));
#1888=DIRECTION('',(2.22179252515905E-16,1.,-1.34647590874106E-19));
#1889=DIRECTION('',(-0.70710678118655,1.57009245868378E-16,-0.707106781186545));
#1890=DIRECTION('center_axis',(-0.707106781186545,1.57199666317532E-16,
0.70710678118655));
#1891=DIRECTION('ref_axis',(2.22179252515905E-16,1.,-1.34647590874106E-19));
#1892=DIRECTION('center_axis',(-0.707106781186545,1.57199666317532E-16,
0.70710678118655));
#1893=DIRECTION('ref_axis',(2.22179252515905E-16,1.,-1.34647590874106E-19));
#1894=DIRECTION('center_axis',(-0.707106781186545,1.57199666317532E-16,
0.70710678118655));
#1895=DIRECTION('ref_axis',(2.22179252515905E-16,1.,-1.34647590874106E-19));
#1896=DIRECTION('center_axis',(2.22179252515905E-16,1.,-1.34647590874106E-19));
#1897=DIRECTION('ref_axis',(0.707106781186545,-1.57199666317532E-16,-0.70710678118655));
#1898=DIRECTION('center_axis',(-2.22044604925031E-16,-1.,0.));
#1899=DIRECTION('ref_axis',(0.707106781186545,-1.57199666317532E-16,-0.70710678118655));
#1900=DIRECTION('',(2.22179252515905E-16,1.,1.58615933259494E-17));
#1901=DIRECTION('center_axis',(2.22044604925031E-16,1.,0.));
#1902=DIRECTION('ref_axis',(0.707106781186545,-1.57199666317532E-16,-0.70710678118655));
#1903=DIRECTION('center_axis',(-2.22044604925031E-16,-1.58615933259494E-17,
1.));
#1904=DIRECTION('ref_axis',(2.22044604925031E-16,1.,1.58615933259494E-17));
#1905=DIRECTION('',(1.,-2.22044604925031E-16,2.22044604925031E-16));
#1906=DIRECTION('',(2.22179252515905E-16,1.,1.58615933259494E-17));
#1907=DIRECTION('',(-1.,2.22044604925031E-16,-2.22044604925031E-16));
#1908=DIRECTION('center_axis',(-2.22044604925031E-16,8.9761245518154E-18,
1.));
#1909=DIRECTION('ref_axis',(2.22044604925031E-16,1.,-8.97612455181535E-18));
#1910=DIRECTION('',(-1.,2.22179252515905E-16,2.77555756156289E-16));
#1911=DIRECTION('',(-2.22179252515905E-16,-1.,8.97612455181535E-18));
#1912=DIRECTION('',(1.,-2.22044604925031E-16,2.22044604925031E-16));
#1913=DIRECTION('',(2.22179252515905E-16,1.,-8.97612455181535E-18));
#1914=DIRECTION('center_axis',(2.22179252515905E-16,1.,-1.34647590874106E-19));
#1915=DIRECTION('ref_axis',(0.707106781186545,-1.57199666317532E-16,-0.70710678118655));
#1916=DIRECTION('center_axis',(-2.22044604925031E-16,-1.,0.));
#1917=DIRECTION('ref_axis',(0.707106781186545,-1.57199666317532E-16,-0.70710678118655));
#1918=DIRECTION('center_axis',(2.22179252515905E-16,1.,-1.34647590874106E-19));
#1919=DIRECTION('ref_axis',(0.707106781186547,-1.57199666317532E-16,-0.707106781186548));
#1920=DIRECTION('',(2.21909957334157E-16,1.,1.34647590874105E-19));
#1921=DIRECTION('center_axis',(-0.707106781186545,1.56818825419222E-16,
0.70710678118655));
#1922=DIRECTION('ref_axis',(2.21909957334157E-16,1.,1.34647590874105E-19));
#1923=DIRECTION('',(0.70710678118655,-1.57009245868378E-16,0.707106781186545));
#1924=DIRECTION('',(0.707106781186549,-1.57009245868378E-16,0.707106781186546));
#1925=DIRECTION('',(-2.21909957334157E-16,-1.,-1.34647590874105E-19));
#1926=DIRECTION('center_axis',(0.707106781186545,-1.56818825419222E-16,
-0.70710678118655));
#1927=DIRECTION('ref_axis',(2.22179252515905E-16,1.,-1.34647590874106E-19));
#1928=DIRECTION('center_axis',(0.707106781186545,-1.56818825419222E-16,
-0.70710678118655));
#1929=DIRECTION('ref_axis',(2.22179252515905E-16,1.,-1.34647590874106E-19));
#1930=DIRECTION('center_axis',(0.707106781186545,-1.56818825419222E-16,
-0.70710678118655));
#1931=DIRECTION('ref_axis',(2.22179252515905E-16,1.,-1.34647590874106E-19));
#1932=DIRECTION('center_axis',(-2.22044604925031E-16,-1.,0.));
#1933=DIRECTION('ref_axis',(0.,0.,1.));
#1934=DIRECTION('center_axis',(2.22044604925031E-16,1.,0.));
#1935=DIRECTION('ref_axis',(0.,0.,1.));
#1936=DIRECTION('center_axis',(2.22044604925031E-16,1.,0.));
#1937=DIRECTION('ref_axis',(-0.707106781186547,1.57009245868377E-16,0.707106781186548));
#1938=DIRECTION('',(2.22044604925031E-16,1.,0.));
#1939=DIRECTION('center_axis',(1.,-2.22044604925031E-16,0.));
#1940=DIRECTION('ref_axis',(0.,0.,1.));
#1941=DIRECTION('center_axis',(-1.,2.22044604925033E-16,2.5354955111977E-31));
#1942=DIRECTION('ref_axis',(0.,0.,1.));
#1943=DIRECTION('',(1.,-2.22044604925031E-16,0.));
#1944=DIRECTION('center_axis',(-1.,2.89890221432167E-16,-1.49746258196962E-32));
#1945=DIRECTION('ref_axis',(0.,0.,1.));
#1946=DIRECTION('',(1.,-2.22044604925031E-16,0.));
#1947=DIRECTION('center_axis',(-1.,2.22044604925033E-16,2.5354955111977E-31));
#1948=DIRECTION('ref_axis',(2.5354955111977E-31,-5.62993099073087E-47,1.));
#1949=DIRECTION('center_axis',(1.,-2.22044604922657E-16,-3.92091315656157E-28));
#1950=DIRECTION('ref_axis',(0.,0.,-1.));
#1951=DIRECTION('',(0.,0.,1.));
#1952=DIRECTION('center_axis',(1.,-2.22044604925033E-16,-2.5354955111977E-31));
#1953=DIRECTION('ref_axis',(0.,0.,-1.));
#1954=DIRECTION('center_axis',(1.,-2.22044604925031E-16,0.));
#1955=DIRECTION('ref_axis',(0.,0.,1.));
#1956=DIRECTION('center_axis',(1.,-2.22044604925033E-16,-2.5354955111977E-31));
#1957=DIRECTION('ref_axis',(0.,0.,1.));
#1958=DIRECTION('',(-1.,2.22044604925031E-16,0.));
#1959=DIRECTION('center_axis',(-1.,2.89890221432167E-16,-1.49746258196962E-32));
#1960=DIRECTION('ref_axis',(0.,0.,1.));
#1961=DIRECTION('',(1.,-2.22034928422176E-16,-9.67650285510672E-21));
#1962=DIRECTION('center_axis',(-1.57009245868377E-16,-0.707106781186547,
-0.707106781186548));
#1963=DIRECTION('ref_axis',(-1.57009245868378E-16,-0.707106781186548,0.707106781186547));
#1964=DIRECTION('',(1.59491276120741E-16,0.707106781186548,-0.707106781186547));
#1965=DIRECTION('',(-1.,2.22054281427886E-16,-9.67650285509788E-21));
#1966=DIRECTION('',(-1.57009245868378E-16,-0.707106781186548,0.707106781186547));
#1967=DIRECTION('',(1.,-2.22034928422176E-16,-9.67650285510672E-21));
#1968=DIRECTION('center_axis',(-1.,2.89890221432167E-16,-1.49746258196962E-32));
#1969=DIRECTION('ref_axis',(2.89890221432167E-16,1.,1.01596272070096E-48));
#1970=DIRECTION('',(2.04983341374355E-16,0.707106781186547,0.707106781186548));
#1971=DIRECTION('',(-4.90088386725016E-32,-2.20716187583339E-16,-1.));
#1972=DIRECTION('',(2.04983341374355E-16,0.707106781186547,0.707106781186548));
#1973=DIRECTION('',(2.89890221432167E-16,1.,0.));
#1974=DIRECTION('center_axis',(-1.,2.89890221432167E-16,-1.49746258196962E-32));
#1975=DIRECTION('ref_axis',(0.,0.,-1.));
#1976=DIRECTION('',(-4.90088386725016E-32,-2.20716187583339E-16,-1.));
#1977=DIRECTION('center_axis',(1.,-2.89890221432167E-16,1.49746258196962E-32));
#1978=DIRECTION('ref_axis',(0.,0.,-1.));
#1979=DIRECTION('',(2.89890221432167E-16,1.,0.));
#1980=DIRECTION('center_axis',(-1.57022930509952E-16,-0.707106781186548,
0.707106781186547));
#1981=DIRECTION('ref_axis',(1.57009245868377E-16,0.707106781186547,0.707106781186548));
#1982=DIRECTION('',(-1.57554905185185E-16,-0.707106781186547,-0.707106781186548));
#1983=DIRECTION('',(1.,-2.22054281427886E-16,9.67650285510596E-21));
#1984=DIRECTION('',(-1.57009245868377E-16,-0.707106781186547,-0.707106781186548));
#1985=DIRECTION('',(-1.,2.22054281427886E-16,-9.67650285510596E-21));
#1986=DIRECTION('',(1.090351503624E-16,0.707106781186547,0.707106781186548));
#1987=DIRECTION('center_axis',(1.57022930509952E-16,0.707106781186548,-0.707106781186547));
#1988=DIRECTION('ref_axis',(1.57009245868377E-16,0.707106781186547,0.707106781186548));
#1989=DIRECTION('center_axis',(-4.90088386725016E-32,-2.20716187583339E-16,
-1.));
#1990=DIRECTION('ref_axis',(-1.,2.22044604925031E-16,-1.21877822462897E-51));
#1991=DIRECTION('',(-4.90088386725016E-32,-2.20716187583339E-16,-1.));
#1992=DIRECTION('center_axis',(-1.56995561226804E-16,-0.707106781186548,
0.707106781186547));
#1993=DIRECTION('ref_axis',(1.57009245868377E-16,0.707106781186547,0.707106781186548));
#1994=DIRECTION('center_axis',(-4.90088386725016E-32,-2.20716187583339E-16,
-1.));
#1995=DIRECTION('ref_axis',(1.,-2.22044604925031E-16,1.21877822462897E-51));
#1996=DIRECTION('',(-4.90088386725016E-32,-2.20716187583339E-16,-1.));
#1997=DIRECTION('center_axis',(1.,-1.54198988417896E-16,-1.49746258196962E-32));
#1998=DIRECTION('ref_axis',(-1.54198988417896E-16,-1.,-1.01596272070096E-48));
#1999=DIRECTION('center_axis',(-1.,1.54198988417896E-16,1.49746258196962E-32));
#2000=DIRECTION('ref_axis',(0.,0.,1.));
#2001=DIRECTION('',(1.54198988417896E-16,1.,0.));
#2002=DIRECTION('center_axis',(-1.,1.54198988417896E-16,1.49746258196962E-32));
#2003=DIRECTION('ref_axis',(0.,0.,-1.));
#2004=DIRECTION('',(1.54198988417896E-16,1.,0.));
#2005=DIRECTION('center_axis',(-1.,1.54198988417896E-16,1.49746258196962E-32));
#2006=DIRECTION('ref_axis',(0.,0.,1.));
#2007=DIRECTION('',(1.090351503624E-16,0.707106781186547,0.707106781186548));
#2008=DIRECTION('center_axis',(-1.56995561226804E-16,-0.707106781186548,
0.707106781186547));
#2009=DIRECTION('ref_axis',(1.57009245868377E-16,0.707106781186547,0.707106781186548));
#2010=DIRECTION('',(1.,-2.22034928422176E-16,-9.67650285510672E-21));
#2011=DIRECTION('',(1.57009245868377E-16,0.707106781186547,0.707106781186548));
#2012=DIRECTION('',(-1.,2.22034928422176E-16,9.67650285510672E-21));
#2013=DIRECTION('',(-1.57554905185185E-16,-0.707106781186547,-0.707106781186548));
#2014=DIRECTION('center_axis',(-1.,2.22054281427886E-16,-9.67650285510596E-21));
#2015=DIRECTION('ref_axis',(1.57022930509952E-16,0.707106781186548,-0.707106781186547));
#2016=DIRECTION('center_axis',(-1.,2.2418550475072E-16,-1.36922101942463E-18));
#2017=DIRECTION('ref_axis',(1.57022930509952E-16,0.707106781186548,-0.707106781186547));
#2018=DIRECTION('center_axis',(1.,-2.22054281427886E-16,9.67650285510596E-21));
#2019=DIRECTION('ref_axis',(9.6765028546129E-21,-2.22044604925032E-15,-1.));
#2020=DIRECTION('',(1.,-2.22054281427886E-16,-6.60853431453475E-18));
#2021=DIRECTION('center_axis',(-6.60853431453561E-18,-3.88578058618805E-15,
-1.));
#2022=DIRECTION('ref_axis',(-2.22044604925031E-16,-1.,3.88578058618805E-15));
#2023=DIRECTION('',(-2.2418550475072E-16,-1.,3.88578058618805E-15));
#2024=DIRECTION('',(2.22054281427886E-16,1.,-3.59794498721116E-15));
#2025=DIRECTION('',(-1.,2.22054281427886E-16,-3.29825494918898E-18));
#2026=DIRECTION('center_axis',(-1.,2.22054281427886E-16,-3.29825494918898E-18));
#2027=DIRECTION('ref_axis',(3.29825494918812E-18,-3.88578058618805E-15,
-1.));
#2028=DIRECTION('center_axis',(-1.,2.2418550475072E-16,-1.36922101942463E-18));
#2029=DIRECTION('ref_axis',(3.29825494918812E-18,-3.88578058618805E-15,
-1.));
#2030=DIRECTION('center_axis',(1.,-2.22054281427886E-16,3.29825494918898E-18));
#2031=DIRECTION('ref_axis',(-1.5468386974851E-16,-0.707106781186544,-0.707106781186551));
#2032=DIRECTION('',(1.,-2.23027654942214E-16,2.3248814348613E-18));
#2033=DIRECTION('center_axis',(1.56060427773728E-16,0.707106781186546,0.707106781186549));
#2034=DIRECTION('ref_axis',(1.57009245868378E-16,0.707106781186549,-0.707106781186546));
#2035=DIRECTION('',(-1.59491276120742E-16,-0.707106781186549,0.707106781186546));
#2036=DIRECTION('',(1.59357983132674E-16,0.70710678118655,-0.707106781186545));
#2037=DIRECTION('',(1.,-2.23020812621427E-16,2.31803911407429E-18));
#2038=DIRECTION('center_axis',(1.,-2.23020812621427E-16,2.31803911407429E-18));
#2039=DIRECTION('ref_axis',(1.56060427773728E-16,0.707106781186546,0.707106781186549));
#2040=DIRECTION('center_axis',(1.,-2.2418550475072E-16,1.36922101942463E-18));
#2041=DIRECTION('ref_axis',(1.56060427773728E-16,0.707106781186546,0.707106781186549));
#2042=DIRECTION('center_axis',(-1.,2.23020812621427E-16,-2.31803911407429E-18));
#2043=DIRECTION('ref_axis',(-2.31803911407429E-18,5.16970966909101E-34,
1.));
#2044=DIRECTION('',(1.,-2.23020812621427E-16,4.12110692601456E-18));
#2045=DIRECTION('center_axis',(2.22044604925031E-16,1.,6.834782761072E-34));
#2046=DIRECTION('ref_axis',(-0.707106781186547,1.57009245868377E-16,0.707106781186547));
#2047=DIRECTION('center_axis',(2.22044604925031E-16,1.,-2.83105971550985E-34));
#2048=DIRECTION('ref_axis',(-0.707106781186547,1.57009245868377E-16,0.707106781186547));
#2049=DIRECTION('',(2.22044604925031E-16,1.,6.834782761072E-34));
#2050=DIRECTION('center_axis',(-2.22044604925031E-16,-1.,0.));
#2051=DIRECTION('ref_axis',(-0.707106781186547,1.57009245868377E-16,0.707106781186547));
#2052=DIRECTION('',(2.22044604925031E-16,1.,6.834782761072E-34));
#2053=DIRECTION('center_axis',(5.55111512312578E-16,2.68391873279266E-18,
1.));
#2054=DIRECTION('ref_axis',(2.22044604925031E-16,1.,-2.68391873279278E-18));
#2055=DIRECTION('',(1.,-2.22044604925031E-16,-5.55111512312578E-16));
#2056=DIRECTION('',(-1.,2.22044604925031E-16,5.55111512312578E-16));
#2057=DIRECTION('',(-2.22044604925031E-16,-1.,2.68391873279278E-18));
#2058=DIRECTION('center_axis',(6.66133814775094E-16,-2.68391873279293E-18,
1.));
#2059=DIRECTION('ref_axis',(2.22044604925031E-16,1.,2.68391873279278E-18));
#2060=DIRECTION('',(-1.,2.22044604925031E-16,2.56996070515083E-16));
#2061=DIRECTION('',(-2.22044604925031E-16,-1.,-2.68391873279278E-18));
#2062=DIRECTION('',(1.,-2.22044604925031E-16,-6.66133814775094E-16));
#2063=DIRECTION('',(2.22044604925031E-16,1.,2.68391873279278E-18));
#2064=DIRECTION('center_axis',(1.,-2.22044604925031E-16,1.27675647831893E-15));
#2065=DIRECTION('ref_axis',(2.22044604925031E-16,1.,-8.72635316810123E-49));
#2066=DIRECTION('',(-1.27675647831893E-15,2.83496887813801E-31,1.));
#2067=DIRECTION('',(-1.27675647831893E-15,2.83779993785352E-31,1.));
#2068=DIRECTION('center_axis',(2.22044604925031E-16,1.,6.834782761072E-34));
#2069=DIRECTION('ref_axis',(-0.707106781186548,1.57009245868378E-16,0.707106781186547));
#2070=DIRECTION('center_axis',(2.22044604925031E-16,1.,0.));
#2071=DIRECTION('ref_axis',(-0.707106781186548,1.57009245868378E-16,0.707106781186547));
#2072=DIRECTION('',(-2.22044604925031E-16,-1.,-6.834782761072E-34));
#2073=DIRECTION('center_axis',(-2.22044604925031E-16,-1.,-6.834782761072E-34));
#2074=DIRECTION('ref_axis',(2.96059473233376E-15,-6.58067565960286E-31,
1.));
#2075=DIRECTION('center_axis',(2.22044604925031E-16,1.,0.));
#2076=DIRECTION('ref_axis',(0.,0.,-1.));
#2077=DIRECTION('',(0.,0.,1.));
#2078=DIRECTION('center_axis',(2.22044604925031E-16,1.,0.));
#2079=DIRECTION('ref_axis',(0.,0.,-1.));
#2080=DIRECTION('',(-0.707106781186548,1.57009245868378E-16,0.707106781186547));
#2081=DIRECTION('center_axis',(1.,-2.23020812621427E-16,2.31803911407429E-18));
#2082=DIRECTION('ref_axis',(1.56060427773728E-16,0.707106781186546,0.707106781186549));
#2083=DIRECTION('center_axis',(1.,-2.2418550475072E-16,1.36922101942463E-18));
#2084=DIRECTION('ref_axis',(1.56060427773728E-16,0.707106781186546,0.707106781186549));
#2085=DIRECTION('',(1.,-2.23020812621427E-16,2.31803911407429E-18));
#2086=DIRECTION('center_axis',(1.,-2.22044604925031E-16,0.));
#2087=DIRECTION('ref_axis',(1.56060427773728E-16,0.707106781186546,0.707106781186549));
#2088=DIRECTION('',(1.,-2.24793999506671E-16,-1.3441537059853E-18));
#2089=DIRECTION('center_axis',(1.59903821621671E-16,0.707106781186546,0.707106781186549));
#2090=DIRECTION('ref_axis',(1.57009245868378E-16,0.707106781186549,-0.707106781186546));
#2091=DIRECTION('',(-1.59491276120742E-16,-0.707106781186549,0.707106781186546));
#2092=DIRECTION('',(-1.57009245868378E-16,-0.707106781186549,0.707106781186546));
#2093=DIRECTION('',(-1.,2.25745344794866E-16,3.92808417790447E-19));
#2094=DIRECTION('center_axis',(-1.,2.22054281427886E-16,-3.29825494918898E-18));
#2095=DIRECTION('ref_axis',(3.29825494918812E-18,-3.88578058618805E-15,
-1.));
#2096=DIRECTION('center_axis',(-1.,2.2418550475072E-16,-1.36922101942463E-18));
#2097=DIRECTION('ref_axis',(3.29825494918812E-18,-3.88578058618805E-15,
-1.));
#2098=DIRECTION('center_axis',(-1.,2.22044604925031E-16,0.));
#2099=DIRECTION('ref_axis',(3.29825494918812E-18,-3.88578058618805E-15,
-1.));
#2100=DIRECTION('',(1.,-2.22044604925031E-16,3.29825494918898E-18));
#2101=DIRECTION('center_axis',(3.29825494918812E-18,-3.88578058618805E-15,
-1.));
#2102=DIRECTION('ref_axis',(-2.22044604925031E-16,-1.,3.88578058618805E-15));
#2103=DIRECTION('',(-2.2418550475072E-16,-1.,3.88578058618805E-15));
#2104=DIRECTION('',(-2.22044604925031E-16,-1.,3.88578058618805E-15));
#2105=DIRECTION('',(-1.,2.22054281427886E-16,-3.29825494918898E-18));
#2106=DIRECTION('center_axis',(-1.,2.22054281427886E-16,-9.67650285510596E-21));
#2107=DIRECTION('ref_axis',(1.57022930509952E-16,0.707106781186548,-0.707106781186547));
#2108=DIRECTION('center_axis',(-1.,2.2418550475072E-16,-1.36922101942463E-18));
#2109=DIRECTION('ref_axis',(1.57022930509952E-16,0.707106781186548,-0.707106781186547));
#2110=DIRECTION('center_axis',(-1.,2.22044604925031E-16,0.));
#2111=DIRECTION('ref_axis',(1.57022930509952E-16,0.707106781186548,-0.707106781186547));
#2112=DIRECTION('center_axis',(1.,-2.22044604925031E-16,0.));
#2113=DIRECTION('ref_axis',(0.,0.,1.));
#2114=DIRECTION('center_axis',(1.,-2.22044604925031E-16,0.));
#2115=DIRECTION('ref_axis',(0.,0.,1.));
#2116=DIRECTION('',(1.,-2.22044604925031E-16,0.));
#2117=DIRECTION('center_axis',(1.,-2.22044604925031E-16,0.));
#2118=DIRECTION('ref_axis',(0.,0.,-1.));
#2119=DIRECTION('',(2.22044604925031E-16,1.,0.));
#2120=DIRECTION('',(-1.23259516440783E-31,-5.55111512312578E-16,-1.));
#2121=DIRECTION('',(2.2418550475072E-16,1.,-1.54197642309049E-15));
#2122=DIRECTION('',(-1.36922101942461E-18,1.11022302462516E-16,1.));
#2123=DIRECTION('',(-1.579821246977E-16,-0.707106781186546,-0.707106781186549));
#2124=DIRECTION('',(1.579821246977E-16,0.707106781186546,0.707106781186549));
#2125=DIRECTION('',(-4.0081387202417E-21,-5.9211894646675E-15,-1.));
#2126=DIRECTION('',(4.00813871983903E-21,4.10782519111308E-15,1.));
#2127=DIRECTION('',(1.57009245868378E-16,0.707106781186548,-0.707106781186548));
#2128=DIRECTION('',(-1.57009245868378E-16,-0.707106781186548,0.707106781186547));
#2129=DIRECTION('center_axis',(-1.,2.22044604925031E-16,0.));
#2130=DIRECTION('ref_axis',(-1.57009245868378E-16,-0.707106781186548,0.707106781186547));
#2131=DIRECTION('center_axis',(2.22044604925031E-16,1.,0.));
#2132=DIRECTION('ref_axis',(0.,0.,-1.));
#2133=DIRECTION('',(0.707106781186546,-1.57009245868377E-16,-0.707106781186549));
#2134=DIRECTION('',(-0.707106781186546,1.57009245868377E-16,0.707106781186549));
#2135=DIRECTION('',(-2.77555756156289E-16,5.57728582809796E-20,-1.));
#2136=DIRECTION('',(4.44089209850063E-16,-9.86076131526266E-32,-1.));
#2137=DIRECTION('center_axis',(-0.707106781186548,1.57009245868378E-16,
0.707106781186547));
#2138=DIRECTION('ref_axis',(2.22044604925031E-16,1.,-1.3669565522144E-34));
#2139=DIRECTION('',(0.707106781186547,-1.57009245868377E-16,0.707106781186548));
#2140=DIRECTION('',(-2.22044604925031E-16,-1.,1.3669565522144E-34));
#2141=DIRECTION('',(-0.707106781186547,1.57009245868377E-16,-0.707106781186548));
#2142=DIRECTION('center_axis',(-0.707106781186548,1.57009245868378E-16,
0.707106781186547));
#2143=DIRECTION('ref_axis',(-2.22044604925031E-16,-1.,-2.01431410327291E-65));
#2144=DIRECTION('center_axis',(-0.707106781186548,1.57009245868378E-16,
0.707106781186547));
#2145=DIRECTION('ref_axis',(2.22044604925031E-16,1.,6.83478276107199E-34));
#2146=DIRECTION('',(2.22044604925031E-16,1.,0.));
#2147=DIRECTION('',(-0.707106781186548,1.57009245868378E-16,-0.707106781186547));
#2148=DIRECTION('',(-0.707106781186547,1.57009245868377E-16,-0.707106781186548));
#2149=DIRECTION('',(2.22044604925031E-16,1.,0.));
#2150=DIRECTION('center_axis',(0.707106781186548,-1.57009245868378E-16,
-0.707106781186547));
#2151=DIRECTION('ref_axis',(-2.22044604925031E-16,-1.,-2.01431410327291E-65));
#2152=DIRECTION('center_axis',(0.707106781186548,-1.57009245868378E-16,
-0.707106781186547));
#2153=DIRECTION('ref_axis',(-2.22044604925031E-16,-1.,-2.01431410327291E-65));
#2154=DIRECTION('',(0.707106781186548,-1.57009245868378E-16,-0.707106781186547));
#2155=DIRECTION('center_axis',(-0.707106781186545,1.57199666317532E-16,
0.70710678118655));
#2156=DIRECTION('ref_axis',(2.22179252515905E-16,1.,-1.34647590874106E-19));
#2157=DIRECTION('',(-0.707106781186545,1.57199666317532E-16,0.70710678118655));
#2158=DIRECTION('center_axis',(-0.707106781186545,1.57199666317532E-16,
0.70710678118655));
#2159=DIRECTION('ref_axis',(2.22179252515905E-16,1.,-1.34647590874106E-19));
#2160=DIRECTION('',(-0.707106781186545,1.57199666317532E-16,0.70710678118655));
#2161=DIRECTION('center_axis',(-0.707106781186545,1.57199666317532E-16,
0.70710678118655));
#2162=DIRECTION('ref_axis',(2.22179252515905E-16,1.,-1.34647590874106E-19));
#2163=DIRECTION('',(-0.707106781186545,1.57199666317532E-16,0.70710678118655));
#2164=DIRECTION('center_axis',(-1.,2.2418550475072E-16,-1.36922101942463E-18));
#2165=DIRECTION('ref_axis',(-1.59491276120741E-16,-0.707106781186546,0.70710678118655));
#2166=DIRECTION('',(2.2418550475072E-16,1.,-1.11022302462516E-16));
#2167=DIRECTION('',(1.36922101942451E-18,-5.55111512312578E-16,-1.));
#2168=DIRECTION('',(-2.2418550475072E-16,-1.,0.));
#2169=DIRECTION('',(4.0081387202417E-21,5.9211894646675E-15,1.));
#2170=DIRECTION('',(1.57982124697699E-16,0.707106781186546,0.707106781186549));
#2171=DIRECTION('',(1.36922101942461E-18,-1.11022302462516E-16,-1.));
#2172=DIRECTION('',(-1.579821246977E-16,-0.707106781186546,-0.707106781186549));
#2173=DIRECTION('',(-4.00813871983903E-21,-4.10782519111308E-15,-1.));
#2174=DIRECTION('',(-1.57009245868378E-16,-0.707106781186548,0.707106781186548));
#2175=DIRECTION('center_axis',(-4.12110692601454E-18,1.11022302462516E-16,
1.));
#2176=DIRECTION('ref_axis',(2.22044604925031E-16,1.,-1.11022302462516E-16));
#2177=DIRECTION('',(1.,-2.20691428362842E-16,4.12110692601456E-18));
#2178=DIRECTION('center_axis',(-2.20691428362842E-16,-1.,5.55111512312578E-16));
#2179=DIRECTION('ref_axis',(1.2250835255292E-31,5.55111512312578E-16,1.));
#2180=DIRECTION('',(1.,-2.20691428362842E-16,0.));
#2181=DIRECTION('center_axis',(2.22044604925031E-16,1.,-2.83105971550985E-34));
#2182=DIRECTION('ref_axis',(-0.707106781186548,1.57009245868378E-16,-0.707106781186547));
#2183=DIRECTION('',(0.707106781186548,-1.57009245868378E-16,-0.707106781186548));
#2184=DIRECTION('',(7.21644966006352E-16,-1.59954265401467E-31,1.));
#2185=DIRECTION('center_axis',(1.,-2.22044604925031E-16,0.));
#2186=DIRECTION('ref_axis',(0.,0.,1.));
#2187=DIRECTION('',(-1.,2.22044604925031E-16,0.));
#2188=DIRECTION('center_axis',(0.,0.,1.));
#2189=DIRECTION('ref_axis',(2.22044604925031E-16,1.,0.));
#2190=DIRECTION('',(-2.21450110269764E-16,-1.,0.));
#2191=DIRECTION('center_axis',(0.,0.,1.));
#2192=DIRECTION('ref_axis',(2.22044604925031E-16,1.,0.));
#2193=DIRECTION('',(-1.,2.22044604925031E-16,0.));
#2194=DIRECTION('center_axis',(1.,-2.22044604925031E-16,0.));
#2195=DIRECTION('ref_axis',(0.,0.,-1.));
#2196=DIRECTION('center_axis',(0.,0.,1.));
#2197=DIRECTION('ref_axis',(2.22044604925031E-16,1.,0.));
#2198=DIRECTION('',(1.,-2.22044604925031E-16,0.));
#2199=DIRECTION('center_axis',(-1.,2.22044604925033E-16,2.5354955111977E-31));
#2200=DIRECTION('ref_axis',(2.5354955111977E-31,-5.62993099073087E-47,1.));
#2201=DIRECTION('',(0.,0.,1.));
#2202=DIRECTION('center_axis',(-2.22044604925031E-16,-1.,0.));
#2203=DIRECTION('ref_axis',(0.,0.,1.));
#2204=DIRECTION('',(4.44089209850063E-16,-9.86076131526266E-32,-1.));
#2205=DIRECTION('',(2.77555756156289E-16,-5.57728582809796E-20,1.));
#2206=DIRECTION('',(0.707106781186546,-1.57009245868377E-16,-0.707106781186549));
#2207=DIRECTION('',(-0.707106781186546,1.57009245868377E-16,0.707106781186549));
#2208=DIRECTION('center_axis',(-1.,2.22179252515905E-16,-4.44089209850063E-16));
#2209=DIRECTION('ref_axis',(-2.22179252515905E-16,-1.,-5.97955422394958E-35));
#2210=DIRECTION('center_axis',(2.21450110269764E-16,1.,-1.66533453693773E-15));
#2211=DIRECTION('ref_axis',(-3.70478172275901E-31,-1.66533453693773E-15,
-1.));
#2212=DIRECTION('',(-3.69778549322348E-31,-1.66533453693773E-15,-1.));
#2213=DIRECTION('center_axis',(0.,0.,1.));
#2214=DIRECTION('ref_axis',(2.22044604925031E-16,1.,0.));
#2215=DIRECTION('center_axis',(1.,-2.22044604925031E-16,0.));
#2216=DIRECTION('ref_axis',(0.,0.,-1.));
#2217=DIRECTION('',(-1.,2.22044604925031E-16,0.));
#2218=DIRECTION('center_axis',(0.,0.,1.));
#2219=DIRECTION('ref_axis',(2.22044604925031E-16,1.,0.));
#2220=DIRECTION('center_axis',(-1.,2.22044604925031E-16,0.));
#2221=DIRECTION('ref_axis',(-1.57009245868377E-16,-0.707106781186546,0.707106781186549));
#2222=DIRECTION('',(1.57009245868377E-16,0.707106781186546,-0.707106781186549));
#2223=DIRECTION('',(-2.46247748970052E-19,3.33066907387547E-16,1.));
#2224=DIRECTION('center_axis',(1.,-2.22044604925031E-16,0.));
#2225=DIRECTION('ref_axis',(0.,0.,-1.));
#2226=DIRECTION('center_axis',(-2.22044604925031E-16,-1.,0.));
#2227=DIRECTION('ref_axis',(0.,0.,-1.));
#2228=DIRECTION('center_axis',(0.707106781186547,-1.57009245868377E-16,
0.707106781186548));
#2229=DIRECTION('ref_axis',(2.22044604925031E-16,1.,0.));
#2230=DIRECTION('',(0.707106781186548,-1.57009245868378E-16,-0.707106781186548));
#2231=DIRECTION('center_axis',(-2.22044604925031E-16,-1.,0.));
#2232=DIRECTION('ref_axis',(-0.707106781186547,1.57009245868377E-16,0.707106781186548));
#2233=DIRECTION('',(-0.707106781186548,1.57009245868378E-16,0.707106781186548));
#2234=DIRECTION('',(-7.21644966006352E-16,1.59954265401467E-31,-1.));
#2235=CARTESIAN_POINT('',(0.,0.,0.));
#2236=CARTESIAN_POINT('Origin',(-0.119188166206694,68.1501489151604,63.));
#2237=CARTESIAN_POINT('',(49.2594914902336,68.1501489151604,60.));
#2238=CARTESIAN_POINT('',(49.2594914902336,70.2714692587198,60.8786796564402));
#2239=CARTESIAN_POINT('Origin',(49.2594914902336,68.1501489151604,63.));
#2240=CARTESIAN_POINT('',(6.72966436067191,68.1501489151604,60.));
#2241=CARTESIAN_POINT('',(-0.119188166206694,68.1501489151604,60.));
#2242=CARTESIAN_POINT('',(6.72966436067192,70.2714692587199,60.8786796564402));
#2243=CARTESIAN_POINT('Origin',(6.72966436067191,68.1501489151604,63.));
#2244=CARTESIAN_POINT('',(-0.119188166206694,70.2714692587199,60.8786796564402));
#2245=CARTESIAN_POINT('Origin',(-0.119188166206774,115.960558816918,96.4159992311071));
#2246=CARTESIAN_POINT('',(49.2594914902336,104.930109176947,96.4159992311071));
#2247=CARTESIAN_POINT('',(49.2594914902336,128.687468489828,96.4159992311071));
#2248=CARTESIAN_POINT('',(49.2594914902336,110.445333996932,96.4159992311071));
#2249=CARTESIAN_POINT('',(-49.4978678226471,128.687468489828,96.4159992311071));
#2250=CARTESIAN_POINT('',(-24.8085279944269,128.687468489828,96.4159992311071));
#2251=CARTESIAN_POINT('',(-49.4978678226471,104.930109176947,96.4159992311071));
#2252=CARTESIAN_POINT('',(-49.4978678226471,92.585683951929,96.4159992311071));
#2253=CARTESIAN_POINT('',(-0.119188166206783,104.930109176947,96.4159992311071));
#2254=CARTESIAN_POINT('Origin',(-0.119188166206685,86.9100097635127,77.5172201612324));
#2255=CARTESIAN_POINT('',(49.2594914902336,103.869449005167,94.4766594028868));
#2256=CARTESIAN_POINT('',(49.2594914902336,95.7647293843399,86.3719397820596));
#2257=CARTESIAN_POINT('',(6.72966436067192,93.6874684898277,84.2946788875474));
#2258=CARTESIAN_POINT('',(6.72966436067192,93.3290692125601,83.9362796102798));
#2259=CARTESIAN_POINT('',(-9.27033563932798,93.6874684898277,84.2946788875474));
#2260=CARTESIAN_POINT('Origin',(-1.27033563932808,93.6874684898277,84.2946788875474));
#2261=CARTESIAN_POINT('',(-9.27033563932797,70.2714692587199,60.8786796564402));
#2262=CARTESIAN_POINT('',(-9.27033563932798,60.601147151202,51.2083575489218));
#2263=CARTESIAN_POINT('',(-48.2552271355279,70.2714692587199,60.8786796564402));
#2264=CARTESIAN_POINT('',(-0.119188166206694,70.2714692587199,60.8786796564402));
#2265=CARTESIAN_POINT('',(-49.4978678226471,70.2714692587201,60.8786796564399));
#2266=CARTESIAN_POINT('',(-0.119188166206685,70.2714692587197,60.8786796564404));
#2267=CARTESIAN_POINT('',(-49.4978678226471,103.869449005167,94.4766594028868));
#2268=CARTESIAN_POINT('',(-49.4978678226471,78.5907395111165,69.1979499088363));
#2269=CARTESIAN_POINT('',(-0.119188166206685,103.869449005167,94.4766594028868));
#2270=CARTESIAN_POINT('Origin',(-0.119188166206774,115.960558816918,94.9159992311071));
#2271=CARTESIAN_POINT('',(49.2594914902336,128.687468489828,94.9159992311071));
#2272=CARTESIAN_POINT('',(49.2594914902336,104.930109176947,94.9159992311071));
#2273=CARTESIAN_POINT('',(49.2594914902336,110.445333996932,94.9159992311071));
#2274=CARTESIAN_POINT('',(-49.4978678226471,104.930109176947,94.9159992311071));
#2275=CARTESIAN_POINT('',(-0.119188166206783,104.930109176947,94.9159992311071));
#2276=CARTESIAN_POINT('',(-49.4978678226471,128.687468489828,94.9159992311071));
#2277=CARTESIAN_POINT('',(-49.4978678226471,92.585683951929,94.9159992311071));
#2278=CARTESIAN_POINT('',(-24.8085279944269,128.687468489828,94.9159992311071));
#2279=CARTESIAN_POINT('Origin',(-0.119188166206685,104.930109176947,93.4159992311071));
#2280=CARTESIAN_POINT('Origin',(49.2594914902336,104.930109176947,93.4159992311071));
#2281=CARTESIAN_POINT('Origin',(-49.4978678226471,104.930109176947,93.4159992311071));
#2282=CARTESIAN_POINT('Origin',(-0.119188166206685,104.930109176947,93.4159992311071));
#2283=CARTESIAN_POINT('',(49.2594914902336,102.808788833387,95.5373195746667));
#2284=CARTESIAN_POINT('Origin',(49.2594914902336,104.930109176947,93.4159992311071));
#2285=CARTESIAN_POINT('',(-49.4978678226471,102.808788833387,95.5373195746667));
#2286=CARTESIAN_POINT('Origin',(-49.4978678226471,104.930109176947,93.4159992311071));
#2287=CARTESIAN_POINT('',(24.5701516620134,102.808788833387,95.5373195746667));
#2288=CARTESIAN_POINT('Origin',(-0.119188166206685,85.8493495917327,78.5778803330122));
#2289=CARTESIAN_POINT('',(-49.4978678226471,69.2108090869402,61.9393398282198));
#2290=CARTESIAN_POINT('',(-49.4978678226471,77.5300793393366,70.2586100806161));
#2291=CARTESIAN_POINT('',(-48.2552271355278,69.2108090869402,61.9393398282202));
#2292=CARTESIAN_POINT('',(-0.119188166206694,69.21080908694,61.93933982822));
#2293=CARTESIAN_POINT('',(-9.27033563932797,69.2108090869403,61.9393398282202));
#2294=CARTESIAN_POINT('',(-0.119188166206694,69.21080908694,61.93933982822));
#2295=CARTESIAN_POINT('',(-9.27033563932808,93.6874684898277,86.4159992311072));
#2296=CARTESIAN_POINT('',(-9.27033563932798,59.540486979422,52.2690177207017));
#2297=CARTESIAN_POINT('',(6.72966436067192,93.6874684898277,86.4159992311072));
#2298=CARTESIAN_POINT('Origin',(-1.27033563932808,93.6874684898277,86.4159992311072));
#2299=CARTESIAN_POINT('',(6.72966436067192,69.2108090869403,61.9393398282202));
#2300=CARTESIAN_POINT('',(6.72966436067192,92.2684090407802,84.9969397820597));
#2301=CARTESIAN_POINT('',(49.2594914902336,69.21080908694,61.93933982822));
#2302=CARTESIAN_POINT('',(-0.119188166206694,69.21080908694,61.93933982822));
#2303=CARTESIAN_POINT('',(49.2594914902336,94.7040692125599,87.4325999538394));
#2304=CARTESIAN_POINT('Origin',(50.3201516620134,-29.364569710601,61.9393398282202));
#2305=CARTESIAN_POINT('',(50.3201516620135,69.3927896022797,61.9393398282202));
#2306=CARTESIAN_POINT('',(51.3808118337933,69.3927896022797,60.8786796564404));
#2307=CARTESIAN_POINT('',(51.0058118337933,69.3927896022797,61.2536796564403));
#2308=CARTESIAN_POINT('',(51.3808118337933,68.1501489151604,60.8786796564404));
#2309=CARTESIAN_POINT('',(51.3808118337933,19.3927896022797,60.8786796564404));
#2310=CARTESIAN_POINT('',(50.3201516620135,68.1501489151603,61.9393398282202));
#2311=CARTESIAN_POINT('',(50.3201516620135,68.1501489151604,61.9393398282202));
#2312=CARTESIAN_POINT('',(50.3201516620134,19.3927896022797,61.9393398282202));
#2313=CARTESIAN_POINT('Origin',(49.2594914902336,104.930109176947,94.9159992311071));
#2314=CARTESIAN_POINT('',(49.2594914902336,68.1501489151604,61.5));
#2315=CARTESIAN_POINT('',(49.2594914902336,68.1501489151604,61.5));
#2316=CARTESIAN_POINT('',(49.2594914902336,128.687468489828,94.9159992311071));
#2317=CARTESIAN_POINT('Origin',(49.2594914902336,68.1501489151604,63.));
#2318=CARTESIAN_POINT('',(49.2594914902336,69.2815197650588,61.8686291501015));
#2319=CARTESIAN_POINT('',(49.2594914902336,70.2007585806011,60.9493903345592));
#2320=CARTESIAN_POINT('',(49.2594914902336,69.4441543247317,61.7059945904286));
#2321=CARTESIAN_POINT('',(49.2594914902336,103.798738327048,94.5473700810054));
#2322=CARTESIAN_POINT('',(49.2594914902336,102.879499511506,95.4666088965479));
#2323=CARTESIAN_POINT('',(49.2594914902336,103.339118919277,95.0069894887768));
#2324=CARTESIAN_POINT('',(49.2594914902336,104.930109176947,96.3159992311071));
#2325=CARTESIAN_POINT('',(49.2594914902336,104.930109176947,95.0159992311071));
#2326=CARTESIAN_POINT('',(49.2594914902336,104.930109176947,95.2459992311071));
#2327=CARTESIAN_POINT('Origin',(-48.2552271355278,70.2714692587197,60.8786796564404));
#2328=CARTESIAN_POINT('',(-48.2552271355278,70.2714692587197,60.8786796564404));
#2329=CARTESIAN_POINT('',(-49.4978678226471,69.7411391728299,61.4090097423302));
#2330=CARTESIAN_POINT('Origin',(49.2594914902336,19.3927896022797,63.));
#2331=CARTESIAN_POINT('Origin',(49.2594914902336,68.1501489151604,63.));
#2332=CARTESIAN_POINT('',(49.2594914902336,-29.364569710601,61.5));
#2333=CARTESIAN_POINT('',(49.2594914902336,62.1614493896132,61.5));
#2334=CARTESIAN_POINT('',(50.3201516620134,-29.364569710601,61.9393398282202));
#2335=CARTESIAN_POINT('Origin',(49.2594914902336,-29.364569710601,63.));
#2336=CARTESIAN_POINT('',(50.3201516620134,19.3927896022797,61.9393398282202));
#2337=CARTESIAN_POINT('Origin',(-50.3765474790871,68.1501489151604,60.6213203435597));
#2338=CARTESIAN_POINT('Origin',(49.2594914902336,68.1501489151605,63.));
#2339=CARTESIAN_POINT('Origin',(-48.2552271355278,19.3927896022797,58.5));
#2340=CARTESIAN_POINT('',(-50.3765474790872,68.1501489151604,60.6213203435598));
#2341=CARTESIAN_POINT('',(-48.2552271355278,68.1501489151604,61.5));
#2342=CARTESIAN_POINT('Origin',(-48.2552271355278,68.1501489151604,58.5));
#2343=CARTESIAN_POINT('',(-50.3765474790873,-29.364569710601,60.6213203435598));
#2344=CARTESIAN_POINT('',(-50.3765474790871,19.3927896022797,60.6213203435597));
#2345=CARTESIAN_POINT('',(-48.2552271355278,-29.364569710601,61.5));
#2346=CARTESIAN_POINT('Origin',(-48.2552271355278,-29.364569710601,58.5));
#2347=CARTESIAN_POINT('',(-48.2552271355278,19.3927896022797,61.5));
#2348=CARTESIAN_POINT('Origin',(-58.1762532190481,19.3927896022797,52.8216146035994));
#2349=CARTESIAN_POINT('',(-66.2968576958702,68.1501489151604,44.7010101267769));
#2350=CARTESIAN_POINT('',(-54.2764003490678,68.1501489151604,56.7214674735797));
#2351=CARTESIAN_POINT('',(-66.2968576958702,-29.364569710601,44.7010101267769));
#2352=CARTESIAN_POINT('',(-66.2968576958702,19.3927896022797,44.7010101267769));
#2353=CARTESIAN_POINT('',(-54.2764003490679,-29.364569710601,56.7214674735796));
#2354=CARTESIAN_POINT('',(-58.3367025874791,17.3926489151604,52.6611652351683));
#2355=CARTESIAN_POINT('Origin',(-58.3367025874791,19.3926489151604,52.6611652351683));
#2356=CARTESIAN_POINT('',(-58.3367025874792,-21.364569710601,52.6611652351683));
#2357=CARTESIAN_POINT('Origin',(-58.3367025874792,-19.364569710601,52.6611652351683));
#2358=CARTESIAN_POINT('',(-58.3367025874791,56.1501489151604,52.6611652351683));
#2359=CARTESIAN_POINT('Origin',(-58.3367025874791,58.1501489151604,52.6611652351683));
#2360=CARTESIAN_POINT('Origin',(-67.3575178676501,19.3927896022797,45.7616702985566));
#2361=CARTESIAN_POINT('',(-67.3575178676501,68.1501489151604,44.2616702985566));
#2362=CARTESIAN_POINT('Origin',(-67.3575178676501,68.1501489151604,45.7616702985566));
#2363=CARTESIAN_POINT('',(-67.3575178676501,-29.364569710601,44.2616702985566));
#2364=CARTESIAN_POINT('',(-67.3575178676501,19.3927896022797,44.2616702985566));
#2365=CARTESIAN_POINT('Origin',(-67.3575178676501,-29.364569710601,45.7616702985566));
#2366=CARTESIAN_POINT('Origin',(-78.3879675076211,19.3927896022797,44.2616702985566));
#2367=CARTESIAN_POINT('',(-91.1148771805311,68.1501489151604,44.2616702985566));
#2368=CARTESIAN_POINT('',(-64.3822574933541,68.1501489151604,44.2616702985566));
#2369=CARTESIAN_POINT('',(-91.1148771805311,-29.364569710601,44.2616702985566));
#2370=CARTESIAN_POINT('',(-91.1148771805311,43.77146925872,44.2616702985566));
#2371=CARTESIAN_POINT('',(-63.8519274074644,-29.364569710601,44.2616702985566));
#2372=CARTESIAN_POINT('Origin',(-78.3879675076211,19.3927896022797,42.7616702985566));
#2373=CARTESIAN_POINT('',(-67.3575178676501,68.1501489151604,42.7616702985565));
#2374=CARTESIAN_POINT('',(-91.1148771805311,68.1501489151604,42.7616702985566));
#2375=CARTESIAN_POINT('',(-67.3575178676501,68.1501489151604,42.7616702985566));
#2376=CARTESIAN_POINT('',(-67.3575178676501,-29.364569710601,42.7616702985566));
#2377=CARTESIAN_POINT('',(-67.3575178676501,19.3927896022797,42.7616702985566));
#2378=CARTESIAN_POINT('',(-91.1148771805311,-29.364569710601,42.7616702985566));
#2379=CARTESIAN_POINT('',(-63.8519274074644,-29.364569710601,42.7616702985566));
#2380=CARTESIAN_POINT('',(-91.1148771805311,43.77146925872,42.7616702985566));
#2381=CARTESIAN_POINT('Origin',(-67.3575178676501,19.3927896022797,45.7616702985566));
#2382=CARTESIAN_POINT('',(-65.2361975240908,-29.364569710601,43.6403499549966));
#2383=CARTESIAN_POINT('Origin',(-67.3575178676501,-29.364569710601,45.7616702985566));
#2384=CARTESIAN_POINT('',(-65.2361975240911,68.1501489151604,43.6403499549969));
#2385=CARTESIAN_POINT('Origin',(-67.3575178676501,68.1501489151604,45.7616702985566));
#2386=CARTESIAN_POINT('',(-65.2361975240911,-4.98589005416061,43.6403499549969));
#2387=CARTESIAN_POINT('Origin',(-57.1155930472681,19.3927896022797,51.7609544318196));
#2388=CARTESIAN_POINT('',(-49.3158873073077,-29.364569710601,59.5606601717798));
#2389=CARTESIAN_POINT('',(-53.2157401772879,-29.364569710601,55.6608073017997));
#2390=CARTESIAN_POINT('',(-49.3158873073077,68.1501489151604,59.5606601717798));
#2391=CARTESIAN_POINT('',(-44.5175737340966,68.1501489151604,64.3589737449908));
#2392=CARTESIAN_POINT('',(-49.3158873073077,19.3927896022797,59.5606601717798));
#2393=CARTESIAN_POINT('',(-57.2760424156992,56.1501489151604,51.6005050633884));
#2394=CARTESIAN_POINT('Origin',(-57.2760424156992,58.1501489151604,51.6005050633884));
#2395=CARTESIAN_POINT('',(-57.2760424156992,-21.364569710601,51.6005050633884));
#2396=CARTESIAN_POINT('Origin',(-57.2760424156992,-19.364569710601,51.6005050633884));
#2397=CARTESIAN_POINT('',(-57.2760424156992,17.3926489151604,51.6005050633884));
#2398=CARTESIAN_POINT('Origin',(-57.2760424156992,19.3926489151604,51.6005050633884));
#2399=CARTESIAN_POINT('Origin',(-48.2552271355278,19.3927896022797,58.5));
#2400=CARTESIAN_POINT('',(-48.2552271355278,-29.364569710601,60.));
#2401=CARTESIAN_POINT('Origin',(-48.2552271355278,-29.364569710601,58.5));
#2402=CARTESIAN_POINT('',(-48.2552271355278,68.1501489151604,60.));
#2403=CARTESIAN_POINT('Origin',(-48.2552271355278,68.1501489151604,58.5));
#2404=CARTESIAN_POINT('',(-48.2552271355278,43.7714692587201,60.));
#2405=CARTESIAN_POINT('Origin',(-0.119188166206712,-29.364569710601,58.5));
#2406=CARTESIAN_POINT('',(-48.2552271355278,-31.4858900541607,60.6213203435596));
#2407=CARTESIAN_POINT('Origin',(-48.2552271355278,-29.364569710601,58.5));
#2408=CARTESIAN_POINT('',(-9.270335639328,-31.4858900541607,60.6213203435596));
#2409=CARTESIAN_POINT('',(-0.119188166206712,-31.4858900541607,60.6213203435596));
#2410=CARTESIAN_POINT('',(-9.270335639328,-29.364569710601,61.5));
#2411=CARTESIAN_POINT('Origin',(-9.270335639328,-29.364569710601,58.5));
#2412=CARTESIAN_POINT('',(-0.119188166206712,-29.364569710601,61.5));
#2413=CARTESIAN_POINT('Origin',(-48.2552271355278,-30.2314479540931,60.5928292123648));
#2414=CARTESIAN_POINT('Origin',(-48.2552271355279,68.1501489151604,63.));
#2415=CARTESIAN_POINT('',(-48.2552271355278,68.1501489151604,60.));
#2416=CARTESIAN_POINT('Origin',(-48.2552271355278,68.1501489151604,63.));
#2417=CARTESIAN_POINT('Origin',(-0.119188166206712,-29.364569710601,58.5));
#2418=CARTESIAN_POINT('',(-48.2552271355278,-30.4252298823809,59.5606601717798));
#2419=CARTESIAN_POINT('Origin',(-48.2552271355278,-29.364569710601,58.5));
#2420=CARTESIAN_POINT('',(-9.270335639328,-29.364569710601,60.));
#2421=CARTESIAN_POINT('',(-0.119188166206712,-29.364569710601,60.));
#2422=CARTESIAN_POINT('',(-9.270335639328,-30.4252298823809,59.5606601717798));
#2423=CARTESIAN_POINT('Origin',(-9.270335639328,-29.364569710601,58.5));
#2424=CARTESIAN_POINT('',(-0.119188166206712,-30.4252298823809,59.5606601717798));
#2425=CARTESIAN_POINT('Origin',(-48.2552271355278,-31.4858900541607,60.6213203435596));
#2426=CARTESIAN_POINT('',(-49.4978678226471,-31.4858900541607,60.6213203435596));
#2427=CARTESIAN_POINT('',(-49.4978678226471,-30.4252298823809,59.5606601717798));
#2428=CARTESIAN_POINT('',(-49.4978678226471,-45.9800549048825,75.1154851942814));
#2429=CARTESIAN_POINT('',(-24.1872076508673,-31.4858900541607,60.6213203435596));
#2430=CARTESIAN_POINT('',(-48.2552271355278,-30.4252298823809,59.5606601717798));
#2431=CARTESIAN_POINT('',(-0.119188166206712,-30.4252298823809,59.5606601717798));
#2432=CARTESIAN_POINT('Origin',(-9.27033563932801,-37.2242197556042,96.4159992311071));
#2433=CARTESIAN_POINT('',(-9.27033563932801,-37.2242197556042,54.8829906421161));
#2434=CARTESIAN_POINT('',(-9.270335639328,-27.8716556276148,64.2355547701055));
#2435=CARTESIAN_POINT('',(-9.27033563932801,-37.2242197556042,52.7616702985565));
#2436=CARTESIAN_POINT('',(-9.27033563932801,-37.2242197556042,96.4159992311071));
#2437=CARTESIAN_POINT('',(-9.270335639328,-26.810995455835,63.1748945983257));
#2438=CARTESIAN_POINT('',(-9.27033563932797,68.1501489151604,60.));
#2439=CARTESIAN_POINT('',(-9.270335639328,-8.91571507666225,60.));
#2440=CARTESIAN_POINT('Origin',(-9.27033563932798,68.1501489151604,63.));
#2441=CARTESIAN_POINT('',(-9.27033563932798,93.6874684898277,96.4159992311071));
#2442=CARTESIAN_POINT('',(-9.27033563932797,68.1501489151604,61.5));
#2443=CARTESIAN_POINT('Origin',(-9.27033563932798,68.1501489151604,63.));
#2444=CARTESIAN_POINT('',(-9.270335639328,-8.91571507666225,61.5));
#2445=CARTESIAN_POINT('Origin',(-0.119188166206712,-39.285595794121,52.8216146035994));
#2446=CARTESIAN_POINT('',(-49.4978678226471,-47.4062002709436,44.7010101267767));
#2447=CARTESIAN_POINT('',(-49.4978678226471,-50.1905679466424,41.9166424510779));
#2448=CARTESIAN_POINT('',(49.2594914902336,-47.4062002709437,44.7010101267767));
#2449=CARTESIAN_POINT('',(24.5701516620134,-47.4062002709436,44.7010101267767));
#2450=CARTESIAN_POINT('',(49.2594914902336,-31.4858900541607,60.6213203435596));
#2451=CARTESIAN_POINT('',(49.2594914902336,-35.3857429241408,56.7214674735795));
#2452=CARTESIAN_POINT('',(6.7296643606719,-31.4858900541607,60.6213203435596));
#2453=CARTESIAN_POINT('',(-0.119188166206712,-31.4858900541607,60.6213203435596));
#2454=CARTESIAN_POINT('',(6.72966436067189,-37.2242197556042,54.8829906421161));
#2455=CARTESIAN_POINT('',(6.72966436067191,4.85626643374308,96.9634768314635));
#2456=CARTESIAN_POINT('Origin',(-1.27033563932811,-37.2242197556042,54.8829906421162));
#2457=CARTESIAN_POINT('Origin',(-1.27033563932811,-37.2242197556042,96.4159992311071));
#2458=CARTESIAN_POINT('',(6.72966436067189,-37.2242197556042,52.7616702985565));
#2459=CARTESIAN_POINT('',(6.72966436067189,-37.2242197556042,96.4159992311071));
#2460=CARTESIAN_POINT('Origin',(-1.27033563932811,-37.2242197556042,52.7616702985565));
#2461=CARTESIAN_POINT('Origin',(-1.27033563932808,93.6874684898277,96.4159992311071));
#2462=CARTESIAN_POINT('',(6.72966436067192,93.6874684898277,96.4159992311071));
#2463=CARTESIAN_POINT('Origin',(6.72966436067192,93.6874684898277,96.4159992311071));
#2464=CARTESIAN_POINT('',(6.7296643606719,-29.364569710601,61.5));
#2465=CARTESIAN_POINT('Origin',(6.72966436067189,-29.364569710601,58.5));
#2466=CARTESIAN_POINT('',(6.72966436067191,68.1501489151604,61.5));
#2467=CARTESIAN_POINT('',(6.72966436067191,56.5401290460537,61.5));
#2468=CARTESIAN_POINT('Origin',(6.72966436067191,68.1501489151604,63.));
#2469=CARTESIAN_POINT('',(6.7296643606719,-29.364569710601,60.));
#2470=CARTESIAN_POINT('',(6.72966436067191,56.5401290460537,60.));
#2471=CARTESIAN_POINT('',(6.7296643606719,-30.4252298823809,59.5606601717798));
#2472=CARTESIAN_POINT('Origin',(6.72966436067189,-29.364569710601,58.5));
#2473=CARTESIAN_POINT('',(6.72966436067191,5.91692660552291,95.9028166596837));
#2474=CARTESIAN_POINT('Origin',(-0.119188166206712,-38.2249356223411,51.7609544318195));
#2475=CARTESIAN_POINT('',(49.2594914902336,-30.4252298823809,59.5606601717798));
#2476=CARTESIAN_POINT('',(-0.119188166206712,-30.4252298823809,59.5606601717798));
#2477=CARTESIAN_POINT('',(49.2594914902336,-46.3455400991638,43.6403499549968));
#2478=CARTESIAN_POINT('',(49.2594914902336,-25.6269163091698,64.3589737449909));
#2479=CARTESIAN_POINT('',(-49.4978678226471,-46.3455400991638,43.6403499549968));
#2480=CARTESIAN_POINT('',(24.5701516620134,-46.3455400991638,43.6403499549968));
#2481=CARTESIAN_POINT('',(-49.4978678226471,-49.1299077748625,40.8559822792981));
#2482=CARTESIAN_POINT('Origin',(-0.119188166206712,-48.4668604427235,45.7616702985565));
#2483=CARTESIAN_POINT('',(-49.4978678226471,-48.4668604427235,42.7616702985565));
#2484=CARTESIAN_POINT('Origin',(-49.4978678226471,-48.4668604427235,45.7616702985565));
#2485=CARTESIAN_POINT('',(49.2594914902336,-48.4668604427235,42.7616702985565));
#2486=CARTESIAN_POINT('Origin',(49.2594914902336,-48.4668604427235,45.7616702985565));
#2487=CARTESIAN_POINT('',(-0.119188166206809,-48.4668604427235,42.7616702985565));
#2488=CARTESIAN_POINT('Origin',(-0.119188166206818,-59.4973100826946,42.7616702985565));
#2489=CARTESIAN_POINT('',(-49.4978678226471,-70.9815790684849,42.7616702985566));
#2490=CARTESIAN_POINT('',(-49.4978678226471,-74.790589941651,42.7616702985566));
#2491=CARTESIAN_POINT('',(49.2594914902336,-70.9815790684849,42.7616702985566));
#2492=CARTESIAN_POINT('',(49.2594914902336,-41.6810203109695,42.7616702985565));
#2493=CARTESIAN_POINT('',(-0.119188166206721,-70.9815790684849,42.7616702985566));
#2494=CARTESIAN_POINT('Origin',(-0.119188166206721,-70.9815790684849,45.7616702985566));
#2495=CARTESIAN_POINT('',(-49.4978678226471,-73.1028994120445,43.6403499549969));
#2496=CARTESIAN_POINT('Origin',(-49.4978678226471,-70.9815790684849,45.7616702985566));
#2497=CARTESIAN_POINT('',(49.2594914902336,-73.1028994120445,43.6403499549969));
#2498=CARTESIAN_POINT('Origin',(49.2594914902336,-70.9815790684849,45.7616702985566));
#2499=CARTESIAN_POINT('',(-0.119188166206818,-73.1028994120445,43.6403499549969));
#2500=CARTESIAN_POINT('Origin',(-0.119188166206818,-80.9026051520048,51.4400556949572));
#2501=CARTESIAN_POINT('',(-49.4978678226471,-89.0232096288275,59.5606601717799));
#2502=CARTESIAN_POINT('',(-49.4978678226471,-85.3379073904162,55.8753579333685));
#2503=CARTESIAN_POINT('',(49.2594914902336,-89.0232096288275,59.5606601717798));
#2504=CARTESIAN_POINT('',(49.2594914902336,-68.3045858388335,38.8420363817859));
#2505=CARTESIAN_POINT('',(-0.11918816620672,-89.0232096288275,59.5606601717799));
#2506=CARTESIAN_POINT('Origin',(-0.119188166206721,-90.0838698006073,58.5));
#2507=CARTESIAN_POINT('',(-49.4978678226471,-90.0838698006073,60.));
#2508=CARTESIAN_POINT('Origin',(-49.4978678226471,-90.0838698006073,58.5));
#2509=CARTESIAN_POINT('',(49.2594914902336,-90.0838698006073,60.));
#2510=CARTESIAN_POINT('Origin',(49.2594914902336,-90.0838698006073,58.5));
#2511=CARTESIAN_POINT('',(-0.119188166206721,-90.0838698006073,60.));
#2512=CARTESIAN_POINT('Origin',(68.3617822223561,19.3927896022797,75.7383297014435));
#2513=CARTESIAN_POINT('',(66.2404618787965,69.3927896022797,77.8596500450031));
#2514=CARTESIAN_POINT('',(68.3617822223561,69.3927896022797,78.7383297014435));
#2515=CARTESIAN_POINT('Origin',(68.3617822223561,69.3927896022797,75.7383297014435));
#2516=CARTESIAN_POINT('',(66.2404618787965,-30.6072103977203,77.8596500450031));
#2517=CARTESIAN_POINT('',(66.2404618787965,19.3927896022797,77.8596500450031));
#2518=CARTESIAN_POINT('',(68.3617822223561,-30.6072103977203,78.7383297014435));
#2519=CARTESIAN_POINT('Origin',(68.3617822223561,-30.6072103977203,75.7383297014435));
#2520=CARTESIAN_POINT('',(68.3617822223561,19.3927896022797,78.7383297014435));
#2521=CARTESIAN_POINT('Origin',(79.3922318623272,19.3927896022797,78.7383297014435));
#2522=CARTESIAN_POINT('',(92.1191415352368,69.3927896022796,78.7383297014435));
#2523=CARTESIAN_POINT('',(73.8770070423417,69.3927896022797,78.7383297014435));
#2524=CARTESIAN_POINT('',(92.1191415352368,-30.6072103977204,78.7383297014435));
#2525=CARTESIAN_POINT('',(64.8561917621703,-30.6072103977203,78.7383297014435));
#2526=CARTESIAN_POINT('',(92.1191415352368,44.3927896022796,78.7383297014435));
#2527=CARTESIAN_POINT('Origin',(79.3922318623272,19.3927896022797,77.2383297014435));
#2528=CARTESIAN_POINT('',(92.1191415352368,69.3927896022797,77.2383297014435));
#2529=CARTESIAN_POINT('',(68.3617822223561,69.3927896022797,77.2383297014435));
#2530=CARTESIAN_POINT('',(61.5759420906021,69.3927896022797,77.2383297014435));
#2531=CARTESIAN_POINT('',(92.1191415352368,-30.6072103977203,77.2383297014435));
#2532=CARTESIAN_POINT('',(92.1191415352368,44.3927896022796,77.2383297014435));
#2533=CARTESIAN_POINT('',(68.3617822223561,-30.6072103977203,77.2383297014435));
#2534=CARTESIAN_POINT('',(64.8561917621703,-30.6072103977203,77.2383297014435));
#2535=CARTESIAN_POINT('',(68.3617822223561,19.3927896022797,77.2383297014435));
#2536=CARTESIAN_POINT('Origin',(92.1191415352368,69.3927896022796,77.2383297014435));
#2537=CARTESIAN_POINT('',(92.1191415352368,-30.6072103977204,69.5888347648319));
#2538=CARTESIAN_POINT('',(92.1191415352368,69.3927896022796,77.2383297014435));
#2539=CARTESIAN_POINT('Origin',(68.3617822223561,19.3927896022797,75.7383297014435));
#2540=CARTESIAN_POINT('',(67.3011220505762,-30.6072103977203,76.7989898732233));
#2541=CARTESIAN_POINT('Origin',(68.3617822223561,-30.6072103977203,75.7383297014435));
#2542=CARTESIAN_POINT('',(67.3011220505762,69.3927896022797,76.7989898732233));
#2543=CARTESIAN_POINT('',(67.3011220505762,-5.60721039772034,76.7989898732233));
#2544=CARTESIAN_POINT('Origin',(68.3617822223561,69.3927896022797,75.7383297014435));
#2545=CARTESIAN_POINT('Origin',(50.1263697337257,-29.364569710601,60.9071707876352));
#2546=CARTESIAN_POINT('',(49.2594914902336,-29.364569710601,60.));
#2547=CARTESIAN_POINT('',(49.2594914902336,-29.364569710601,60.));
#2548=CARTESIAN_POINT('',(51.3808118337933,-29.364569710601,60.8786796564404));
#2549=CARTESIAN_POINT('Origin',(49.2594914902336,-29.364569710601,63.));
#2550=CARTESIAN_POINT('',(51.3808118337933,-29.364569710601,60.8786796564404));
#2551=CARTESIAN_POINT('Origin',(-0.119188166206721,-90.0838698006073,58.5));
#2552=CARTESIAN_POINT('',(-49.4978678226471,-87.9625494570477,60.6213203435597));
#2553=CARTESIAN_POINT('',(-49.4978678226471,-90.0838698006073,61.5));
#2554=CARTESIAN_POINT('Origin',(-49.4978678226471,-90.0838698006073,58.5));
#2555=CARTESIAN_POINT('',(49.2594914902336,-90.0838698006074,61.5));
#2556=CARTESIAN_POINT('',(-0.119188166206721,-90.0838698006073,61.5));
#2557=CARTESIAN_POINT('',(49.2594914902336,-87.9625494570477,60.6213203435597));
#2558=CARTESIAN_POINT('Origin',(49.2594914902336,-90.0838698006074,58.5));
#2559=CARTESIAN_POINT('',(-24.8085279944269,-87.9625494570477,60.6213203435597));
#2560=CARTESIAN_POINT('Origin',(-0.119188166206818,-79.841944980225,52.500715866737));
#2561=CARTESIAN_POINT('',(-49.4978678226471,-72.0422392402647,44.7010101267767));
#2562=CARTESIAN_POINT('',(-49.4978678226471,-84.2772472186364,56.9360181051483));
#2563=CARTESIAN_POINT('',(49.2594914902336,-72.0422392402647,44.7010101267767));
#2564=CARTESIAN_POINT('',(49.2594914902336,-69.2527522820246,41.9115231685367));
#2565=CARTESIAN_POINT('',(-0.119188166206818,-72.0422392402647,44.7010101267767));
#2566=CARTESIAN_POINT('Origin',(-0.119188166206721,-70.9815790684849,45.7616702985566));
#2567=CARTESIAN_POINT('',(-49.4978678226471,-70.9815790684849,44.2616702985566));
#2568=CARTESIAN_POINT('Origin',(-49.4978678226471,-70.9815790684849,45.7616702985566));
#2569=CARTESIAN_POINT('',(49.2594914902336,-70.9815790684849,44.2616702985566));
#2570=CARTESIAN_POINT('Origin',(49.2594914902336,-70.9815790684849,45.7616702985566));
#2571=CARTESIAN_POINT('',(24.5701516620134,-70.9815790684849,44.2616702985566));
#2572=CARTESIAN_POINT('Origin',(-0.119188166206818,-59.4973100826946,44.2616702985565));
#2573=CARTESIAN_POINT('',(-49.4978678226471,-48.4668604427235,44.2616702985565));
#2574=CARTESIAN_POINT('',(-49.4978678226471,-74.790589941651,44.2616702985566));
#2575=CARTESIAN_POINT('',(49.2594914902336,-48.4668604427235,44.2616702985565));
#2576=CARTESIAN_POINT('',(49.2594914902336,-44.9612699825378,44.2616702985564));
#2577=CARTESIAN_POINT('',(-0.119188166206809,-48.4668604427235,44.2616702985565));
#2578=CARTESIAN_POINT('Origin',(-0.119188166206712,-48.4668604427235,45.7616702985565));
#2579=CARTESIAN_POINT('Origin',(-49.4978678226471,-48.4668604427235,45.7616702985565));
#2580=CARTESIAN_POINT('Origin',(49.2594914902336,-48.4668604427235,45.7616702985565));
#2581=CARTESIAN_POINT('Origin',(-0.119188166206712,-29.364569710601,58.5));
#2582=CARTESIAN_POINT('Origin',(49.2594914902336,-29.364569710601,58.5));
#2583=CARTESIAN_POINT('',(-24.4978678226471,-29.364569710601,61.5));
#2584=CARTESIAN_POINT('Origin',(49.2594914902336,-30.4252298823809,59.5606601717798));
#2585=CARTESIAN_POINT('',(49.2594914902336,-113.841229113488,61.5));
#2586=CARTESIAN_POINT('',(49.2594914902336,44.3927896022797,61.5));
#2587=CARTESIAN_POINT('',(49.2594914902336,-113.841229113488,60.));
#2588=CARTESIAN_POINT('',(49.2594914902336,-113.841229113488,59.78033008589));
#2589=CARTESIAN_POINT('',(49.2594914902336,-83.2980296688534,60.));
#2590=CARTESIAN_POINT('',(49.2594914902336,-90.0838698006073,61.4000000000001));
#2591=CARTESIAN_POINT('',(49.2594914902336,-90.0838698006073,60.33));
#2592=CARTESIAN_POINT('',(49.2594914902336,-88.0332601351664,60.550609665441));
#2593=CARTESIAN_POINT('',(49.2594914902336,-88.4928795429376,60.0909902576698));
#2594=CARTESIAN_POINT('',(49.2594914902336,-72.1129499183834,44.6302994486581));
#2595=CARTESIAN_POINT('',(49.2594914902336,-72.2755844780562,44.4676648889852));
#2596=CARTESIAN_POINT('',(49.2594914902336,-70.9815790684849,44.1616702985566));
#2597=CARTESIAN_POINT('',(49.2594914902336,-70.9815790684849,44.2616702985566));
#2598=CARTESIAN_POINT('',(49.2594914902336,-48.4668604427235,44.1616702985565));
#2599=CARTESIAN_POINT('',(49.2594914902336,-48.4668604427235,43.9316702985565));
#2600=CARTESIAN_POINT('',(49.2594914902336,-47.335489592825,44.630299448658));
#2601=CARTESIAN_POINT('',(49.2594914902336,-46.8758701850537,44.1706800408867));
#2602=CARTESIAN_POINT('',(49.2594914902336,-31.415179376042,60.550609665441));
#2603=CARTESIAN_POINT('',(49.2594914902336,-30.6585751201724,59.7940054095714));
#2604=CARTESIAN_POINT('Origin',(49.2594914902336,-29.364569710601,58.5));
#2605=CARTESIAN_POINT('Origin',(-50.3765474790871,68.1501489151604,60.6213203435597));
#2606=CARTESIAN_POINT('',(-50.3058368009687,68.1501489151604,60.550609665441));
#2607=CARTESIAN_POINT('',(-49.5492325450991,68.1501489151604,59.7940054095714));
#2608=CARTESIAN_POINT('',(-66.2261470177515,68.1501489151604,44.6302994486582));
#2609=CARTESIAN_POINT('',(-65.7665276099801,68.1501489151604,44.1706800408868));
#2610=CARTESIAN_POINT('',(-67.3575178676501,68.1501489151604,44.1616702985566));
#2611=CARTESIAN_POINT('',(-67.3575178676501,68.1501489151604,43.9316702985566));
#2612=CARTESIAN_POINT('',(-91.1148771805311,68.1501489151604,52.4414953210581));
#2613=CARTESIAN_POINT('Origin',(58.1198574019737,19.3927896022797,69.7390455681805));
#2614=CARTESIAN_POINT('',(62.5551596403851,69.3927896022797,74.1743478065918));
#2615=CARTESIAN_POINT('',(50.3201516620134,-30.6072103977203,61.9393398282202));
#2616=CARTESIAN_POINT('',(50.3201516620134,19.3927896022797,61.9393398282202));
#2617=CARTESIAN_POINT('',(54.2200045319936,-30.6072103977203,65.8391926982003));
#2618=CARTESIAN_POINT('',(57.8542769215029,26.8927896022797,69.4734650877097));
#2619=CARTESIAN_POINT('Origin',(57.8542769215029,19.3927896022797,69.4734650877097));
#2620=CARTESIAN_POINT('Origin',(59.1805175737535,19.3927896022797,68.6783853964006));
#2621=CARTESIAN_POINT('',(51.3808118337933,-4.98589005416069,60.8786796564404));
#2622=CARTESIAN_POINT('',(46.5824982605822,69.3927896022797,56.0803660832293));
#2623=CARTESIAN_POINT('',(51.3808118337933,-30.6072103977203,60.8786796564404));
#2624=CARTESIAN_POINT('',(55.2806647037734,-30.6072103977203,64.7785325264205));
#2625=CARTESIAN_POINT('',(51.3808118337933,-4.98589005416069,60.8786796564404));
#2626=CARTESIAN_POINT('',(58.9149370932827,26.8927896022797,68.4128049159298));
#2627=CARTESIAN_POINT('Origin',(58.9149370932827,19.3927896022797,68.4128049159298));
#2628=CARTESIAN_POINT('Origin',(57.8542769215029,19.3927896022797,69.4734650877097));
#2629=CARTESIAN_POINT('',(57.8542769215029,26.8927896022797,69.4734650877097));
#2630=CARTESIAN_POINT('Origin',(-57.8063725015891,-19.364569710601,52.1308351492783));
#2631=CARTESIAN_POINT('',(-57.8063725015891,-21.364569710601,52.1308351492783));
#2632=CARTESIAN_POINT('Origin',(-57.8063725015891,19.3926489151604,52.1308351492783));
#2633=CARTESIAN_POINT('',(-57.8063725015891,17.3926489151604,52.1308351492783));
#2634=CARTESIAN_POINT('Origin',(-57.8063725015891,58.1501489151604,52.1308351492783));
#2635=CARTESIAN_POINT('',(-57.8063725015891,56.1501489151604,52.1308351492783));
#2636=CARTESIAN_POINT('Origin',(-49.4978678226471,-90.0838698006073,60.));
#2637=CARTESIAN_POINT('',(-49.4978678226471,-113.841229113488,60.));
#2638=CARTESIAN_POINT('',(-49.4978678226471,-95.5990946205929,60.));
#2639=CARTESIAN_POINT('',(-49.4978678226471,-113.841229113488,61.5));
#2640=CARTESIAN_POINT('',(-49.4978678226471,-113.841229113488,60.));
#2641=CARTESIAN_POINT('',(-49.4978678226471,-35.3455400991638,61.5));
#2642=CARTESIAN_POINT('',(-49.4978678226471,-70.9815790684849,42.8616702985566));
#2643=CARTESIAN_POINT('',(-49.4978678226471,-70.9815790684849,44.1616702985566));
#2644=CARTESIAN_POINT('',(-49.4978678226471,-70.9815790684849,44.2616702985566));
#2645=CARTESIAN_POINT('',(-49.4978678226471,-88.9524989507088,59.6313708498985));
#2646=CARTESIAN_POINT('',(-49.4978678226471,-88.0332601351663,60.550609665441));
#2647=CARTESIAN_POINT('',(-49.4978678226471,-88.4928795429376,60.0909902576698));
#2648=CARTESIAN_POINT('',(-49.4978678226471,-90.0838698006073,61.4000000000001));
#2649=CARTESIAN_POINT('',(-49.4978678226471,-90.0838698006073,60.1000000000001));
#2650=CARTESIAN_POINT('',(-49.4978678226471,-90.0838698006073,60.33));
#2651=CARTESIAN_POINT('',(-49.4978678226471,-72.1129499183834,44.630299448658));
#2652=CARTESIAN_POINT('',(-49.4978678226471,-73.0321887339259,43.7110606331155));
#2653=CARTESIAN_POINT('',(-49.4978678226471,-72.2755844780562,44.4676648889852));
#2654=CARTESIAN_POINT('',(-49.4978678226471,-48.4668604427235,44.1616702985565));
#2655=CARTESIAN_POINT('',(-49.4978678226471,-48.4668604427235,42.8616702985565));
#2656=CARTESIAN_POINT('',(-49.4978678226471,-48.4668604427235,43.9316702985565));
#2657=CARTESIAN_POINT('',(-49.4978678226471,-46.4162507772825,43.7110606331155));
#2658=CARTESIAN_POINT('',(-49.4978678226471,-47.335489592825,44.630299448658));
#2659=CARTESIAN_POINT('',(-49.4978678226471,-46.8758701850537,44.1706800408867));
#2660=CARTESIAN_POINT('Origin',(-0.11918816620673,-101.114319440578,60.));
#2661=CARTESIAN_POINT('',(24.5701516620134,-113.841229113488,60.));
#2662=CARTESIAN_POINT('Origin',(49.2594914902336,-113.841229113488,60.));
#2663=CARTESIAN_POINT('',(24.8808118337932,-113.841229113488,61.5));
#2664=CARTESIAN_POINT('Origin',(68.3617822223561,69.3927896022797,77.2383297014435));
#2665=CARTESIAN_POINT('',(66.3111725569151,69.3927896022797,77.7889393668845));
#2666=CARTESIAN_POINT('',(66.7707919646863,69.3927896022797,77.3293199591132));
#2667=CARTESIAN_POINT('',(68.3617822223561,69.3927896022797,78.6383297014435));
#2668=CARTESIAN_POINT('',(68.3617822223561,69.3927896022797,77.5683297014435));
#2669=CARTESIAN_POINT('Origin',(-0.119188166206712,-29.364569710601,58.5));
#2670=CARTESIAN_POINT('',(-24.4068775649774,-29.364569710601,60.));
#2671=CARTESIAN_POINT('Origin',(0.502132177352905,19.3927896022797,60.));
#2672=CARTESIAN_POINT('',(49.2594914902336,62.1614493896132,60.));
#2673=CARTESIAN_POINT('Origin',(0.502132177352905,19.3927896022797,61.5));
#2674=CARTESIAN_POINT('',(-24.4978678226471,68.1501489151604,61.5));
#2675=CARTESIAN_POINT('Origin',(-0.119188166206694,68.1501489151604,63.));
#2676=CARTESIAN_POINT('Origin',(0.502132177352905,19.3927896022797,60.));
#2677=CARTESIAN_POINT('',(-24.9372076508671,68.1501489151604,60.));
#2678=CARTESIAN_POINT('Origin',(-48.2552271355278,-30.2314479540931,60.5928292123648));
#2679=CARTESIAN_POINT('',(-48.2552271355278,-29.364569710601,60.));
#2680=CARTESIAN_POINT('Origin',(-49.3158873073077,-29.364569710601,59.5606601717798));
#2681=CARTESIAN_POINT('',(-91.1148771805311,-29.364569710601,51.9111652351682));
#2682=CARTESIAN_POINT('',(-67.3575178676501,-29.364569710601,42.8616702985566));
#2683=CARTESIAN_POINT('',(-67.3575178676501,-29.364569710601,44.1616702985566));
#2684=CARTESIAN_POINT('',(-67.3575178676501,-29.364569710601,43.9316702985566));
#2685=CARTESIAN_POINT('',(-66.2261470177514,-29.364569710601,44.6302994486581));
#2686=CARTESIAN_POINT('',(-65.306908202209,-29.364569710601,43.7110606331157));
#2687=CARTESIAN_POINT('',(-65.7665276099801,-29.364569710601,44.1706800408868));
#2688=CARTESIAN_POINT('',(-49.3865979854262,-29.364569710601,59.6313708498985));
#2689=CARTESIAN_POINT('',(-50.3058368009687,-29.364569710601,60.550609665441));
#2690=CARTESIAN_POINT('',(-49.5492325450991,-29.364569710601,59.7940054095714));
#2691=CARTESIAN_POINT('Origin',(-91.1148771805311,68.1501489151604,44.2616702985566));
#2692=CARTESIAN_POINT('Origin',(-49.4978678226471,128.687468489828,94.9159992311071));
#2693=CARTESIAN_POINT('',(-49.4978678226471,128.687468489828,78.4276695296636));
#2694=CARTESIAN_POINT('Origin',(0.502132177352905,19.3927896022797,61.5));
#2695=CARTESIAN_POINT('Origin',(-0.119188166206694,68.1501489151604,63.));
#2696=CARTESIAN_POINT('',(-24.4978678226471,68.1501489151604,61.5));
#2697=CARTESIAN_POINT('Origin',(0.502132177352905,19.3927896022797,61.5));
#2698=CARTESIAN_POINT('Origin',(-49.4978678226471,69.2108090869403,61.9393398282202));
#2699=CARTESIAN_POINT('',(-49.4978678226471,102.879499511506,95.4666088965479));
#2700=CARTESIAN_POINT('',(-49.4978678226471,103.798738327048,94.5473700810054));
#2701=CARTESIAN_POINT('',(-49.4978678226471,103.339118919277,95.0069894887768));
#2702=CARTESIAN_POINT('',(-49.4978678226471,104.930109176947,95.0159992311071));
#2703=CARTESIAN_POINT('',(-49.4978678226471,104.930109176947,96.3159992311071));
#2704=CARTESIAN_POINT('',(-49.4978678226471,104.930109176947,95.2459992311071));
#2705=CARTESIAN_POINT('Origin',(-0.119188166206694,68.1501489151604,63.));
#2706=CARTESIAN_POINT('Origin',(49.2594914902336,19.3927896022797,63.));
#2707=CARTESIAN_POINT('Origin',(50.3201516620134,-29.364569710601,61.9393398282202));
#2708=CARTESIAN_POINT('',(50.553496899805,-30.6072103977203,61.7059945904286));
#2709=CARTESIAN_POINT('Origin',(50.3201516620134,-30.6072103977203,61.9393398282202));
#2710=CARTESIAN_POINT('',(67.2304113724576,-30.6072103977203,76.8697005513419));
#2711=CARTESIAN_POINT('',(66.3111725569151,-30.6072103977203,77.7889393668844));
#2712=CARTESIAN_POINT('',(66.7707919646863,-30.6072103977203,77.3293199591132));
#2713=CARTESIAN_POINT('',(68.3617822223561,-30.6072103977203,78.6383297014435));
#2714=CARTESIAN_POINT('',(68.3617822223561,-30.6072103977203,77.3383297014435));
#2715=CARTESIAN_POINT('',(68.3617822223561,-30.6072103977203,77.5683297014435));
#2716=UNCERTAINTY_MEASURE_WITH_UNIT(LENGTH_MEASURE(0.01),#2720,
'DISTANCE_ACCURACY_VALUE',
'Maximum model space distance between geometric entities at asserted c
onnectivities');
#2717=UNCERTAINTY_MEASURE_WITH_UNIT(LENGTH_MEASURE(0.01),#2720,
'DISTANCE_ACCURACY_VALUE',
'Maximum model space distance between geometric entities at asserted c
onnectivities');
#2718=(
GEOMETRIC_REPRESENTATION_CONTEXT(3)
GLOBAL_UNCERTAINTY_ASSIGNED_CONTEXT((#2716))
GLOBAL_UNIT_ASSIGNED_CONTEXT((#2720,#2722,#2723))
REPRESENTATION_CONTEXT('','3D')
);
#2719=(
GEOMETRIC_REPRESENTATION_CONTEXT(3)
GLOBAL_UNCERTAINTY_ASSIGNED_CONTEXT((#2717))
GLOBAL_UNIT_ASSIGNED_CONTEXT((#2720,#2722,#2723))
REPRESENTATION_CONTEXT('','3D')
);
#2720=(
LENGTH_UNIT()
NAMED_UNIT(*)
SI_UNIT(.MILLI.,.METRE.)
);
#2721=(
LENGTH_UNIT()
NAMED_UNIT(*)
SI_UNIT($,.METRE.)
);
#2722=(
NAMED_UNIT(*)
PLANE_ANGLE_UNIT()
SI_UNIT($,.RADIAN.)
);
#2723=(
NAMED_UNIT(*)
SI_UNIT($,.STERADIAN.)
SOLID_ANGLE_UNIT()
);
#2724=SHAPE_DEFINITION_REPRESENTATION(#2725,#2726);
#2725=PRODUCT_DEFINITION_SHAPE('',$,#2728);
#2726=SHAPE_REPRESENTATION('',(#1652),#2718);
#2727=PRODUCT_DEFINITION_CONTEXT('part definition',#2732,'design');
#2728=PRODUCT_DEFINITION('Fixture','Fixture v2',#2729,#2727);
#2729=PRODUCT_DEFINITION_FORMATION('',$,#2734);
#2730=PRODUCT_RELATED_PRODUCT_CATEGORY('Fixture v2','Fixture v2',(#2734));
#2731=APPLICATION_PROTOCOL_DEFINITION('international standard',
'automotive_design',2009,#2732);
#2732=APPLICATION_CONTEXT(
'Core Data for Automotive Mechanical Design Process');
#2733=PRODUCT_CONTEXT('part definition',#2732,'mechanical');
#2734=PRODUCT('Fixture','Fixture v2',$,(#2733));
#2735=PRESENTATION_STYLE_ASSIGNMENT((#2737));
#2736=PRESENTATION_STYLE_ASSIGNMENT((#2738));
#2737=SURFACE_STYLE_USAGE(.BOTH.,#2739);
#2738=SURFACE_STYLE_USAGE(.BOTH.,#2740);
#2739=SURFACE_SIDE_STYLE('',(#2741));
#2740=SURFACE_SIDE_STYLE('',(#2742));
#2741=SURFACE_STYLE_FILL_AREA(#2743);
#2742=SURFACE_STYLE_FILL_AREA(#2744);
#2743=FILL_AREA_STYLE('Steel - Satin',(#2745));
#2744=FILL_AREA_STYLE('Aluminum - Bead Blasted',(#2746));
#2745=FILL_AREA_STYLE_COLOUR('Steel - Satin',#2747);
#2746=FILL_AREA_STYLE_COLOUR('Aluminum - Bead Blasted',#2748);
#2747=COLOUR_RGB('Steel - Satin',0.627450980392157,0.627450980392157,0.627450980392157);
#2748=COLOUR_RGB('Aluminum - Bead Blasted',0.96078431372549,0.96078431372549,
0.964705882352941);
ENDSEC;
END-ISO-10303-21;
