ISO-10303-21;
HEADER;
/* Generated by software containing ST-Developer
 * from STEP Tools, Inc. (www.steptools.com) 
 */

FILE_DESCRIPTION(
/* description */ (''),
/* implementation_level */ '2;1');

FILE_NAME(
/* name */ 
'/Volumes/IGEMS/Temp/JJ/Sample parts/Toolpath - Rectangular array.step',

/* time_stamp */ '2019-09-25T08:45:32+02:00',
/* author */ (''),
/* organization */ (''),
/* preprocessor_version */ 'ST-DEVELOPER v18',
/* originating_system */ 'Autodesk Translation Framework v8.6.0.1094',
/* authorisation */ '');

FILE_SCHEMA (('AUTOMOTIVE_DESIGN { 1 0 10303 214 3 1 1 }'));
ENDSEC;

DATA;
#10=MECHANICAL_DESIGN_GEOMETRIC_PRESENTATION_REPRESENTATION('',(#13),#3915);
#11=SHAPE_REPRESENTATION_RELATIONSHIP('SRR','None',#3922,#12);
#12=ADVANCED_BREP_SHAPE_REPRESENTATION('',(#14),#3914);
#13=STYLED_ITEM('',(#3932),#14);
#14=MANIFOLD_SOLID_BREP('Body1',#2295);
#15=FACE_BOUND('',#316,.T.);
#16=FACE_BOUND('',#317,.T.);
#17=FACE_BOUND('',#318,.T.);
#18=FACE_BOUND('',#319,.T.);
#19=FACE_BOUND('',#320,.T.);
#20=FACE_BOUND('',#321,.T.);
#21=FACE_BOUND('',#322,.T.);
#22=FACE_BOUND('',#323,.T.);
#23=FACE_BOUND('',#324,.T.);
#24=FACE_BOUND('',#325,.T.);
#25=FACE_BOUND('',#326,.T.);
#26=FACE_BOUND('',#328,.T.);
#27=FACE_BOUND('',#329,.T.);
#28=FACE_BOUND('',#330,.T.);
#29=FACE_BOUND('',#331,.T.);
#30=FACE_BOUND('',#332,.T.);
#31=FACE_BOUND('',#333,.T.);
#32=FACE_BOUND('',#334,.T.);
#33=FACE_BOUND('',#335,.T.);
#34=FACE_BOUND('',#336,.T.);
#35=FACE_BOUND('',#337,.T.);
#36=FACE_BOUND('',#338,.T.);
#37=PLANE('',#2312);
#38=PLANE('',#2316);
#39=PLANE('',#2320);
#40=PLANE('',#2324);
#41=PLANE('',#2328);
#42=PLANE('',#2332);
#43=PLANE('',#2336);
#44=PLANE('',#2340);
#45=PLANE('',#2344);
#46=PLANE('',#2348);
#47=PLANE('',#2358);
#48=PLANE('',#2362);
#49=PLANE('',#2366);
#50=PLANE('',#2370);
#51=PLANE('',#2374);
#52=PLANE('',#2384);
#53=PLANE('',#2388);
#54=PLANE('',#2392);
#55=PLANE('',#2396);
#56=PLANE('',#2400);
#57=PLANE('',#2410);
#58=PLANE('',#2414);
#59=PLANE('',#2418);
#60=PLANE('',#2422);
#61=PLANE('',#2426);
#62=PLANE('',#2436);
#63=PLANE('',#2440);
#64=PLANE('',#2444);
#65=PLANE('',#2448);
#66=PLANE('',#2452);
#67=PLANE('',#2462);
#68=PLANE('',#2466);
#69=PLANE('',#2470);
#70=PLANE('',#2474);
#71=PLANE('',#2478);
#72=PLANE('',#2488);
#73=PLANE('',#2492);
#74=PLANE('',#2496);
#75=PLANE('',#2500);
#76=PLANE('',#2504);
#77=PLANE('',#2514);
#78=PLANE('',#2518);
#79=PLANE('',#2522);
#80=PLANE('',#2526);
#81=PLANE('',#2530);
#82=PLANE('',#2540);
#83=PLANE('',#2541);
#84=PLANE('',#2542);
#85=PLANE('',#2543);
#86=PLANE('',#2544);
#87=PLANE('',#2545);
#88=PLANE('',#2546);
#89=FACE_OUTER_BOUND('',#203,.T.);
#90=FACE_OUTER_BOUND('',#204,.T.);
#91=FACE_OUTER_BOUND('',#205,.T.);
#92=FACE_OUTER_BOUND('',#206,.T.);
#93=FACE_OUTER_BOUND('',#207,.T.);
#94=FACE_OUTER_BOUND('',#208,.T.);
#95=FACE_OUTER_BOUND('',#209,.T.);
#96=FACE_OUTER_BOUND('',#210,.T.);
#97=FACE_OUTER_BOUND('',#211,.T.);
#98=FACE_OUTER_BOUND('',#212,.T.);
#99=FACE_OUTER_BOUND('',#213,.T.);
#100=FACE_OUTER_BOUND('',#214,.T.);
#101=FACE_OUTER_BOUND('',#215,.T.);
#102=FACE_OUTER_BOUND('',#216,.T.);
#103=FACE_OUTER_BOUND('',#217,.T.);
#104=FACE_OUTER_BOUND('',#218,.T.);
#105=FACE_OUTER_BOUND('',#219,.T.);
#106=FACE_OUTER_BOUND('',#220,.T.);
#107=FACE_OUTER_BOUND('',#221,.T.);
#108=FACE_OUTER_BOUND('',#222,.T.);
#109=FACE_OUTER_BOUND('',#223,.T.);
#110=FACE_OUTER_BOUND('',#224,.T.);
#111=FACE_OUTER_BOUND('',#225,.T.);
#112=FACE_OUTER_BOUND('',#226,.T.);
#113=FACE_OUTER_BOUND('',#227,.T.);
#114=FACE_OUTER_BOUND('',#228,.T.);
#115=FACE_OUTER_BOUND('',#229,.T.);
#116=FACE_OUTER_BOUND('',#230,.T.);
#117=FACE_OUTER_BOUND('',#231,.T.);
#118=FACE_OUTER_BOUND('',#232,.T.);
#119=FACE_OUTER_BOUND('',#233,.T.);
#120=FACE_OUTER_BOUND('',#234,.T.);
#121=FACE_OUTER_BOUND('',#235,.T.);
#122=FACE_OUTER_BOUND('',#236,.T.);
#123=FACE_OUTER_BOUND('',#237,.T.);
#124=FACE_OUTER_BOUND('',#238,.T.);
#125=FACE_OUTER_BOUND('',#239,.T.);
#126=FACE_OUTER_BOUND('',#240,.T.);
#127=FACE_OUTER_BOUND('',#241,.T.);
#128=FACE_OUTER_BOUND('',#242,.T.);
#129=FACE_OUTER_BOUND('',#243,.T.);
#130=FACE_OUTER_BOUND('',#244,.T.);
#131=FACE_OUTER_BOUND('',#245,.T.);
#132=FACE_OUTER_BOUND('',#246,.T.);
#133=FACE_OUTER_BOUND('',#247,.T.);
#134=FACE_OUTER_BOUND('',#248,.T.);
#135=FACE_OUTER_BOUND('',#249,.T.);
#136=FACE_OUTER_BOUND('',#250,.T.);
#137=FACE_OUTER_BOUND('',#251,.T.);
#138=FACE_OUTER_BOUND('',#252,.T.);
#139=FACE_OUTER_BOUND('',#253,.T.);
#140=FACE_OUTER_BOUND('',#254,.T.);
#141=FACE_OUTER_BOUND('',#255,.T.);
#142=FACE_OUTER_BOUND('',#256,.T.);
#143=FACE_OUTER_BOUND('',#257,.T.);
#144=FACE_OUTER_BOUND('',#258,.T.);
#145=FACE_OUTER_BOUND('',#259,.T.);
#146=FACE_OUTER_BOUND('',#260,.T.);
#147=FACE_OUTER_BOUND('',#261,.T.);
#148=FACE_OUTER_BOUND('',#262,.T.);
#149=FACE_OUTER_BOUND('',#263,.T.);
#150=FACE_OUTER_BOUND('',#264,.T.);
#151=FACE_OUTER_BOUND('',#265,.T.);
#152=FACE_OUTER_BOUND('',#266,.T.);
#153=FACE_OUTER_BOUND('',#267,.T.);
#154=FACE_OUTER_BOUND('',#268,.T.);
#155=FACE_OUTER_BOUND('',#269,.T.);
#156=FACE_OUTER_BOUND('',#270,.T.);
#157=FACE_OUTER_BOUND('',#271,.T.);
#158=FACE_OUTER_BOUND('',#272,.T.);
#159=FACE_OUTER_BOUND('',#273,.T.);
#160=FACE_OUTER_BOUND('',#274,.T.);
#161=FACE_OUTER_BOUND('',#275,.T.);
#162=FACE_OUTER_BOUND('',#276,.T.);
#163=FACE_OUTER_BOUND('',#277,.T.);
#164=FACE_OUTER_BOUND('',#278,.T.);
#165=FACE_OUTER_BOUND('',#279,.T.);
#166=FACE_OUTER_BOUND('',#280,.T.);
#167=FACE_OUTER_BOUND('',#281,.T.);
#168=FACE_OUTER_BOUND('',#282,.T.);
#169=FACE_OUTER_BOUND('',#283,.T.);
#170=FACE_OUTER_BOUND('',#284,.T.);
#171=FACE_OUTER_BOUND('',#285,.T.);
#172=FACE_OUTER_BOUND('',#286,.T.);
#173=FACE_OUTER_BOUND('',#287,.T.);
#174=FACE_OUTER_BOUND('',#288,.T.);
#175=FACE_OUTER_BOUND('',#289,.T.);
#176=FACE_OUTER_BOUND('',#290,.T.);
#177=FACE_OUTER_BOUND('',#291,.T.);
#178=FACE_OUTER_BOUND('',#292,.T.);
#179=FACE_OUTER_BOUND('',#293,.T.);
#180=FACE_OUTER_BOUND('',#294,.T.);
#181=FACE_OUTER_BOUND('',#295,.T.);
#182=FACE_OUTER_BOUND('',#296,.T.);
#183=FACE_OUTER_BOUND('',#297,.T.);
#184=FACE_OUTER_BOUND('',#298,.T.);
#185=FACE_OUTER_BOUND('',#299,.T.);
#186=FACE_OUTER_BOUND('',#300,.T.);
#187=FACE_OUTER_BOUND('',#301,.T.);
#188=FACE_OUTER_BOUND('',#302,.T.);
#189=FACE_OUTER_BOUND('',#303,.T.);
#190=FACE_OUTER_BOUND('',#304,.T.);
#191=FACE_OUTER_BOUND('',#305,.T.);
#192=FACE_OUTER_BOUND('',#306,.T.);
#193=FACE_OUTER_BOUND('',#307,.T.);
#194=FACE_OUTER_BOUND('',#308,.T.);
#195=FACE_OUTER_BOUND('',#309,.T.);
#196=FACE_OUTER_BOUND('',#310,.T.);
#197=FACE_OUTER_BOUND('',#311,.T.);
#198=FACE_OUTER_BOUND('',#312,.T.);
#199=FACE_OUTER_BOUND('',#313,.T.);
#200=FACE_OUTER_BOUND('',#314,.T.);
#201=FACE_OUTER_BOUND('',#315,.T.);
#202=FACE_OUTER_BOUND('',#327,.T.);
#203=EDGE_LOOP('',(#1447,#1448,#1449,#1450));
#204=EDGE_LOOP('',(#1451,#1452,#1453,#1454));
#205=EDGE_LOOP('',(#1455,#1456,#1457,#1458));
#206=EDGE_LOOP('',(#1459,#1460,#1461,#1462));
#207=EDGE_LOOP('',(#1463,#1464,#1465,#1466));
#208=EDGE_LOOP('',(#1467,#1468,#1469,#1470));
#209=EDGE_LOOP('',(#1471,#1472,#1473,#1474));
#210=EDGE_LOOP('',(#1475,#1476,#1477,#1478));
#211=EDGE_LOOP('',(#1479,#1480,#1481,#1482));
#212=EDGE_LOOP('',(#1483,#1484,#1485,#1486));
#213=EDGE_LOOP('',(#1487,#1488,#1489,#1490));
#214=EDGE_LOOP('',(#1491,#1492,#1493,#1494));
#215=EDGE_LOOP('',(#1495,#1496,#1497,#1498));
#216=EDGE_LOOP('',(#1499,#1500,#1501,#1502));
#217=EDGE_LOOP('',(#1503,#1504,#1505,#1506));
#218=EDGE_LOOP('',(#1507,#1508,#1509,#1510));
#219=EDGE_LOOP('',(#1511,#1512,#1513,#1514));
#220=EDGE_LOOP('',(#1515,#1516,#1517,#1518));
#221=EDGE_LOOP('',(#1519,#1520,#1521,#1522));
#222=EDGE_LOOP('',(#1523,#1524,#1525,#1526));
#223=EDGE_LOOP('',(#1527,#1528,#1529,#1530));
#224=EDGE_LOOP('',(#1531,#1532,#1533,#1534));
#225=EDGE_LOOP('',(#1535,#1536,#1537,#1538));
#226=EDGE_LOOP('',(#1539,#1540,#1541,#1542));
#227=EDGE_LOOP('',(#1543,#1544,#1545,#1546));
#228=EDGE_LOOP('',(#1547,#1548,#1549,#1550));
#229=EDGE_LOOP('',(#1551,#1552,#1553,#1554));
#230=EDGE_LOOP('',(#1555,#1556,#1557,#1558));
#231=EDGE_LOOP('',(#1559,#1560,#1561,#1562));
#232=EDGE_LOOP('',(#1563,#1564,#1565,#1566));
#233=EDGE_LOOP('',(#1567,#1568,#1569,#1570));
#234=EDGE_LOOP('',(#1571,#1572,#1573,#1574));
#235=EDGE_LOOP('',(#1575,#1576,#1577,#1578));
#236=EDGE_LOOP('',(#1579,#1580,#1581,#1582));
#237=EDGE_LOOP('',(#1583,#1584,#1585,#1586));
#238=EDGE_LOOP('',(#1587,#1588,#1589,#1590));
#239=EDGE_LOOP('',(#1591,#1592,#1593,#1594));
#240=EDGE_LOOP('',(#1595,#1596,#1597,#1598));
#241=EDGE_LOOP('',(#1599,#1600,#1601,#1602));
#242=EDGE_LOOP('',(#1603,#1604,#1605,#1606));
#243=EDGE_LOOP('',(#1607,#1608,#1609,#1610));
#244=EDGE_LOOP('',(#1611,#1612,#1613,#1614));
#245=EDGE_LOOP('',(#1615,#1616,#1617,#1618));
#246=EDGE_LOOP('',(#1619,#1620,#1621,#1622));
#247=EDGE_LOOP('',(#1623,#1624,#1625,#1626));
#248=EDGE_LOOP('',(#1627,#1628,#1629,#1630));
#249=EDGE_LOOP('',(#1631,#1632,#1633,#1634));
#250=EDGE_LOOP('',(#1635,#1636,#1637,#1638));
#251=EDGE_LOOP('',(#1639,#1640,#1641,#1642));
#252=EDGE_LOOP('',(#1643,#1644,#1645,#1646));
#253=EDGE_LOOP('',(#1647,#1648,#1649,#1650));
#254=EDGE_LOOP('',(#1651,#1652,#1653,#1654));
#255=EDGE_LOOP('',(#1655,#1656,#1657,#1658));
#256=EDGE_LOOP('',(#1659,#1660,#1661,#1662));
#257=EDGE_LOOP('',(#1663,#1664,#1665,#1666));
#258=EDGE_LOOP('',(#1667,#1668,#1669,#1670));
#259=EDGE_LOOP('',(#1671,#1672,#1673,#1674));
#260=EDGE_LOOP('',(#1675,#1676,#1677,#1678));
#261=EDGE_LOOP('',(#1679,#1680,#1681,#1682));
#262=EDGE_LOOP('',(#1683,#1684,#1685,#1686));
#263=EDGE_LOOP('',(#1687,#1688,#1689,#1690));
#264=EDGE_LOOP('',(#1691,#1692,#1693,#1694));
#265=EDGE_LOOP('',(#1695,#1696,#1697,#1698));
#266=EDGE_LOOP('',(#1699,#1700,#1701,#1702));
#267=EDGE_LOOP('',(#1703,#1704,#1705,#1706));
#268=EDGE_LOOP('',(#1707,#1708,#1709,#1710));
#269=EDGE_LOOP('',(#1711,#1712,#1713,#1714));
#270=EDGE_LOOP('',(#1715,#1716,#1717,#1718));
#271=EDGE_LOOP('',(#1719,#1720,#1721,#1722));
#272=EDGE_LOOP('',(#1723,#1724,#1725,#1726));
#273=EDGE_LOOP('',(#1727,#1728,#1729,#1730));
#274=EDGE_LOOP('',(#1731,#1732,#1733,#1734));
#275=EDGE_LOOP('',(#1735,#1736,#1737,#1738));
#276=EDGE_LOOP('',(#1739,#1740,#1741,#1742));
#277=EDGE_LOOP('',(#1743,#1744,#1745,#1746));
#278=EDGE_LOOP('',(#1747,#1748,#1749,#1750));
#279=EDGE_LOOP('',(#1751,#1752,#1753,#1754));
#280=EDGE_LOOP('',(#1755,#1756,#1757,#1758));
#281=EDGE_LOOP('',(#1759,#1760,#1761,#1762));
#282=EDGE_LOOP('',(#1763,#1764,#1765,#1766));
#283=EDGE_LOOP('',(#1767,#1768,#1769,#1770));
#284=EDGE_LOOP('',(#1771,#1772,#1773,#1774));
#285=EDGE_LOOP('',(#1775,#1776,#1777,#1778));
#286=EDGE_LOOP('',(#1779,#1780,#1781,#1782));
#287=EDGE_LOOP('',(#1783,#1784,#1785,#1786));
#288=EDGE_LOOP('',(#1787,#1788,#1789,#1790));
#289=EDGE_LOOP('',(#1791,#1792,#1793,#1794));
#290=EDGE_LOOP('',(#1795,#1796,#1797,#1798));
#291=EDGE_LOOP('',(#1799,#1800,#1801,#1802));
#292=EDGE_LOOP('',(#1803,#1804,#1805,#1806));
#293=EDGE_LOOP('',(#1807,#1808,#1809,#1810));
#294=EDGE_LOOP('',(#1811,#1812,#1813,#1814));
#295=EDGE_LOOP('',(#1815,#1816,#1817,#1818));
#296=EDGE_LOOP('',(#1819,#1820,#1821,#1822));
#297=EDGE_LOOP('',(#1823,#1824,#1825,#1826));
#298=EDGE_LOOP('',(#1827,#1828,#1829,#1830));
#299=EDGE_LOOP('',(#1831,#1832,#1833,#1834));
#300=EDGE_LOOP('',(#1835,#1836,#1837,#1838));
#301=EDGE_LOOP('',(#1839,#1840,#1841,#1842));
#302=EDGE_LOOP('',(#1843,#1844,#1845,#1846));
#303=EDGE_LOOP('',(#1847,#1848,#1849,#1850));
#304=EDGE_LOOP('',(#1851,#1852,#1853,#1854));
#305=EDGE_LOOP('',(#1855,#1856,#1857,#1858));
#306=EDGE_LOOP('',(#1859,#1860,#1861,#1862));
#307=EDGE_LOOP('',(#1863,#1864,#1865,#1866));
#308=EDGE_LOOP('',(#1867,#1868,#1869,#1870));
#309=EDGE_LOOP('',(#1871,#1872,#1873,#1874));
#310=EDGE_LOOP('',(#1875,#1876,#1877,#1878));
#311=EDGE_LOOP('',(#1879,#1880,#1881,#1882));
#312=EDGE_LOOP('',(#1883,#1884,#1885,#1886));
#313=EDGE_LOOP('',(#1887,#1888,#1889,#1890));
#314=EDGE_LOOP('',(#1891,#1892,#1893,#1894));
#315=EDGE_LOOP('',(#1895,#1896,#1897,#1898));
#316=EDGE_LOOP('',(#1899,#1900,#1901,#1902));
#317=EDGE_LOOP('',(#1903,#1904,#1905,#1906));
#318=EDGE_LOOP('',(#1907,#1908,#1909,#1910));
#319=EDGE_LOOP('',(#1911,#1912,#1913,#1914,#1915,#1916,#1917,#1918,#1919,
#1920,#1921,#1922));
#320=EDGE_LOOP('',(#1923,#1924,#1925,#1926,#1927,#1928,#1929,#1930,#1931,
#1932,#1933,#1934));
#321=EDGE_LOOP('',(#1935,#1936,#1937,#1938,#1939,#1940,#1941,#1942,#1943,
#1944,#1945,#1946));
#322=EDGE_LOOP('',(#1947,#1948,#1949,#1950,#1951,#1952,#1953,#1954,#1955,
#1956,#1957,#1958));
#323=EDGE_LOOP('',(#1959,#1960,#1961,#1962,#1963,#1964,#1965,#1966,#1967,
#1968,#1969,#1970));
#324=EDGE_LOOP('',(#1971,#1972,#1973,#1974,#1975,#1976,#1977,#1978,#1979,
#1980,#1981,#1982));
#325=EDGE_LOOP('',(#1983,#1984,#1985,#1986,#1987,#1988,#1989,#1990,#1991,
#1992,#1993,#1994));
#326=EDGE_LOOP('',(#1995,#1996,#1997,#1998,#1999,#2000,#2001,#2002,#2003,
#2004,#2005,#2006));
#327=EDGE_LOOP('',(#2007,#2008,#2009,#2010));
#328=EDGE_LOOP('',(#2011,#2012,#2013,#2014));
#329=EDGE_LOOP('',(#2015,#2016,#2017,#2018));
#330=EDGE_LOOP('',(#2019,#2020,#2021,#2022));
#331=EDGE_LOOP('',(#2023,#2024,#2025,#2026,#2027,#2028,#2029,#2030,#2031,
#2032,#2033,#2034));
#332=EDGE_LOOP('',(#2035,#2036,#2037,#2038,#2039,#2040,#2041,#2042,#2043,
#2044,#2045,#2046));
#333=EDGE_LOOP('',(#2047,#2048,#2049,#2050,#2051,#2052,#2053,#2054,#2055,
#2056,#2057,#2058));
#334=EDGE_LOOP('',(#2059,#2060,#2061,#2062,#2063,#2064,#2065,#2066,#2067,
#2068,#2069,#2070));
#335=EDGE_LOOP('',(#2071,#2072,#2073,#2074,#2075,#2076,#2077,#2078,#2079,
#2080,#2081,#2082));
#336=EDGE_LOOP('',(#2083,#2084,#2085,#2086,#2087,#2088,#2089,#2090,#2091,
#2092,#2093,#2094));
#337=EDGE_LOOP('',(#2095,#2096,#2097,#2098,#2099,#2100,#2101,#2102,#2103,
#2104,#2105,#2106));
#338=EDGE_LOOP('',(#2107,#2108,#2109,#2110,#2111,#2112,#2113,#2114,#2115,
#2116,#2117,#2118));
#339=LINE('',#3243,#551);
#340=LINE('',#3246,#552);
#341=LINE('',#3249,#553);
#342=LINE('',#3251,#554);
#343=LINE('',#3252,#555);
#344=LINE('',#3258,#556);
#345=LINE('',#3260,#557);
#346=LINE('',#3261,#558);
#347=LINE('',#3267,#559);
#348=LINE('',#3270,#560);
#349=LINE('',#3273,#561);
#350=LINE('',#3275,#562);
#351=LINE('',#3276,#563);
#352=LINE('',#3282,#564);
#353=LINE('',#3284,#565);
#354=LINE('',#3285,#566);
#355=LINE('',#3291,#567);
#356=LINE('',#3294,#568);
#357=LINE('',#3297,#569);
#358=LINE('',#3299,#570);
#359=LINE('',#3300,#571);
#360=LINE('',#3306,#572);
#361=LINE('',#3308,#573);
#362=LINE('',#3309,#574);
#363=LINE('',#3315,#575);
#364=LINE('',#3318,#576);
#365=LINE('',#3321,#577);
#366=LINE('',#3323,#578);
#367=LINE('',#3324,#579);
#368=LINE('',#3329,#580);
#369=LINE('',#3333,#581);
#370=LINE('',#3335,#582);
#371=LINE('',#3336,#583);
#372=LINE('',#3341,#584);
#373=LINE('',#3345,#585);
#374=LINE('',#3347,#586);
#375=LINE('',#3348,#587);
#376=LINE('',#3354,#588);
#377=LINE('',#3357,#589);
#378=LINE('',#3360,#590);
#379=LINE('',#3362,#591);
#380=LINE('',#3363,#592);
#381=LINE('',#3368,#593);
#382=LINE('',#3377,#594);
#383=LINE('',#3380,#595);
#384=LINE('',#3381,#596);
#385=LINE('',#3387,#597);
#386=LINE('',#3390,#598);
#387=LINE('',#3393,#599);
#388=LINE('',#3395,#600);
#389=LINE('',#3396,#601);
#390=LINE('',#3401,#602);
#391=LINE('',#3405,#603);
#392=LINE('',#3407,#604);
#393=LINE('',#3408,#605);
#394=LINE('',#3413,#606);
#395=LINE('',#3417,#607);
#396=LINE('',#3419,#608);
#397=LINE('',#3420,#609);
#398=LINE('',#3426,#610);
#399=LINE('',#3429,#611);
#400=LINE('',#3432,#612);
#401=LINE('',#3434,#613);
#402=LINE('',#3435,#614);
#403=LINE('',#3440,#615);
#404=LINE('',#3449,#616);
#405=LINE('',#3452,#617);
#406=LINE('',#3453,#618);
#407=LINE('',#3459,#619);
#408=LINE('',#3462,#620);
#409=LINE('',#3465,#621);
#410=LINE('',#3467,#622);
#411=LINE('',#3468,#623);
#412=LINE('',#3473,#624);
#413=LINE('',#3477,#625);
#414=LINE('',#3479,#626);
#415=LINE('',#3480,#627);
#416=LINE('',#3485,#628);
#417=LINE('',#3489,#629);
#418=LINE('',#3491,#630);
#419=LINE('',#3492,#631);
#420=LINE('',#3498,#632);
#421=LINE('',#3501,#633);
#422=LINE('',#3504,#634);
#423=LINE('',#3506,#635);
#424=LINE('',#3507,#636);
#425=LINE('',#3512,#637);
#426=LINE('',#3521,#638);
#427=LINE('',#3524,#639);
#428=LINE('',#3525,#640);
#429=LINE('',#3531,#641);
#430=LINE('',#3534,#642);
#431=LINE('',#3537,#643);
#432=LINE('',#3539,#644);
#433=LINE('',#3540,#645);
#434=LINE('',#3545,#646);
#435=LINE('',#3549,#647);
#436=LINE('',#3551,#648);
#437=LINE('',#3552,#649);
#438=LINE('',#3557,#650);
#439=LINE('',#3561,#651);
#440=LINE('',#3563,#652);
#441=LINE('',#3564,#653);
#442=LINE('',#3570,#654);
#443=LINE('',#3573,#655);
#444=LINE('',#3576,#656);
#445=LINE('',#3578,#657);
#446=LINE('',#3579,#658);
#447=LINE('',#3584,#659);
#448=LINE('',#3593,#660);
#449=LINE('',#3596,#661);
#450=LINE('',#3597,#662);
#451=LINE('',#3603,#663);
#452=LINE('',#3606,#664);
#453=LINE('',#3609,#665);
#454=LINE('',#3611,#666);
#455=LINE('',#3612,#667);
#456=LINE('',#3617,#668);
#457=LINE('',#3621,#669);
#458=LINE('',#3623,#670);
#459=LINE('',#3624,#671);
#460=LINE('',#3629,#672);
#461=LINE('',#3633,#673);
#462=LINE('',#3635,#674);
#463=LINE('',#3636,#675);
#464=LINE('',#3642,#676);
#465=LINE('',#3645,#677);
#466=LINE('',#3648,#678);
#467=LINE('',#3650,#679);
#468=LINE('',#3651,#680);
#469=LINE('',#3656,#681);
#470=LINE('',#3665,#682);
#471=LINE('',#3668,#683);
#472=LINE('',#3669,#684);
#473=LINE('',#3675,#685);
#474=LINE('',#3678,#686);
#475=LINE('',#3681,#687);
#476=LINE('',#3683,#688);
#477=LINE('',#3684,#689);
#478=LINE('',#3689,#690);
#479=LINE('',#3693,#691);
#480=LINE('',#3695,#692);
#481=LINE('',#3696,#693);
#482=LINE('',#3701,#694);
#483=LINE('',#3705,#695);
#484=LINE('',#3707,#696);
#485=LINE('',#3708,#697);
#486=LINE('',#3714,#698);
#487=LINE('',#3717,#699);
#488=LINE('',#3720,#700);
#489=LINE('',#3722,#701);
#490=LINE('',#3723,#702);
#491=LINE('',#3728,#703);
#492=LINE('',#3737,#704);
#493=LINE('',#3740,#705);
#494=LINE('',#3741,#706);
#495=LINE('',#3747,#707);
#496=LINE('',#3750,#708);
#497=LINE('',#3753,#709);
#498=LINE('',#3755,#710);
#499=LINE('',#3756,#711);
#500=LINE('',#3761,#712);
#501=LINE('',#3765,#713);
#502=LINE('',#3767,#714);
#503=LINE('',#3768,#715);
#504=LINE('',#3773,#716);
#505=LINE('',#3777,#717);
#506=LINE('',#3779,#718);
#507=LINE('',#3780,#719);
#508=LINE('',#3786,#720);
#509=LINE('',#3789,#721);
#510=LINE('',#3792,#722);
#511=LINE('',#3794,#723);
#512=LINE('',#3795,#724);
#513=LINE('',#3800,#725);
#514=LINE('',#3809,#726);
#515=LINE('',#3812,#727);
#516=LINE('',#3813,#728);
#517=LINE('',#3819,#729);
#518=LINE('',#3822,#730);
#519=LINE('',#3825,#731);
#520=LINE('',#3827,#732);
#521=LINE('',#3828,#733);
#522=LINE('',#3833,#734);
#523=LINE('',#3837,#735);
#524=LINE('',#3839,#736);
#525=LINE('',#3840,#737);
#526=LINE('',#3845,#738);
#527=LINE('',#3849,#739);
#528=LINE('',#3851,#740);
#529=LINE('',#3852,#741);
#530=LINE('',#3858,#742);
#531=LINE('',#3861,#743);
#532=LINE('',#3864,#744);
#533=LINE('',#3866,#745);
#534=LINE('',#3867,#746);
#535=LINE('',#3872,#747);
#536=LINE('',#3881,#748);
#537=LINE('',#3884,#749);
#538=LINE('',#3885,#750);
#539=LINE('',#3889,#751);
#540=LINE('',#3891,#752);
#541=LINE('',#3893,#753);
#542=LINE('',#3894,#754);
#543=LINE('',#3897,#755);
#544=LINE('',#3899,#756);
#545=LINE('',#3900,#757);
#546=LINE('',#3903,#758);
#547=LINE('',#3905,#759);
#548=LINE('',#3906,#760);
#549=LINE('',#3908,#761);
#550=LINE('',#3909,#762);
#551=VECTOR('',#2553,28.8675134594813);
#552=VECTOR('',#2556,28.8675134594813);
#553=VECTOR('',#2559,63.5085296108588);
#554=VECTOR('',#2560,63.5085296108588);
#555=VECTOR('',#2561,28.8675134594813);
#556=VECTOR('',#2568,28.8675134594813);
#557=VECTOR('',#2571,63.5085296108588);
#558=VECTOR('',#2572,63.5085296108588);
#559=VECTOR('',#2577,28.8675134594813);
#560=VECTOR('',#2580,28.8675134594813);
#561=VECTOR('',#2583,63.5085296108588);
#562=VECTOR('',#2584,63.5085296108588);
#563=VECTOR('',#2585,28.8675134594813);
#564=VECTOR('',#2592,28.8675134594813);
#565=VECTOR('',#2595,63.5085296108588);
#566=VECTOR('',#2596,63.5085296108588);
#567=VECTOR('',#2601,28.8675134594813);
#568=VECTOR('',#2604,28.8675134594813);
#569=VECTOR('',#2607,63.5085296108588);
#570=VECTOR('',#2608,63.5085296108588);
#571=VECTOR('',#2609,28.8675134594813);
#572=VECTOR('',#2616,28.8675134594813);
#573=VECTOR('',#2619,63.5085296108588);
#574=VECTOR('',#2620,63.5085296108588);
#575=VECTOR('',#2625,27.5844479740623);
#576=VECTOR('',#2628,27.5844479740623);
#577=VECTOR('',#2631,36.);
#578=VECTOR('',#2632,27.5844479740623);
#579=VECTOR('',#2633,36.);
#580=VECTOR('',#2638,27.5844479740623);
#581=VECTOR('',#2643,17.6540467033999);
#582=VECTOR('',#2644,27.5844479740623);
#583=VECTOR('',#2645,17.6540467033999);
#584=VECTOR('',#2650,27.5844479740623);
#585=VECTOR('',#2655,6.16784043380077);
#586=VECTOR('',#2656,27.5844479740623);
#587=VECTOR('',#2657,6.16784043380077);
#588=VECTOR('',#2662,27.5844479740623);
#589=VECTOR('',#2665,27.5844479740623);
#590=VECTOR('',#2668,6.16784043380077);
#591=VECTOR('',#2669,27.5844479740623);
#592=VECTOR('',#2670,6.16784043380077);
#593=VECTOR('',#2675,27.5844479740623);
#594=VECTOR('',#2688,27.5844479740623);
#595=VECTOR('',#2693,17.6540467033999);
#596=VECTOR('',#2694,17.6540467033999);
#597=VECTOR('',#2699,27.5844479740623);
#598=VECTOR('',#2702,27.5844479740623);
#599=VECTOR('',#2705,36.);
#600=VECTOR('',#2706,27.5844479740623);
#601=VECTOR('',#2707,36.);
#602=VECTOR('',#2712,27.5844479740623);
#603=VECTOR('',#2717,17.6540467033999);
#604=VECTOR('',#2718,27.5844479740623);
#605=VECTOR('',#2719,17.6540467033999);
#606=VECTOR('',#2724,27.5844479740623);
#607=VECTOR('',#2729,6.16784043380077);
#608=VECTOR('',#2730,27.5844479740623);
#609=VECTOR('',#2731,6.16784043380077);
#610=VECTOR('',#2736,27.5844479740623);
#611=VECTOR('',#2739,27.5844479740623);
#612=VECTOR('',#2742,6.16784043380077);
#613=VECTOR('',#2743,27.5844479740623);
#614=VECTOR('',#2744,6.16784043380077);
#615=VECTOR('',#2749,27.5844479740623);
#616=VECTOR('',#2762,27.5844479740623);
#617=VECTOR('',#2767,17.6540467033999);
#618=VECTOR('',#2768,17.6540467033999);
#619=VECTOR('',#2773,27.5844479740623);
#620=VECTOR('',#2776,27.5844479740623);
#621=VECTOR('',#2779,36.);
#622=VECTOR('',#2780,27.5844479740623);
#623=VECTOR('',#2781,36.);
#624=VECTOR('',#2786,27.5844479740623);
#625=VECTOR('',#2791,17.6540467033999);
#626=VECTOR('',#2792,27.5844479740623);
#627=VECTOR('',#2793,17.6540467033999);
#628=VECTOR('',#2798,27.5844479740623);
#629=VECTOR('',#2803,6.16784043380077);
#630=VECTOR('',#2804,27.5844479740623);
#631=VECTOR('',#2805,6.16784043380077);
#632=VECTOR('',#2810,27.5844479740623);
#633=VECTOR('',#2813,27.5844479740623);
#634=VECTOR('',#2816,6.16784043380077);
#635=VECTOR('',#2817,27.5844479740623);
#636=VECTOR('',#2818,6.16784043380077);
#637=VECTOR('',#2823,27.5844479740623);
#638=VECTOR('',#2836,27.5844479740623);
#639=VECTOR('',#2841,17.6540467033999);
#640=VECTOR('',#2842,17.6540467033999);
#641=VECTOR('',#2847,27.5844479740623);
#642=VECTOR('',#2850,27.5844479740623);
#643=VECTOR('',#2853,36.);
#644=VECTOR('',#2854,27.5844479740623);
#645=VECTOR('',#2855,36.);
#646=VECTOR('',#2860,27.5844479740623);
#647=VECTOR('',#2865,17.6540467033999);
#648=VECTOR('',#2866,27.5844479740623);
#649=VECTOR('',#2867,17.6540467033999);
#650=VECTOR('',#2872,27.5844479740623);
#651=VECTOR('',#2877,6.16784043380078);
#652=VECTOR('',#2878,27.5844479740623);
#653=VECTOR('',#2879,6.16784043380078);
#654=VECTOR('',#2884,27.5844479740623);
#655=VECTOR('',#2887,27.5844479740623);
#656=VECTOR('',#2890,6.16784043380077);
#657=VECTOR('',#2891,27.5844479740623);
#658=VECTOR('',#2892,6.16784043380077);
#659=VECTOR('',#2897,27.5844479740623);
#660=VECTOR('',#2910,27.5844479740623);
#661=VECTOR('',#2915,17.6540467033999);
#662=VECTOR('',#2916,17.6540467033999);
#663=VECTOR('',#2921,27.5844479740623);
#664=VECTOR('',#2924,27.5844479740623);
#665=VECTOR('',#2927,36.);
#666=VECTOR('',#2928,27.5844479740623);
#667=VECTOR('',#2929,36.);
#668=VECTOR('',#2934,27.5844479740623);
#669=VECTOR('',#2939,17.6540467033999);
#670=VECTOR('',#2940,27.5844479740623);
#671=VECTOR('',#2941,17.6540467033999);
#672=VECTOR('',#2946,27.5844479740623);
#673=VECTOR('',#2951,6.16784043380077);
#674=VECTOR('',#2952,27.5844479740623);
#675=VECTOR('',#2953,6.16784043380077);
#676=VECTOR('',#2958,27.5844479740623);
#677=VECTOR('',#2961,27.5844479740623);
#678=VECTOR('',#2964,6.16784043380077);
#679=VECTOR('',#2965,27.5844479740623);
#680=VECTOR('',#2966,6.16784043380077);
#681=VECTOR('',#2971,27.5844479740623);
#682=VECTOR('',#2984,27.5844479740623);
#683=VECTOR('',#2989,17.6540467033999);
#684=VECTOR('',#2990,17.6540467033999);
#685=VECTOR('',#2995,27.5844479740623);
#686=VECTOR('',#2998,27.5844479740623);
#687=VECTOR('',#3001,36.);
#688=VECTOR('',#3002,27.5844479740623);
#689=VECTOR('',#3003,36.);
#690=VECTOR('',#3008,27.5844479740623);
#691=VECTOR('',#3013,17.6540467033999);
#692=VECTOR('',#3014,27.5844479740623);
#693=VECTOR('',#3015,17.6540467033999);
#694=VECTOR('',#3020,27.5844479740623);
#695=VECTOR('',#3025,6.16784043380077);
#696=VECTOR('',#3026,27.5844479740623);
#697=VECTOR('',#3027,6.16784043380077);
#698=VECTOR('',#3032,27.5844479740623);
#699=VECTOR('',#3035,27.5844479740623);
#700=VECTOR('',#3038,6.16784043380077);
#701=VECTOR('',#3039,27.5844479740623);
#702=VECTOR('',#3040,6.16784043380077);
#703=VECTOR('',#3045,27.5844479740623);
#704=VECTOR('',#3058,27.5844479740623);
#705=VECTOR('',#3063,17.6540467033999);
#706=VECTOR('',#3064,17.6540467033999);
#707=VECTOR('',#3069,27.5844479740623);
#708=VECTOR('',#3072,27.5844479740623);
#709=VECTOR('',#3075,36.);
#710=VECTOR('',#3076,27.5844479740623);
#711=VECTOR('',#3077,36.);
#712=VECTOR('',#3082,27.5844479740623);
#713=VECTOR('',#3087,17.6540467033999);
#714=VECTOR('',#3088,27.5844479740623);
#715=VECTOR('',#3089,17.6540467033999);
#716=VECTOR('',#3094,27.5844479740623);
#717=VECTOR('',#3099,6.16784043380077);
#718=VECTOR('',#3100,27.5844479740623);
#719=VECTOR('',#3101,6.16784043380077);
#720=VECTOR('',#3106,27.5844479740623);
#721=VECTOR('',#3109,27.5844479740623);
#722=VECTOR('',#3112,6.16784043380077);
#723=VECTOR('',#3113,27.5844479740623);
#724=VECTOR('',#3114,6.16784043380077);
#725=VECTOR('',#3119,27.5844479740623);
#726=VECTOR('',#3132,27.5844479740623);
#727=VECTOR('',#3137,17.6540467033999);
#728=VECTOR('',#3138,17.6540467033999);
#729=VECTOR('',#3143,27.5844479740623);
#730=VECTOR('',#3146,27.5844479740623);
#731=VECTOR('',#3149,36.);
#732=VECTOR('',#3150,27.5844479740623);
#733=VECTOR('',#3151,36.);
#734=VECTOR('',#3156,27.5844479740623);
#735=VECTOR('',#3161,17.6540467033999);
#736=VECTOR('',#3162,27.5844479740623);
#737=VECTOR('',#3163,17.6540467033999);
#738=VECTOR('',#3168,27.5844479740623);
#739=VECTOR('',#3173,6.16784043380077);
#740=VECTOR('',#3174,27.5844479740623);
#741=VECTOR('',#3175,6.16784043380077);
#742=VECTOR('',#3180,27.5844479740623);
#743=VECTOR('',#3183,27.5844479740623);
#744=VECTOR('',#3186,6.16784043380077);
#745=VECTOR('',#3187,27.5844479740623);
#746=VECTOR('',#3188,6.16784043380077);
#747=VECTOR('',#3193,27.5844479740623);
#748=VECTOR('',#3206,27.5844479740623);
#749=VECTOR('',#3211,17.6540467033999);
#750=VECTOR('',#3212,17.6540467033999);
#751=VECTOR('',#3215,100.);
#752=VECTOR('',#3216,25.);
#753=VECTOR('',#3217,100.);
#754=VECTOR('',#3218,25.);
#755=VECTOR('',#3221,200.);
#756=VECTOR('',#3222,200.);
#757=VECTOR('',#3223,25.);
#758=VECTOR('',#3226,100.);
#759=VECTOR('',#3227,100.);
#760=VECTOR('',#3228,25.);
#761=VECTOR('',#3231,200.);
#762=VECTOR('',#3232,200.);
#763=ELLIPSE('',#2310,8.48801749858425,7.3508387815408);
#764=ELLIPSE('',#2311,8.48801749858425,7.3508387815408);
#765=ELLIPSE('',#2314,8.48801749858425,7.3508387815408);
#766=ELLIPSE('',#2315,8.48801749858425,7.3508387815408);
#767=ELLIPSE('',#2318,8.48801749858425,7.3508387815408);
#768=ELLIPSE('',#2319,8.48801749858425,7.3508387815408);
#769=ELLIPSE('',#2322,8.48801749858425,7.3508387815408);
#770=ELLIPSE('',#2323,8.48801749858425,7.3508387815408);
#771=ELLIPSE('',#2326,8.48801749858425,7.3508387815408);
#772=ELLIPSE('',#2327,8.48801749858425,7.3508387815408);
#773=ELLIPSE('',#2330,8.48801749858425,7.3508387815408);
#774=ELLIPSE('',#2331,8.48801749858425,7.3508387815408);
#775=ELLIPSE('',#2334,2.20675583792498,2.);
#776=ELLIPSE('',#2335,2.20675583792498,2.);
#777=ELLIPSE('',#2338,2.20675583792498,2.);
#778=ELLIPSE('',#2339,2.20675583792498,2.);
#779=ELLIPSE('',#2342,2.20675583792498,2.);
#780=ELLIPSE('',#2343,2.20675583792498,2.);
#781=ELLIPSE('',#2346,2.20675583792498,2.);
#782=ELLIPSE('',#2347,2.20675583792498,2.);
#783=ELLIPSE('',#2350,2.20675583792498,2.);
#784=ELLIPSE('',#2351,2.20675583792498,2.);
#785=ELLIPSE('',#2353,11.0337791896249,10.);
#786=ELLIPSE('',#2354,11.0337791896249,10.);
#787=ELLIPSE('',#2356,2.20675583792498,2.);
#788=ELLIPSE('',#2357,2.20675583792498,2.);
#789=ELLIPSE('',#2360,2.20675583792498,2.);
#790=ELLIPSE('',#2361,2.20675583792498,2.);
#791=ELLIPSE('',#2364,2.20675583792498,2.);
#792=ELLIPSE('',#2365,2.20675583792498,2.);
#793=ELLIPSE('',#2368,2.20675583792498,2.);
#794=ELLIPSE('',#2369,2.20675583792498,2.);
#795=ELLIPSE('',#2372,2.20675583792498,2.);
#796=ELLIPSE('',#2373,2.20675583792498,2.);
#797=ELLIPSE('',#2376,2.20675583792498,2.);
#798=ELLIPSE('',#2377,2.20675583792498,2.);
#799=ELLIPSE('',#2379,11.0337791896249,10.);
#800=ELLIPSE('',#2380,11.0337791896249,10.);
#801=ELLIPSE('',#2382,2.20675583792498,2.);
#802=ELLIPSE('',#2383,2.20675583792498,2.);
#803=ELLIPSE('',#2386,2.20675583792498,2.);
#804=ELLIPSE('',#2387,2.20675583792498,2.);
#805=ELLIPSE('',#2390,2.20675583792498,2.);
#806=ELLIPSE('',#2391,2.20675583792498,2.);
#807=ELLIPSE('',#2394,2.20675583792498,2.);
#808=ELLIPSE('',#2395,2.20675583792498,2.);
#809=ELLIPSE('',#2398,2.20675583792498,2.);
#810=ELLIPSE('',#2399,2.20675583792498,2.);
#811=ELLIPSE('',#2402,2.20675583792498,2.);
#812=ELLIPSE('',#2403,2.20675583792498,2.);
#813=ELLIPSE('',#2405,11.0337791896249,10.);
#814=ELLIPSE('',#2406,11.0337791896249,10.);
#815=ELLIPSE('',#2408,2.20675583792498,2.);
#816=ELLIPSE('',#2409,2.20675583792498,2.);
#817=ELLIPSE('',#2412,2.20675583792498,2.);
#818=ELLIPSE('',#2413,2.20675583792498,2.);
#819=ELLIPSE('',#2416,2.20675583792498,2.);
#820=ELLIPSE('',#2417,2.20675583792498,2.);
#821=ELLIPSE('',#2420,2.20675583792498,2.);
#822=ELLIPSE('',#2421,2.20675583792498,2.);
#823=ELLIPSE('',#2424,2.20675583792498,2.);
#824=ELLIPSE('',#2425,2.20675583792498,2.);
#825=ELLIPSE('',#2428,2.20675583792498,2.);
#826=ELLIPSE('',#2429,2.20675583792498,2.);
#827=ELLIPSE('',#2431,11.0337791896249,10.);
#828=ELLIPSE('',#2432,11.0337791896249,10.);
#829=ELLIPSE('',#2434,2.20675583792498,2.);
#830=ELLIPSE('',#2435,2.20675583792498,2.);
#831=ELLIPSE('',#2438,2.20675583792498,2.);
#832=ELLIPSE('',#2439,2.20675583792498,2.);
#833=ELLIPSE('',#2442,2.20675583792498,2.);
#834=ELLIPSE('',#2443,2.20675583792498,2.);
#835=ELLIPSE('',#2446,2.20675583792498,2.);
#836=ELLIPSE('',#2447,2.20675583792498,2.);
#837=ELLIPSE('',#2450,2.20675583792498,2.);
#838=ELLIPSE('',#2451,2.20675583792498,2.);
#839=ELLIPSE('',#2454,2.20675583792498,2.);
#840=ELLIPSE('',#2455,2.20675583792498,2.);
#841=ELLIPSE('',#2457,11.0337791896249,10.);
#842=ELLIPSE('',#2458,11.0337791896249,10.);
#843=ELLIPSE('',#2460,2.20675583792498,2.);
#844=ELLIPSE('',#2461,2.20675583792498,2.);
#845=ELLIPSE('',#2464,2.20675583792498,2.);
#846=ELLIPSE('',#2465,2.20675583792498,2.);
#847=ELLIPSE('',#2468,2.20675583792498,2.);
#848=ELLIPSE('',#2469,2.20675583792498,2.);
#849=ELLIPSE('',#2472,2.20675583792498,2.);
#850=ELLIPSE('',#2473,2.20675583792498,2.);
#851=ELLIPSE('',#2476,2.20675583792498,2.);
#852=ELLIPSE('',#2477,2.20675583792498,2.);
#853=ELLIPSE('',#2480,2.20675583792498,2.);
#854=ELLIPSE('',#2481,2.20675583792498,2.);
#855=ELLIPSE('',#2483,11.0337791896249,10.);
#856=ELLIPSE('',#2484,11.0337791896249,10.);
#857=ELLIPSE('',#2486,2.20675583792498,2.);
#858=ELLIPSE('',#2487,2.20675583792498,2.);
#859=ELLIPSE('',#2490,2.20675583792498,2.);
#860=ELLIPSE('',#2491,2.20675583792498,2.);
#861=ELLIPSE('',#2494,2.20675583792498,2.);
#862=ELLIPSE('',#2495,2.20675583792498,2.);
#863=ELLIPSE('',#2498,2.20675583792498,2.);
#864=ELLIPSE('',#2499,2.20675583792498,2.);
#865=ELLIPSE('',#2502,2.20675583792498,2.);
#866=ELLIPSE('',#2503,2.20675583792498,2.);
#867=ELLIPSE('',#2506,2.20675583792498,2.);
#868=ELLIPSE('',#2507,2.20675583792498,2.);
#869=ELLIPSE('',#2509,11.0337791896249,10.);
#870=ELLIPSE('',#2510,11.0337791896249,10.);
#871=ELLIPSE('',#2512,2.20675583792498,2.);
#872=ELLIPSE('',#2513,2.20675583792498,2.);
#873=ELLIPSE('',#2516,2.20675583792498,2.);
#874=ELLIPSE('',#2517,2.20675583792498,2.);
#875=ELLIPSE('',#2520,2.20675583792498,2.);
#876=ELLIPSE('',#2521,2.20675583792498,2.);
#877=ELLIPSE('',#2524,2.20675583792498,2.);
#878=ELLIPSE('',#2525,2.20675583792498,2.);
#879=ELLIPSE('',#2528,2.20675583792498,2.);
#880=ELLIPSE('',#2529,2.20675583792498,2.);
#881=ELLIPSE('',#2532,2.20675583792498,2.);
#882=ELLIPSE('',#2533,2.20675583792498,2.);
#883=ELLIPSE('',#2535,11.0337791896249,10.);
#884=ELLIPSE('',#2536,11.0337791896249,10.);
#885=ELLIPSE('',#2538,2.20675583792498,2.);
#886=ELLIPSE('',#2539,2.20675583792498,2.);
#887=VERTEX_POINT('',#3239);
#888=VERTEX_POINT('',#3240);
#889=VERTEX_POINT('',#3242);
#890=VERTEX_POINT('',#3244);
#891=VERTEX_POINT('',#3248);
#892=VERTEX_POINT('',#3250);
#893=VERTEX_POINT('',#3254);
#894=VERTEX_POINT('',#3256);
#895=VERTEX_POINT('',#3263);
#896=VERTEX_POINT('',#3264);
#897=VERTEX_POINT('',#3266);
#898=VERTEX_POINT('',#3268);
#899=VERTEX_POINT('',#3272);
#900=VERTEX_POINT('',#3274);
#901=VERTEX_POINT('',#3278);
#902=VERTEX_POINT('',#3280);
#903=VERTEX_POINT('',#3287);
#904=VERTEX_POINT('',#3288);
#905=VERTEX_POINT('',#3290);
#906=VERTEX_POINT('',#3292);
#907=VERTEX_POINT('',#3296);
#908=VERTEX_POINT('',#3298);
#909=VERTEX_POINT('',#3302);
#910=VERTEX_POINT('',#3304);
#911=VERTEX_POINT('',#3311);
#912=VERTEX_POINT('',#3312);
#913=VERTEX_POINT('',#3314);
#914=VERTEX_POINT('',#3316);
#915=VERTEX_POINT('',#3320);
#916=VERTEX_POINT('',#3322);
#917=VERTEX_POINT('',#3326);
#918=VERTEX_POINT('',#3328);
#919=VERTEX_POINT('',#3332);
#920=VERTEX_POINT('',#3334);
#921=VERTEX_POINT('',#3338);
#922=VERTEX_POINT('',#3340);
#923=VERTEX_POINT('',#3344);
#924=VERTEX_POINT('',#3346);
#925=VERTEX_POINT('',#3350);
#926=VERTEX_POINT('',#3351);
#927=VERTEX_POINT('',#3353);
#928=VERTEX_POINT('',#3355);
#929=VERTEX_POINT('',#3359);
#930=VERTEX_POINT('',#3361);
#931=VERTEX_POINT('',#3365);
#932=VERTEX_POINT('',#3367);
#933=VERTEX_POINT('',#3374);
#934=VERTEX_POINT('',#3376);
#935=VERTEX_POINT('',#3383);
#936=VERTEX_POINT('',#3384);
#937=VERTEX_POINT('',#3386);
#938=VERTEX_POINT('',#3388);
#939=VERTEX_POINT('',#3392);
#940=VERTEX_POINT('',#3394);
#941=VERTEX_POINT('',#3398);
#942=VERTEX_POINT('',#3400);
#943=VERTEX_POINT('',#3404);
#944=VERTEX_POINT('',#3406);
#945=VERTEX_POINT('',#3410);
#946=VERTEX_POINT('',#3412);
#947=VERTEX_POINT('',#3416);
#948=VERTEX_POINT('',#3418);
#949=VERTEX_POINT('',#3422);
#950=VERTEX_POINT('',#3423);
#951=VERTEX_POINT('',#3425);
#952=VERTEX_POINT('',#3427);
#953=VERTEX_POINT('',#3431);
#954=VERTEX_POINT('',#3433);
#955=VERTEX_POINT('',#3437);
#956=VERTEX_POINT('',#3439);
#957=VERTEX_POINT('',#3446);
#958=VERTEX_POINT('',#3448);
#959=VERTEX_POINT('',#3455);
#960=VERTEX_POINT('',#3456);
#961=VERTEX_POINT('',#3458);
#962=VERTEX_POINT('',#3460);
#963=VERTEX_POINT('',#3464);
#964=VERTEX_POINT('',#3466);
#965=VERTEX_POINT('',#3470);
#966=VERTEX_POINT('',#3472);
#967=VERTEX_POINT('',#3476);
#968=VERTEX_POINT('',#3478);
#969=VERTEX_POINT('',#3482);
#970=VERTEX_POINT('',#3484);
#971=VERTEX_POINT('',#3488);
#972=VERTEX_POINT('',#3490);
#973=VERTEX_POINT('',#3494);
#974=VERTEX_POINT('',#3495);
#975=VERTEX_POINT('',#3497);
#976=VERTEX_POINT('',#3499);
#977=VERTEX_POINT('',#3503);
#978=VERTEX_POINT('',#3505);
#979=VERTEX_POINT('',#3509);
#980=VERTEX_POINT('',#3511);
#981=VERTEX_POINT('',#3518);
#982=VERTEX_POINT('',#3520);
#983=VERTEX_POINT('',#3527);
#984=VERTEX_POINT('',#3528);
#985=VERTEX_POINT('',#3530);
#986=VERTEX_POINT('',#3532);
#987=VERTEX_POINT('',#3536);
#988=VERTEX_POINT('',#3538);
#989=VERTEX_POINT('',#3542);
#990=VERTEX_POINT('',#3544);
#991=VERTEX_POINT('',#3548);
#992=VERTEX_POINT('',#3550);
#993=VERTEX_POINT('',#3554);
#994=VERTEX_POINT('',#3556);
#995=VERTEX_POINT('',#3560);
#996=VERTEX_POINT('',#3562);
#997=VERTEX_POINT('',#3566);
#998=VERTEX_POINT('',#3567);
#999=VERTEX_POINT('',#3569);
#1000=VERTEX_POINT('',#3571);
#1001=VERTEX_POINT('',#3575);
#1002=VERTEX_POINT('',#3577);
#1003=VERTEX_POINT('',#3581);
#1004=VERTEX_POINT('',#3583);
#1005=VERTEX_POINT('',#3590);
#1006=VERTEX_POINT('',#3592);
#1007=VERTEX_POINT('',#3599);
#1008=VERTEX_POINT('',#3600);
#1009=VERTEX_POINT('',#3602);
#1010=VERTEX_POINT('',#3604);
#1011=VERTEX_POINT('',#3608);
#1012=VERTEX_POINT('',#3610);
#1013=VERTEX_POINT('',#3614);
#1014=VERTEX_POINT('',#3616);
#1015=VERTEX_POINT('',#3620);
#1016=VERTEX_POINT('',#3622);
#1017=VERTEX_POINT('',#3626);
#1018=VERTEX_POINT('',#3628);
#1019=VERTEX_POINT('',#3632);
#1020=VERTEX_POINT('',#3634);
#1021=VERTEX_POINT('',#3638);
#1022=VERTEX_POINT('',#3639);
#1023=VERTEX_POINT('',#3641);
#1024=VERTEX_POINT('',#3643);
#1025=VERTEX_POINT('',#3647);
#1026=VERTEX_POINT('',#3649);
#1027=VERTEX_POINT('',#3653);
#1028=VERTEX_POINT('',#3655);
#1029=VERTEX_POINT('',#3662);
#1030=VERTEX_POINT('',#3664);
#1031=VERTEX_POINT('',#3671);
#1032=VERTEX_POINT('',#3672);
#1033=VERTEX_POINT('',#3674);
#1034=VERTEX_POINT('',#3676);
#1035=VERTEX_POINT('',#3680);
#1036=VERTEX_POINT('',#3682);
#1037=VERTEX_POINT('',#3686);
#1038=VERTEX_POINT('',#3688);
#1039=VERTEX_POINT('',#3692);
#1040=VERTEX_POINT('',#3694);
#1041=VERTEX_POINT('',#3698);
#1042=VERTEX_POINT('',#3700);
#1043=VERTEX_POINT('',#3704);
#1044=VERTEX_POINT('',#3706);
#1045=VERTEX_POINT('',#3710);
#1046=VERTEX_POINT('',#3711);
#1047=VERTEX_POINT('',#3713);
#1048=VERTEX_POINT('',#3715);
#1049=VERTEX_POINT('',#3719);
#1050=VERTEX_POINT('',#3721);
#1051=VERTEX_POINT('',#3725);
#1052=VERTEX_POINT('',#3727);
#1053=VERTEX_POINT('',#3734);
#1054=VERTEX_POINT('',#3736);
#1055=VERTEX_POINT('',#3743);
#1056=VERTEX_POINT('',#3744);
#1057=VERTEX_POINT('',#3746);
#1058=VERTEX_POINT('',#3748);
#1059=VERTEX_POINT('',#3752);
#1060=VERTEX_POINT('',#3754);
#1061=VERTEX_POINT('',#3758);
#1062=VERTEX_POINT('',#3760);
#1063=VERTEX_POINT('',#3764);
#1064=VERTEX_POINT('',#3766);
#1065=VERTEX_POINT('',#3770);
#1066=VERTEX_POINT('',#3772);
#1067=VERTEX_POINT('',#3776);
#1068=VERTEX_POINT('',#3778);
#1069=VERTEX_POINT('',#3782);
#1070=VERTEX_POINT('',#3783);
#1071=VERTEX_POINT('',#3785);
#1072=VERTEX_POINT('',#3787);
#1073=VERTEX_POINT('',#3791);
#1074=VERTEX_POINT('',#3793);
#1075=VERTEX_POINT('',#3797);
#1076=VERTEX_POINT('',#3799);
#1077=VERTEX_POINT('',#3806);
#1078=VERTEX_POINT('',#3808);
#1079=VERTEX_POINT('',#3815);
#1080=VERTEX_POINT('',#3816);
#1081=VERTEX_POINT('',#3818);
#1082=VERTEX_POINT('',#3820);
#1083=VERTEX_POINT('',#3824);
#1084=VERTEX_POINT('',#3826);
#1085=VERTEX_POINT('',#3830);
#1086=VERTEX_POINT('',#3832);
#1087=VERTEX_POINT('',#3836);
#1088=VERTEX_POINT('',#3838);
#1089=VERTEX_POINT('',#3842);
#1090=VERTEX_POINT('',#3844);
#1091=VERTEX_POINT('',#3848);
#1092=VERTEX_POINT('',#3850);
#1093=VERTEX_POINT('',#3854);
#1094=VERTEX_POINT('',#3855);
#1095=VERTEX_POINT('',#3857);
#1096=VERTEX_POINT('',#3859);
#1097=VERTEX_POINT('',#3863);
#1098=VERTEX_POINT('',#3865);
#1099=VERTEX_POINT('',#3869);
#1100=VERTEX_POINT('',#3871);
#1101=VERTEX_POINT('',#3878);
#1102=VERTEX_POINT('',#3880);
#1103=VERTEX_POINT('',#3887);
#1104=VERTEX_POINT('',#3888);
#1105=VERTEX_POINT('',#3890);
#1106=VERTEX_POINT('',#3892);
#1107=VERTEX_POINT('',#3896);
#1108=VERTEX_POINT('',#3898);
#1109=VERTEX_POINT('',#3902);
#1110=VERTEX_POINT('',#3904);
#1111=EDGE_CURVE('',#887,#888,#763,.T.);
#1112=EDGE_CURVE('',#887,#889,#339,.T.);
#1113=EDGE_CURVE('',#890,#889,#764,.T.);
#1114=EDGE_CURVE('',#888,#890,#340,.T.);
#1115=EDGE_CURVE('',#888,#891,#341,.T.);
#1116=EDGE_CURVE('',#892,#890,#342,.T.);
#1117=EDGE_CURVE('',#891,#892,#343,.T.);
#1118=EDGE_CURVE('',#891,#893,#765,.T.);
#1119=EDGE_CURVE('',#894,#892,#766,.T.);
#1120=EDGE_CURVE('',#893,#894,#344,.T.);
#1121=EDGE_CURVE('',#893,#887,#345,.T.);
#1122=EDGE_CURVE('',#889,#894,#346,.T.);
#1123=EDGE_CURVE('',#895,#896,#767,.T.);
#1124=EDGE_CURVE('',#895,#897,#347,.T.);
#1125=EDGE_CURVE('',#898,#897,#768,.T.);
#1126=EDGE_CURVE('',#896,#898,#348,.T.);
#1127=EDGE_CURVE('',#896,#899,#349,.T.);
#1128=EDGE_CURVE('',#900,#898,#350,.T.);
#1129=EDGE_CURVE('',#899,#900,#351,.T.);
#1130=EDGE_CURVE('',#899,#901,#769,.T.);
#1131=EDGE_CURVE('',#902,#900,#770,.T.);
#1132=EDGE_CURVE('',#901,#902,#352,.T.);
#1133=EDGE_CURVE('',#901,#895,#353,.T.);
#1134=EDGE_CURVE('',#897,#902,#354,.T.);
#1135=EDGE_CURVE('',#903,#904,#771,.T.);
#1136=EDGE_CURVE('',#903,#905,#355,.T.);
#1137=EDGE_CURVE('',#906,#905,#772,.T.);
#1138=EDGE_CURVE('',#904,#906,#356,.T.);
#1139=EDGE_CURVE('',#904,#907,#357,.T.);
#1140=EDGE_CURVE('',#908,#906,#358,.T.);
#1141=EDGE_CURVE('',#907,#908,#359,.T.);
#1142=EDGE_CURVE('',#907,#909,#773,.T.);
#1143=EDGE_CURVE('',#910,#908,#774,.T.);
#1144=EDGE_CURVE('',#909,#910,#360,.T.);
#1145=EDGE_CURVE('',#909,#903,#361,.T.);
#1146=EDGE_CURVE('',#905,#910,#362,.T.);
#1147=EDGE_CURVE('',#911,#912,#775,.T.);
#1148=EDGE_CURVE('',#912,#913,#363,.T.);
#1149=EDGE_CURVE('',#913,#914,#776,.T.);
#1150=EDGE_CURVE('',#914,#911,#364,.T.);
#1151=EDGE_CURVE('',#915,#912,#365,.T.);
#1152=EDGE_CURVE('',#916,#915,#366,.T.);
#1153=EDGE_CURVE('',#913,#916,#367,.T.);
#1154=EDGE_CURVE('',#915,#917,#777,.T.);
#1155=EDGE_CURVE('',#917,#918,#368,.T.);
#1156=EDGE_CURVE('',#918,#916,#778,.T.);
#1157=EDGE_CURVE('',#919,#917,#369,.T.);
#1158=EDGE_CURVE('',#920,#919,#370,.T.);
#1159=EDGE_CURVE('',#918,#920,#371,.T.);
#1160=EDGE_CURVE('',#919,#921,#779,.T.);
#1161=EDGE_CURVE('',#921,#922,#372,.T.);
#1162=EDGE_CURVE('',#922,#920,#780,.T.);
#1163=EDGE_CURVE('',#923,#921,#373,.T.);
#1164=EDGE_CURVE('',#924,#923,#374,.T.);
#1165=EDGE_CURVE('',#922,#924,#375,.T.);
#1166=EDGE_CURVE('',#925,#926,#781,.T.);
#1167=EDGE_CURVE('',#926,#927,#376,.T.);
#1168=EDGE_CURVE('',#927,#928,#782,.T.);
#1169=EDGE_CURVE('',#928,#925,#377,.T.);
#1170=EDGE_CURVE('',#929,#926,#378,.T.);
#1171=EDGE_CURVE('',#930,#929,#379,.T.);
#1172=EDGE_CURVE('',#927,#930,#380,.T.);
#1173=EDGE_CURVE('',#923,#931,#783,.T.);
#1174=EDGE_CURVE('',#931,#932,#381,.T.);
#1175=EDGE_CURVE('',#932,#924,#784,.T.);
#1176=EDGE_CURVE('',#932,#928,#785,.T.);
#1177=EDGE_CURVE('',#925,#931,#786,.T.);
#1178=EDGE_CURVE('',#929,#933,#787,.T.);
#1179=EDGE_CURVE('',#933,#934,#382,.T.);
#1180=EDGE_CURVE('',#934,#930,#788,.T.);
#1181=EDGE_CURVE('',#934,#914,#383,.T.);
#1182=EDGE_CURVE('',#911,#933,#384,.T.);
#1183=EDGE_CURVE('',#935,#936,#789,.T.);
#1184=EDGE_CURVE('',#936,#937,#385,.T.);
#1185=EDGE_CURVE('',#937,#938,#790,.T.);
#1186=EDGE_CURVE('',#938,#935,#386,.T.);
#1187=EDGE_CURVE('',#939,#936,#387,.T.);
#1188=EDGE_CURVE('',#940,#939,#388,.T.);
#1189=EDGE_CURVE('',#937,#940,#389,.T.);
#1190=EDGE_CURVE('',#939,#941,#791,.T.);
#1191=EDGE_CURVE('',#941,#942,#390,.T.);
#1192=EDGE_CURVE('',#942,#940,#792,.T.);
#1193=EDGE_CURVE('',#943,#941,#391,.T.);
#1194=EDGE_CURVE('',#944,#943,#392,.T.);
#1195=EDGE_CURVE('',#942,#944,#393,.T.);
#1196=EDGE_CURVE('',#943,#945,#793,.T.);
#1197=EDGE_CURVE('',#945,#946,#394,.T.);
#1198=EDGE_CURVE('',#946,#944,#794,.T.);
#1199=EDGE_CURVE('',#947,#945,#395,.T.);
#1200=EDGE_CURVE('',#948,#947,#396,.T.);
#1201=EDGE_CURVE('',#946,#948,#397,.T.);
#1202=EDGE_CURVE('',#949,#950,#795,.T.);
#1203=EDGE_CURVE('',#950,#951,#398,.T.);
#1204=EDGE_CURVE('',#951,#952,#796,.T.);
#1205=EDGE_CURVE('',#952,#949,#399,.T.);
#1206=EDGE_CURVE('',#953,#950,#400,.T.);
#1207=EDGE_CURVE('',#954,#953,#401,.T.);
#1208=EDGE_CURVE('',#951,#954,#402,.T.);
#1209=EDGE_CURVE('',#947,#955,#797,.T.);
#1210=EDGE_CURVE('',#955,#956,#403,.T.);
#1211=EDGE_CURVE('',#956,#948,#798,.T.);
#1212=EDGE_CURVE('',#956,#952,#799,.T.);
#1213=EDGE_CURVE('',#949,#955,#800,.T.);
#1214=EDGE_CURVE('',#953,#957,#801,.T.);
#1215=EDGE_CURVE('',#957,#958,#404,.T.);
#1216=EDGE_CURVE('',#958,#954,#802,.T.);
#1217=EDGE_CURVE('',#958,#938,#405,.T.);
#1218=EDGE_CURVE('',#935,#957,#406,.T.);
#1219=EDGE_CURVE('',#959,#960,#803,.T.);
#1220=EDGE_CURVE('',#960,#961,#407,.T.);
#1221=EDGE_CURVE('',#961,#962,#804,.T.);
#1222=EDGE_CURVE('',#962,#959,#408,.T.);
#1223=EDGE_CURVE('',#963,#960,#409,.T.);
#1224=EDGE_CURVE('',#964,#963,#410,.T.);
#1225=EDGE_CURVE('',#961,#964,#411,.T.);
#1226=EDGE_CURVE('',#963,#965,#805,.T.);
#1227=EDGE_CURVE('',#965,#966,#412,.T.);
#1228=EDGE_CURVE('',#966,#964,#806,.T.);
#1229=EDGE_CURVE('',#967,#965,#413,.T.);
#1230=EDGE_CURVE('',#968,#967,#414,.T.);
#1231=EDGE_CURVE('',#966,#968,#415,.T.);
#1232=EDGE_CURVE('',#967,#969,#807,.T.);
#1233=EDGE_CURVE('',#969,#970,#416,.T.);
#1234=EDGE_CURVE('',#970,#968,#808,.T.);
#1235=EDGE_CURVE('',#971,#969,#417,.T.);
#1236=EDGE_CURVE('',#972,#971,#418,.T.);
#1237=EDGE_CURVE('',#970,#972,#419,.T.);
#1238=EDGE_CURVE('',#973,#974,#809,.T.);
#1239=EDGE_CURVE('',#974,#975,#420,.T.);
#1240=EDGE_CURVE('',#975,#976,#810,.T.);
#1241=EDGE_CURVE('',#976,#973,#421,.T.);
#1242=EDGE_CURVE('',#977,#974,#422,.T.);
#1243=EDGE_CURVE('',#978,#977,#423,.T.);
#1244=EDGE_CURVE('',#975,#978,#424,.T.);
#1245=EDGE_CURVE('',#971,#979,#811,.T.);
#1246=EDGE_CURVE('',#979,#980,#425,.T.);
#1247=EDGE_CURVE('',#980,#972,#812,.T.);
#1248=EDGE_CURVE('',#980,#976,#813,.T.);
#1249=EDGE_CURVE('',#973,#979,#814,.T.);
#1250=EDGE_CURVE('',#977,#981,#815,.T.);
#1251=EDGE_CURVE('',#981,#982,#426,.T.);
#1252=EDGE_CURVE('',#982,#978,#816,.T.);
#1253=EDGE_CURVE('',#982,#962,#427,.T.);
#1254=EDGE_CURVE('',#959,#981,#428,.T.);
#1255=EDGE_CURVE('',#983,#984,#817,.T.);
#1256=EDGE_CURVE('',#984,#985,#429,.T.);
#1257=EDGE_CURVE('',#985,#986,#818,.T.);
#1258=EDGE_CURVE('',#986,#983,#430,.T.);
#1259=EDGE_CURVE('',#987,#984,#431,.T.);
#1260=EDGE_CURVE('',#988,#987,#432,.T.);
#1261=EDGE_CURVE('',#985,#988,#433,.T.);
#1262=EDGE_CURVE('',#987,#989,#819,.T.);
#1263=EDGE_CURVE('',#989,#990,#434,.T.);
#1264=EDGE_CURVE('',#990,#988,#820,.T.);
#1265=EDGE_CURVE('',#991,#989,#435,.T.);
#1266=EDGE_CURVE('',#992,#991,#436,.T.);
#1267=EDGE_CURVE('',#990,#992,#437,.T.);
#1268=EDGE_CURVE('',#991,#993,#821,.T.);
#1269=EDGE_CURVE('',#993,#994,#438,.T.);
#1270=EDGE_CURVE('',#994,#992,#822,.T.);
#1271=EDGE_CURVE('',#995,#993,#439,.T.);
#1272=EDGE_CURVE('',#996,#995,#440,.T.);
#1273=EDGE_CURVE('',#994,#996,#441,.T.);
#1274=EDGE_CURVE('',#997,#998,#823,.T.);
#1275=EDGE_CURVE('',#998,#999,#442,.T.);
#1276=EDGE_CURVE('',#999,#1000,#824,.T.);
#1277=EDGE_CURVE('',#1000,#997,#443,.T.);
#1278=EDGE_CURVE('',#1001,#998,#444,.T.);
#1279=EDGE_CURVE('',#1002,#1001,#445,.T.);
#1280=EDGE_CURVE('',#999,#1002,#446,.T.);
#1281=EDGE_CURVE('',#995,#1003,#825,.T.);
#1282=EDGE_CURVE('',#1003,#1004,#447,.T.);
#1283=EDGE_CURVE('',#1004,#996,#826,.T.);
#1284=EDGE_CURVE('',#1004,#1000,#827,.T.);
#1285=EDGE_CURVE('',#997,#1003,#828,.T.);
#1286=EDGE_CURVE('',#1001,#1005,#829,.T.);
#1287=EDGE_CURVE('',#1005,#1006,#448,.T.);
#1288=EDGE_CURVE('',#1006,#1002,#830,.T.);
#1289=EDGE_CURVE('',#1006,#986,#449,.T.);
#1290=EDGE_CURVE('',#983,#1005,#450,.T.);
#1291=EDGE_CURVE('',#1007,#1008,#831,.T.);
#1292=EDGE_CURVE('',#1008,#1009,#451,.T.);
#1293=EDGE_CURVE('',#1009,#1010,#832,.T.);
#1294=EDGE_CURVE('',#1010,#1007,#452,.T.);
#1295=EDGE_CURVE('',#1011,#1008,#453,.T.);
#1296=EDGE_CURVE('',#1012,#1011,#454,.T.);
#1297=EDGE_CURVE('',#1009,#1012,#455,.T.);
#1298=EDGE_CURVE('',#1011,#1013,#833,.T.);
#1299=EDGE_CURVE('',#1013,#1014,#456,.T.);
#1300=EDGE_CURVE('',#1014,#1012,#834,.T.);
#1301=EDGE_CURVE('',#1015,#1013,#457,.T.);
#1302=EDGE_CURVE('',#1016,#1015,#458,.T.);
#1303=EDGE_CURVE('',#1014,#1016,#459,.T.);
#1304=EDGE_CURVE('',#1015,#1017,#835,.T.);
#1305=EDGE_CURVE('',#1017,#1018,#460,.T.);
#1306=EDGE_CURVE('',#1018,#1016,#836,.T.);
#1307=EDGE_CURVE('',#1019,#1017,#461,.T.);
#1308=EDGE_CURVE('',#1020,#1019,#462,.T.);
#1309=EDGE_CURVE('',#1018,#1020,#463,.T.);
#1310=EDGE_CURVE('',#1021,#1022,#837,.T.);
#1311=EDGE_CURVE('',#1022,#1023,#464,.T.);
#1312=EDGE_CURVE('',#1023,#1024,#838,.T.);
#1313=EDGE_CURVE('',#1024,#1021,#465,.T.);
#1314=EDGE_CURVE('',#1025,#1022,#466,.T.);
#1315=EDGE_CURVE('',#1026,#1025,#467,.T.);
#1316=EDGE_CURVE('',#1023,#1026,#468,.T.);
#1317=EDGE_CURVE('',#1019,#1027,#839,.T.);
#1318=EDGE_CURVE('',#1027,#1028,#469,.T.);
#1319=EDGE_CURVE('',#1028,#1020,#840,.T.);
#1320=EDGE_CURVE('',#1028,#1024,#841,.T.);
#1321=EDGE_CURVE('',#1021,#1027,#842,.T.);
#1322=EDGE_CURVE('',#1025,#1029,#843,.T.);
#1323=EDGE_CURVE('',#1029,#1030,#470,.T.);
#1324=EDGE_CURVE('',#1030,#1026,#844,.T.);
#1325=EDGE_CURVE('',#1030,#1010,#471,.T.);
#1326=EDGE_CURVE('',#1007,#1029,#472,.T.);
#1327=EDGE_CURVE('',#1031,#1032,#845,.T.);
#1328=EDGE_CURVE('',#1032,#1033,#473,.T.);
#1329=EDGE_CURVE('',#1033,#1034,#846,.T.);
#1330=EDGE_CURVE('',#1034,#1031,#474,.T.);
#1331=EDGE_CURVE('',#1035,#1032,#475,.T.);
#1332=EDGE_CURVE('',#1036,#1035,#476,.T.);
#1333=EDGE_CURVE('',#1033,#1036,#477,.T.);
#1334=EDGE_CURVE('',#1035,#1037,#847,.T.);
#1335=EDGE_CURVE('',#1037,#1038,#478,.T.);
#1336=EDGE_CURVE('',#1038,#1036,#848,.T.);
#1337=EDGE_CURVE('',#1039,#1037,#479,.T.);
#1338=EDGE_CURVE('',#1040,#1039,#480,.T.);
#1339=EDGE_CURVE('',#1038,#1040,#481,.T.);
#1340=EDGE_CURVE('',#1039,#1041,#849,.T.);
#1341=EDGE_CURVE('',#1041,#1042,#482,.T.);
#1342=EDGE_CURVE('',#1042,#1040,#850,.T.);
#1343=EDGE_CURVE('',#1043,#1041,#483,.T.);
#1344=EDGE_CURVE('',#1044,#1043,#484,.T.);
#1345=EDGE_CURVE('',#1042,#1044,#485,.T.);
#1346=EDGE_CURVE('',#1045,#1046,#851,.T.);
#1347=EDGE_CURVE('',#1046,#1047,#486,.T.);
#1348=EDGE_CURVE('',#1047,#1048,#852,.T.);
#1349=EDGE_CURVE('',#1048,#1045,#487,.T.);
#1350=EDGE_CURVE('',#1049,#1046,#488,.T.);
#1351=EDGE_CURVE('',#1050,#1049,#489,.T.);
#1352=EDGE_CURVE('',#1047,#1050,#490,.T.);
#1353=EDGE_CURVE('',#1043,#1051,#853,.T.);
#1354=EDGE_CURVE('',#1051,#1052,#491,.T.);
#1355=EDGE_CURVE('',#1052,#1044,#854,.T.);
#1356=EDGE_CURVE('',#1052,#1048,#855,.T.);
#1357=EDGE_CURVE('',#1045,#1051,#856,.T.);
#1358=EDGE_CURVE('',#1049,#1053,#857,.T.);
#1359=EDGE_CURVE('',#1053,#1054,#492,.T.);
#1360=EDGE_CURVE('',#1054,#1050,#858,.T.);
#1361=EDGE_CURVE('',#1054,#1034,#493,.T.);
#1362=EDGE_CURVE('',#1031,#1053,#494,.T.);
#1363=EDGE_CURVE('',#1055,#1056,#859,.T.);
#1364=EDGE_CURVE('',#1056,#1057,#495,.T.);
#1365=EDGE_CURVE('',#1057,#1058,#860,.T.);
#1366=EDGE_CURVE('',#1058,#1055,#496,.T.);
#1367=EDGE_CURVE('',#1059,#1056,#497,.T.);
#1368=EDGE_CURVE('',#1060,#1059,#498,.T.);
#1369=EDGE_CURVE('',#1057,#1060,#499,.T.);
#1370=EDGE_CURVE('',#1059,#1061,#861,.T.);
#1371=EDGE_CURVE('',#1061,#1062,#500,.T.);
#1372=EDGE_CURVE('',#1062,#1060,#862,.T.);
#1373=EDGE_CURVE('',#1063,#1061,#501,.T.);
#1374=EDGE_CURVE('',#1064,#1063,#502,.T.);
#1375=EDGE_CURVE('',#1062,#1064,#503,.T.);
#1376=EDGE_CURVE('',#1063,#1065,#863,.T.);
#1377=EDGE_CURVE('',#1065,#1066,#504,.T.);
#1378=EDGE_CURVE('',#1066,#1064,#864,.T.);
#1379=EDGE_CURVE('',#1067,#1065,#505,.T.);
#1380=EDGE_CURVE('',#1068,#1067,#506,.T.);
#1381=EDGE_CURVE('',#1066,#1068,#507,.T.);
#1382=EDGE_CURVE('',#1069,#1070,#865,.T.);
#1383=EDGE_CURVE('',#1070,#1071,#508,.T.);
#1384=EDGE_CURVE('',#1071,#1072,#866,.T.);
#1385=EDGE_CURVE('',#1072,#1069,#509,.T.);
#1386=EDGE_CURVE('',#1073,#1070,#510,.T.);
#1387=EDGE_CURVE('',#1074,#1073,#511,.T.);
#1388=EDGE_CURVE('',#1071,#1074,#512,.T.);
#1389=EDGE_CURVE('',#1067,#1075,#867,.T.);
#1390=EDGE_CURVE('',#1075,#1076,#513,.T.);
#1391=EDGE_CURVE('',#1076,#1068,#868,.T.);
#1392=EDGE_CURVE('',#1076,#1072,#869,.T.);
#1393=EDGE_CURVE('',#1069,#1075,#870,.T.);
#1394=EDGE_CURVE('',#1073,#1077,#871,.T.);
#1395=EDGE_CURVE('',#1077,#1078,#514,.T.);
#1396=EDGE_CURVE('',#1078,#1074,#872,.T.);
#1397=EDGE_CURVE('',#1078,#1058,#515,.T.);
#1398=EDGE_CURVE('',#1055,#1077,#516,.T.);
#1399=EDGE_CURVE('',#1079,#1080,#873,.T.);
#1400=EDGE_CURVE('',#1080,#1081,#517,.T.);
#1401=EDGE_CURVE('',#1081,#1082,#874,.T.);
#1402=EDGE_CURVE('',#1082,#1079,#518,.T.);
#1403=EDGE_CURVE('',#1083,#1080,#519,.T.);
#1404=EDGE_CURVE('',#1084,#1083,#520,.T.);
#1405=EDGE_CURVE('',#1081,#1084,#521,.T.);
#1406=EDGE_CURVE('',#1083,#1085,#875,.T.);
#1407=EDGE_CURVE('',#1085,#1086,#522,.T.);
#1408=EDGE_CURVE('',#1086,#1084,#876,.T.);
#1409=EDGE_CURVE('',#1087,#1085,#523,.T.);
#1410=EDGE_CURVE('',#1088,#1087,#524,.T.);
#1411=EDGE_CURVE('',#1086,#1088,#525,.T.);
#1412=EDGE_CURVE('',#1087,#1089,#877,.T.);
#1413=EDGE_CURVE('',#1089,#1090,#526,.T.);
#1414=EDGE_CURVE('',#1090,#1088,#878,.T.);
#1415=EDGE_CURVE('',#1091,#1089,#527,.T.);
#1416=EDGE_CURVE('',#1092,#1091,#528,.T.);
#1417=EDGE_CURVE('',#1090,#1092,#529,.T.);
#1418=EDGE_CURVE('',#1093,#1094,#879,.T.);
#1419=EDGE_CURVE('',#1094,#1095,#530,.T.);
#1420=EDGE_CURVE('',#1095,#1096,#880,.T.);
#1421=EDGE_CURVE('',#1096,#1093,#531,.T.);
#1422=EDGE_CURVE('',#1097,#1094,#532,.T.);
#1423=EDGE_CURVE('',#1098,#1097,#533,.T.);
#1424=EDGE_CURVE('',#1095,#1098,#534,.T.);
#1425=EDGE_CURVE('',#1091,#1099,#881,.T.);
#1426=EDGE_CURVE('',#1099,#1100,#535,.T.);
#1427=EDGE_CURVE('',#1100,#1092,#882,.T.);
#1428=EDGE_CURVE('',#1100,#1096,#883,.T.);
#1429=EDGE_CURVE('',#1093,#1099,#884,.T.);
#1430=EDGE_CURVE('',#1097,#1101,#885,.T.);
#1431=EDGE_CURVE('',#1101,#1102,#536,.T.);
#1432=EDGE_CURVE('',#1102,#1098,#886,.T.);
#1433=EDGE_CURVE('',#1102,#1082,#537,.T.);
#1434=EDGE_CURVE('',#1079,#1101,#538,.T.);
#1435=EDGE_CURVE('',#1103,#1104,#539,.T.);
#1436=EDGE_CURVE('',#1104,#1105,#540,.T.);
#1437=EDGE_CURVE('',#1106,#1105,#541,.T.);
#1438=EDGE_CURVE('',#1103,#1106,#542,.T.);
#1439=EDGE_CURVE('',#1107,#1103,#543,.T.);
#1440=EDGE_CURVE('',#1108,#1106,#544,.T.);
#1441=EDGE_CURVE('',#1107,#1108,#545,.T.);
#1442=EDGE_CURVE('',#1109,#1107,#546,.T.);
#1443=EDGE_CURVE('',#1110,#1108,#547,.T.);
#1444=EDGE_CURVE('',#1109,#1110,#548,.T.);
#1445=EDGE_CURVE('',#1104,#1109,#549,.T.);
#1446=EDGE_CURVE('',#1105,#1110,#550,.T.);
#1447=ORIENTED_EDGE('',*,*,#1111,.F.);
#1448=ORIENTED_EDGE('',*,*,#1112,.T.);
#1449=ORIENTED_EDGE('',*,*,#1113,.F.);
#1450=ORIENTED_EDGE('',*,*,#1114,.F.);
#1451=ORIENTED_EDGE('',*,*,#1115,.F.);
#1452=ORIENTED_EDGE('',*,*,#1114,.T.);
#1453=ORIENTED_EDGE('',*,*,#1116,.F.);
#1454=ORIENTED_EDGE('',*,*,#1117,.F.);
#1455=ORIENTED_EDGE('',*,*,#1118,.F.);
#1456=ORIENTED_EDGE('',*,*,#1117,.T.);
#1457=ORIENTED_EDGE('',*,*,#1119,.F.);
#1458=ORIENTED_EDGE('',*,*,#1120,.F.);
#1459=ORIENTED_EDGE('',*,*,#1121,.F.);
#1460=ORIENTED_EDGE('',*,*,#1120,.T.);
#1461=ORIENTED_EDGE('',*,*,#1122,.F.);
#1462=ORIENTED_EDGE('',*,*,#1112,.F.);
#1463=ORIENTED_EDGE('',*,*,#1123,.F.);
#1464=ORIENTED_EDGE('',*,*,#1124,.T.);
#1465=ORIENTED_EDGE('',*,*,#1125,.F.);
#1466=ORIENTED_EDGE('',*,*,#1126,.F.);
#1467=ORIENTED_EDGE('',*,*,#1127,.F.);
#1468=ORIENTED_EDGE('',*,*,#1126,.T.);
#1469=ORIENTED_EDGE('',*,*,#1128,.F.);
#1470=ORIENTED_EDGE('',*,*,#1129,.F.);
#1471=ORIENTED_EDGE('',*,*,#1130,.F.);
#1472=ORIENTED_EDGE('',*,*,#1129,.T.);
#1473=ORIENTED_EDGE('',*,*,#1131,.F.);
#1474=ORIENTED_EDGE('',*,*,#1132,.F.);
#1475=ORIENTED_EDGE('',*,*,#1133,.F.);
#1476=ORIENTED_EDGE('',*,*,#1132,.T.);
#1477=ORIENTED_EDGE('',*,*,#1134,.F.);
#1478=ORIENTED_EDGE('',*,*,#1124,.F.);
#1479=ORIENTED_EDGE('',*,*,#1135,.F.);
#1480=ORIENTED_EDGE('',*,*,#1136,.T.);
#1481=ORIENTED_EDGE('',*,*,#1137,.F.);
#1482=ORIENTED_EDGE('',*,*,#1138,.F.);
#1483=ORIENTED_EDGE('',*,*,#1139,.F.);
#1484=ORIENTED_EDGE('',*,*,#1138,.T.);
#1485=ORIENTED_EDGE('',*,*,#1140,.F.);
#1486=ORIENTED_EDGE('',*,*,#1141,.F.);
#1487=ORIENTED_EDGE('',*,*,#1142,.F.);
#1488=ORIENTED_EDGE('',*,*,#1141,.T.);
#1489=ORIENTED_EDGE('',*,*,#1143,.F.);
#1490=ORIENTED_EDGE('',*,*,#1144,.F.);
#1491=ORIENTED_EDGE('',*,*,#1145,.F.);
#1492=ORIENTED_EDGE('',*,*,#1144,.T.);
#1493=ORIENTED_EDGE('',*,*,#1146,.F.);
#1494=ORIENTED_EDGE('',*,*,#1136,.F.);
#1495=ORIENTED_EDGE('',*,*,#1147,.T.);
#1496=ORIENTED_EDGE('',*,*,#1148,.T.);
#1497=ORIENTED_EDGE('',*,*,#1149,.T.);
#1498=ORIENTED_EDGE('',*,*,#1150,.T.);
#1499=ORIENTED_EDGE('',*,*,#1148,.F.);
#1500=ORIENTED_EDGE('',*,*,#1151,.F.);
#1501=ORIENTED_EDGE('',*,*,#1152,.F.);
#1502=ORIENTED_EDGE('',*,*,#1153,.F.);
#1503=ORIENTED_EDGE('',*,*,#1154,.T.);
#1504=ORIENTED_EDGE('',*,*,#1155,.T.);
#1505=ORIENTED_EDGE('',*,*,#1156,.T.);
#1506=ORIENTED_EDGE('',*,*,#1152,.T.);
#1507=ORIENTED_EDGE('',*,*,#1155,.F.);
#1508=ORIENTED_EDGE('',*,*,#1157,.F.);
#1509=ORIENTED_EDGE('',*,*,#1158,.F.);
#1510=ORIENTED_EDGE('',*,*,#1159,.F.);
#1511=ORIENTED_EDGE('',*,*,#1160,.T.);
#1512=ORIENTED_EDGE('',*,*,#1161,.T.);
#1513=ORIENTED_EDGE('',*,*,#1162,.T.);
#1514=ORIENTED_EDGE('',*,*,#1158,.T.);
#1515=ORIENTED_EDGE('',*,*,#1161,.F.);
#1516=ORIENTED_EDGE('',*,*,#1163,.F.);
#1517=ORIENTED_EDGE('',*,*,#1164,.F.);
#1518=ORIENTED_EDGE('',*,*,#1165,.F.);
#1519=ORIENTED_EDGE('',*,*,#1166,.T.);
#1520=ORIENTED_EDGE('',*,*,#1167,.T.);
#1521=ORIENTED_EDGE('',*,*,#1168,.T.);
#1522=ORIENTED_EDGE('',*,*,#1169,.T.);
#1523=ORIENTED_EDGE('',*,*,#1167,.F.);
#1524=ORIENTED_EDGE('',*,*,#1170,.F.);
#1525=ORIENTED_EDGE('',*,*,#1171,.F.);
#1526=ORIENTED_EDGE('',*,*,#1172,.F.);
#1527=ORIENTED_EDGE('',*,*,#1173,.T.);
#1528=ORIENTED_EDGE('',*,*,#1174,.T.);
#1529=ORIENTED_EDGE('',*,*,#1175,.T.);
#1530=ORIENTED_EDGE('',*,*,#1164,.T.);
#1531=ORIENTED_EDGE('',*,*,#1169,.F.);
#1532=ORIENTED_EDGE('',*,*,#1176,.F.);
#1533=ORIENTED_EDGE('',*,*,#1174,.F.);
#1534=ORIENTED_EDGE('',*,*,#1177,.F.);
#1535=ORIENTED_EDGE('',*,*,#1178,.T.);
#1536=ORIENTED_EDGE('',*,*,#1179,.T.);
#1537=ORIENTED_EDGE('',*,*,#1180,.T.);
#1538=ORIENTED_EDGE('',*,*,#1171,.T.);
#1539=ORIENTED_EDGE('',*,*,#1150,.F.);
#1540=ORIENTED_EDGE('',*,*,#1181,.F.);
#1541=ORIENTED_EDGE('',*,*,#1179,.F.);
#1542=ORIENTED_EDGE('',*,*,#1182,.F.);
#1543=ORIENTED_EDGE('',*,*,#1183,.T.);
#1544=ORIENTED_EDGE('',*,*,#1184,.T.);
#1545=ORIENTED_EDGE('',*,*,#1185,.T.);
#1546=ORIENTED_EDGE('',*,*,#1186,.T.);
#1547=ORIENTED_EDGE('',*,*,#1184,.F.);
#1548=ORIENTED_EDGE('',*,*,#1187,.F.);
#1549=ORIENTED_EDGE('',*,*,#1188,.F.);
#1550=ORIENTED_EDGE('',*,*,#1189,.F.);
#1551=ORIENTED_EDGE('',*,*,#1190,.T.);
#1552=ORIENTED_EDGE('',*,*,#1191,.T.);
#1553=ORIENTED_EDGE('',*,*,#1192,.T.);
#1554=ORIENTED_EDGE('',*,*,#1188,.T.);
#1555=ORIENTED_EDGE('',*,*,#1191,.F.);
#1556=ORIENTED_EDGE('',*,*,#1193,.F.);
#1557=ORIENTED_EDGE('',*,*,#1194,.F.);
#1558=ORIENTED_EDGE('',*,*,#1195,.F.);
#1559=ORIENTED_EDGE('',*,*,#1196,.T.);
#1560=ORIENTED_EDGE('',*,*,#1197,.T.);
#1561=ORIENTED_EDGE('',*,*,#1198,.T.);
#1562=ORIENTED_EDGE('',*,*,#1194,.T.);
#1563=ORIENTED_EDGE('',*,*,#1197,.F.);
#1564=ORIENTED_EDGE('',*,*,#1199,.F.);
#1565=ORIENTED_EDGE('',*,*,#1200,.F.);
#1566=ORIENTED_EDGE('',*,*,#1201,.F.);
#1567=ORIENTED_EDGE('',*,*,#1202,.T.);
#1568=ORIENTED_EDGE('',*,*,#1203,.T.);
#1569=ORIENTED_EDGE('',*,*,#1204,.T.);
#1570=ORIENTED_EDGE('',*,*,#1205,.T.);
#1571=ORIENTED_EDGE('',*,*,#1203,.F.);
#1572=ORIENTED_EDGE('',*,*,#1206,.F.);
#1573=ORIENTED_EDGE('',*,*,#1207,.F.);
#1574=ORIENTED_EDGE('',*,*,#1208,.F.);
#1575=ORIENTED_EDGE('',*,*,#1209,.T.);
#1576=ORIENTED_EDGE('',*,*,#1210,.T.);
#1577=ORIENTED_EDGE('',*,*,#1211,.T.);
#1578=ORIENTED_EDGE('',*,*,#1200,.T.);
#1579=ORIENTED_EDGE('',*,*,#1205,.F.);
#1580=ORIENTED_EDGE('',*,*,#1212,.F.);
#1581=ORIENTED_EDGE('',*,*,#1210,.F.);
#1582=ORIENTED_EDGE('',*,*,#1213,.F.);
#1583=ORIENTED_EDGE('',*,*,#1214,.T.);
#1584=ORIENTED_EDGE('',*,*,#1215,.T.);
#1585=ORIENTED_EDGE('',*,*,#1216,.T.);
#1586=ORIENTED_EDGE('',*,*,#1207,.T.);
#1587=ORIENTED_EDGE('',*,*,#1186,.F.);
#1588=ORIENTED_EDGE('',*,*,#1217,.F.);
#1589=ORIENTED_EDGE('',*,*,#1215,.F.);
#1590=ORIENTED_EDGE('',*,*,#1218,.F.);
#1591=ORIENTED_EDGE('',*,*,#1219,.T.);
#1592=ORIENTED_EDGE('',*,*,#1220,.T.);
#1593=ORIENTED_EDGE('',*,*,#1221,.T.);
#1594=ORIENTED_EDGE('',*,*,#1222,.T.);
#1595=ORIENTED_EDGE('',*,*,#1220,.F.);
#1596=ORIENTED_EDGE('',*,*,#1223,.F.);
#1597=ORIENTED_EDGE('',*,*,#1224,.F.);
#1598=ORIENTED_EDGE('',*,*,#1225,.F.);
#1599=ORIENTED_EDGE('',*,*,#1226,.T.);
#1600=ORIENTED_EDGE('',*,*,#1227,.T.);
#1601=ORIENTED_EDGE('',*,*,#1228,.T.);
#1602=ORIENTED_EDGE('',*,*,#1224,.T.);
#1603=ORIENTED_EDGE('',*,*,#1227,.F.);
#1604=ORIENTED_EDGE('',*,*,#1229,.F.);
#1605=ORIENTED_EDGE('',*,*,#1230,.F.);
#1606=ORIENTED_EDGE('',*,*,#1231,.F.);
#1607=ORIENTED_EDGE('',*,*,#1232,.T.);
#1608=ORIENTED_EDGE('',*,*,#1233,.T.);
#1609=ORIENTED_EDGE('',*,*,#1234,.T.);
#1610=ORIENTED_EDGE('',*,*,#1230,.T.);
#1611=ORIENTED_EDGE('',*,*,#1233,.F.);
#1612=ORIENTED_EDGE('',*,*,#1235,.F.);
#1613=ORIENTED_EDGE('',*,*,#1236,.F.);
#1614=ORIENTED_EDGE('',*,*,#1237,.F.);
#1615=ORIENTED_EDGE('',*,*,#1238,.T.);
#1616=ORIENTED_EDGE('',*,*,#1239,.T.);
#1617=ORIENTED_EDGE('',*,*,#1240,.T.);
#1618=ORIENTED_EDGE('',*,*,#1241,.T.);
#1619=ORIENTED_EDGE('',*,*,#1239,.F.);
#1620=ORIENTED_EDGE('',*,*,#1242,.F.);
#1621=ORIENTED_EDGE('',*,*,#1243,.F.);
#1622=ORIENTED_EDGE('',*,*,#1244,.F.);
#1623=ORIENTED_EDGE('',*,*,#1245,.T.);
#1624=ORIENTED_EDGE('',*,*,#1246,.T.);
#1625=ORIENTED_EDGE('',*,*,#1247,.T.);
#1626=ORIENTED_EDGE('',*,*,#1236,.T.);
#1627=ORIENTED_EDGE('',*,*,#1241,.F.);
#1628=ORIENTED_EDGE('',*,*,#1248,.F.);
#1629=ORIENTED_EDGE('',*,*,#1246,.F.);
#1630=ORIENTED_EDGE('',*,*,#1249,.F.);
#1631=ORIENTED_EDGE('',*,*,#1250,.T.);
#1632=ORIENTED_EDGE('',*,*,#1251,.T.);
#1633=ORIENTED_EDGE('',*,*,#1252,.T.);
#1634=ORIENTED_EDGE('',*,*,#1243,.T.);
#1635=ORIENTED_EDGE('',*,*,#1222,.F.);
#1636=ORIENTED_EDGE('',*,*,#1253,.F.);
#1637=ORIENTED_EDGE('',*,*,#1251,.F.);
#1638=ORIENTED_EDGE('',*,*,#1254,.F.);
#1639=ORIENTED_EDGE('',*,*,#1255,.T.);
#1640=ORIENTED_EDGE('',*,*,#1256,.T.);
#1641=ORIENTED_EDGE('',*,*,#1257,.T.);
#1642=ORIENTED_EDGE('',*,*,#1258,.T.);
#1643=ORIENTED_EDGE('',*,*,#1256,.F.);
#1644=ORIENTED_EDGE('',*,*,#1259,.F.);
#1645=ORIENTED_EDGE('',*,*,#1260,.F.);
#1646=ORIENTED_EDGE('',*,*,#1261,.F.);
#1647=ORIENTED_EDGE('',*,*,#1262,.T.);
#1648=ORIENTED_EDGE('',*,*,#1263,.T.);
#1649=ORIENTED_EDGE('',*,*,#1264,.T.);
#1650=ORIENTED_EDGE('',*,*,#1260,.T.);
#1651=ORIENTED_EDGE('',*,*,#1263,.F.);
#1652=ORIENTED_EDGE('',*,*,#1265,.F.);
#1653=ORIENTED_EDGE('',*,*,#1266,.F.);
#1654=ORIENTED_EDGE('',*,*,#1267,.F.);
#1655=ORIENTED_EDGE('',*,*,#1268,.T.);
#1656=ORIENTED_EDGE('',*,*,#1269,.T.);
#1657=ORIENTED_EDGE('',*,*,#1270,.T.);
#1658=ORIENTED_EDGE('',*,*,#1266,.T.);
#1659=ORIENTED_EDGE('',*,*,#1269,.F.);
#1660=ORIENTED_EDGE('',*,*,#1271,.F.);
#1661=ORIENTED_EDGE('',*,*,#1272,.F.);
#1662=ORIENTED_EDGE('',*,*,#1273,.F.);
#1663=ORIENTED_EDGE('',*,*,#1274,.T.);
#1664=ORIENTED_EDGE('',*,*,#1275,.T.);
#1665=ORIENTED_EDGE('',*,*,#1276,.T.);
#1666=ORIENTED_EDGE('',*,*,#1277,.T.);
#1667=ORIENTED_EDGE('',*,*,#1275,.F.);
#1668=ORIENTED_EDGE('',*,*,#1278,.F.);
#1669=ORIENTED_EDGE('',*,*,#1279,.F.);
#1670=ORIENTED_EDGE('',*,*,#1280,.F.);
#1671=ORIENTED_EDGE('',*,*,#1281,.T.);
#1672=ORIENTED_EDGE('',*,*,#1282,.T.);
#1673=ORIENTED_EDGE('',*,*,#1283,.T.);
#1674=ORIENTED_EDGE('',*,*,#1272,.T.);
#1675=ORIENTED_EDGE('',*,*,#1277,.F.);
#1676=ORIENTED_EDGE('',*,*,#1284,.F.);
#1677=ORIENTED_EDGE('',*,*,#1282,.F.);
#1678=ORIENTED_EDGE('',*,*,#1285,.F.);
#1679=ORIENTED_EDGE('',*,*,#1286,.T.);
#1680=ORIENTED_EDGE('',*,*,#1287,.T.);
#1681=ORIENTED_EDGE('',*,*,#1288,.T.);
#1682=ORIENTED_EDGE('',*,*,#1279,.T.);
#1683=ORIENTED_EDGE('',*,*,#1258,.F.);
#1684=ORIENTED_EDGE('',*,*,#1289,.F.);
#1685=ORIENTED_EDGE('',*,*,#1287,.F.);
#1686=ORIENTED_EDGE('',*,*,#1290,.F.);
#1687=ORIENTED_EDGE('',*,*,#1291,.T.);
#1688=ORIENTED_EDGE('',*,*,#1292,.T.);
#1689=ORIENTED_EDGE('',*,*,#1293,.T.);
#1690=ORIENTED_EDGE('',*,*,#1294,.T.);
#1691=ORIENTED_EDGE('',*,*,#1292,.F.);
#1692=ORIENTED_EDGE('',*,*,#1295,.F.);
#1693=ORIENTED_EDGE('',*,*,#1296,.F.);
#1694=ORIENTED_EDGE('',*,*,#1297,.F.);
#1695=ORIENTED_EDGE('',*,*,#1298,.T.);
#1696=ORIENTED_EDGE('',*,*,#1299,.T.);
#1697=ORIENTED_EDGE('',*,*,#1300,.T.);
#1698=ORIENTED_EDGE('',*,*,#1296,.T.);
#1699=ORIENTED_EDGE('',*,*,#1299,.F.);
#1700=ORIENTED_EDGE('',*,*,#1301,.F.);
#1701=ORIENTED_EDGE('',*,*,#1302,.F.);
#1702=ORIENTED_EDGE('',*,*,#1303,.F.);
#1703=ORIENTED_EDGE('',*,*,#1304,.T.);
#1704=ORIENTED_EDGE('',*,*,#1305,.T.);
#1705=ORIENTED_EDGE('',*,*,#1306,.T.);
#1706=ORIENTED_EDGE('',*,*,#1302,.T.);
#1707=ORIENTED_EDGE('',*,*,#1305,.F.);
#1708=ORIENTED_EDGE('',*,*,#1307,.F.);
#1709=ORIENTED_EDGE('',*,*,#1308,.F.);
#1710=ORIENTED_EDGE('',*,*,#1309,.F.);
#1711=ORIENTED_EDGE('',*,*,#1310,.T.);
#1712=ORIENTED_EDGE('',*,*,#1311,.T.);
#1713=ORIENTED_EDGE('',*,*,#1312,.T.);
#1714=ORIENTED_EDGE('',*,*,#1313,.T.);
#1715=ORIENTED_EDGE('',*,*,#1311,.F.);
#1716=ORIENTED_EDGE('',*,*,#1314,.F.);
#1717=ORIENTED_EDGE('',*,*,#1315,.F.);
#1718=ORIENTED_EDGE('',*,*,#1316,.F.);
#1719=ORIENTED_EDGE('',*,*,#1317,.T.);
#1720=ORIENTED_EDGE('',*,*,#1318,.T.);
#1721=ORIENTED_EDGE('',*,*,#1319,.T.);
#1722=ORIENTED_EDGE('',*,*,#1308,.T.);
#1723=ORIENTED_EDGE('',*,*,#1313,.F.);
#1724=ORIENTED_EDGE('',*,*,#1320,.F.);
#1725=ORIENTED_EDGE('',*,*,#1318,.F.);
#1726=ORIENTED_EDGE('',*,*,#1321,.F.);
#1727=ORIENTED_EDGE('',*,*,#1322,.T.);
#1728=ORIENTED_EDGE('',*,*,#1323,.T.);
#1729=ORIENTED_EDGE('',*,*,#1324,.T.);
#1730=ORIENTED_EDGE('',*,*,#1315,.T.);
#1731=ORIENTED_EDGE('',*,*,#1294,.F.);
#1732=ORIENTED_EDGE('',*,*,#1325,.F.);
#1733=ORIENTED_EDGE('',*,*,#1323,.F.);
#1734=ORIENTED_EDGE('',*,*,#1326,.F.);
#1735=ORIENTED_EDGE('',*,*,#1327,.T.);
#1736=ORIENTED_EDGE('',*,*,#1328,.T.);
#1737=ORIENTED_EDGE('',*,*,#1329,.T.);
#1738=ORIENTED_EDGE('',*,*,#1330,.T.);
#1739=ORIENTED_EDGE('',*,*,#1328,.F.);
#1740=ORIENTED_EDGE('',*,*,#1331,.F.);
#1741=ORIENTED_EDGE('',*,*,#1332,.F.);
#1742=ORIENTED_EDGE('',*,*,#1333,.F.);
#1743=ORIENTED_EDGE('',*,*,#1334,.T.);
#1744=ORIENTED_EDGE('',*,*,#1335,.T.);
#1745=ORIENTED_EDGE('',*,*,#1336,.T.);
#1746=ORIENTED_EDGE('',*,*,#1332,.T.);
#1747=ORIENTED_EDGE('',*,*,#1335,.F.);
#1748=ORIENTED_EDGE('',*,*,#1337,.F.);
#1749=ORIENTED_EDGE('',*,*,#1338,.F.);
#1750=ORIENTED_EDGE('',*,*,#1339,.F.);
#1751=ORIENTED_EDGE('',*,*,#1340,.T.);
#1752=ORIENTED_EDGE('',*,*,#1341,.T.);
#1753=ORIENTED_EDGE('',*,*,#1342,.T.);
#1754=ORIENTED_EDGE('',*,*,#1338,.T.);
#1755=ORIENTED_EDGE('',*,*,#1341,.F.);
#1756=ORIENTED_EDGE('',*,*,#1343,.F.);
#1757=ORIENTED_EDGE('',*,*,#1344,.F.);
#1758=ORIENTED_EDGE('',*,*,#1345,.F.);
#1759=ORIENTED_EDGE('',*,*,#1346,.T.);
#1760=ORIENTED_EDGE('',*,*,#1347,.T.);
#1761=ORIENTED_EDGE('',*,*,#1348,.T.);
#1762=ORIENTED_EDGE('',*,*,#1349,.T.);
#1763=ORIENTED_EDGE('',*,*,#1347,.F.);
#1764=ORIENTED_EDGE('',*,*,#1350,.F.);
#1765=ORIENTED_EDGE('',*,*,#1351,.F.);
#1766=ORIENTED_EDGE('',*,*,#1352,.F.);
#1767=ORIENTED_EDGE('',*,*,#1353,.T.);
#1768=ORIENTED_EDGE('',*,*,#1354,.T.);
#1769=ORIENTED_EDGE('',*,*,#1355,.T.);
#1770=ORIENTED_EDGE('',*,*,#1344,.T.);
#1771=ORIENTED_EDGE('',*,*,#1349,.F.);
#1772=ORIENTED_EDGE('',*,*,#1356,.F.);
#1773=ORIENTED_EDGE('',*,*,#1354,.F.);
#1774=ORIENTED_EDGE('',*,*,#1357,.F.);
#1775=ORIENTED_EDGE('',*,*,#1358,.T.);
#1776=ORIENTED_EDGE('',*,*,#1359,.T.);
#1777=ORIENTED_EDGE('',*,*,#1360,.T.);
#1778=ORIENTED_EDGE('',*,*,#1351,.T.);
#1779=ORIENTED_EDGE('',*,*,#1330,.F.);
#1780=ORIENTED_EDGE('',*,*,#1361,.F.);
#1781=ORIENTED_EDGE('',*,*,#1359,.F.);
#1782=ORIENTED_EDGE('',*,*,#1362,.F.);
#1783=ORIENTED_EDGE('',*,*,#1363,.T.);
#1784=ORIENTED_EDGE('',*,*,#1364,.T.);
#1785=ORIENTED_EDGE('',*,*,#1365,.T.);
#1786=ORIENTED_EDGE('',*,*,#1366,.T.);
#1787=ORIENTED_EDGE('',*,*,#1364,.F.);
#1788=ORIENTED_EDGE('',*,*,#1367,.F.);
#1789=ORIENTED_EDGE('',*,*,#1368,.F.);
#1790=ORIENTED_EDGE('',*,*,#1369,.F.);
#1791=ORIENTED_EDGE('',*,*,#1370,.T.);
#1792=ORIENTED_EDGE('',*,*,#1371,.T.);
#1793=ORIENTED_EDGE('',*,*,#1372,.T.);
#1794=ORIENTED_EDGE('',*,*,#1368,.T.);
#1795=ORIENTED_EDGE('',*,*,#1371,.F.);
#1796=ORIENTED_EDGE('',*,*,#1373,.F.);
#1797=ORIENTED_EDGE('',*,*,#1374,.F.);
#1798=ORIENTED_EDGE('',*,*,#1375,.F.);
#1799=ORIENTED_EDGE('',*,*,#1376,.T.);
#1800=ORIENTED_EDGE('',*,*,#1377,.T.);
#1801=ORIENTED_EDGE('',*,*,#1378,.T.);
#1802=ORIENTED_EDGE('',*,*,#1374,.T.);
#1803=ORIENTED_EDGE('',*,*,#1377,.F.);
#1804=ORIENTED_EDGE('',*,*,#1379,.F.);
#1805=ORIENTED_EDGE('',*,*,#1380,.F.);
#1806=ORIENTED_EDGE('',*,*,#1381,.F.);
#1807=ORIENTED_EDGE('',*,*,#1382,.T.);
#1808=ORIENTED_EDGE('',*,*,#1383,.T.);
#1809=ORIENTED_EDGE('',*,*,#1384,.T.);
#1810=ORIENTED_EDGE('',*,*,#1385,.T.);
#1811=ORIENTED_EDGE('',*,*,#1383,.F.);
#1812=ORIENTED_EDGE('',*,*,#1386,.F.);
#1813=ORIENTED_EDGE('',*,*,#1387,.F.);
#1814=ORIENTED_EDGE('',*,*,#1388,.F.);
#1815=ORIENTED_EDGE('',*,*,#1389,.T.);
#1816=ORIENTED_EDGE('',*,*,#1390,.T.);
#1817=ORIENTED_EDGE('',*,*,#1391,.T.);
#1818=ORIENTED_EDGE('',*,*,#1380,.T.);
#1819=ORIENTED_EDGE('',*,*,#1385,.F.);
#1820=ORIENTED_EDGE('',*,*,#1392,.F.);
#1821=ORIENTED_EDGE('',*,*,#1390,.F.);
#1822=ORIENTED_EDGE('',*,*,#1393,.F.);
#1823=ORIENTED_EDGE('',*,*,#1394,.T.);
#1824=ORIENTED_EDGE('',*,*,#1395,.T.);
#1825=ORIENTED_EDGE('',*,*,#1396,.T.);
#1826=ORIENTED_EDGE('',*,*,#1387,.T.);
#1827=ORIENTED_EDGE('',*,*,#1366,.F.);
#1828=ORIENTED_EDGE('',*,*,#1397,.F.);
#1829=ORIENTED_EDGE('',*,*,#1395,.F.);
#1830=ORIENTED_EDGE('',*,*,#1398,.F.);
#1831=ORIENTED_EDGE('',*,*,#1399,.T.);
#1832=ORIENTED_EDGE('',*,*,#1400,.T.);
#1833=ORIENTED_EDGE('',*,*,#1401,.T.);
#1834=ORIENTED_EDGE('',*,*,#1402,.T.);
#1835=ORIENTED_EDGE('',*,*,#1400,.F.);
#1836=ORIENTED_EDGE('',*,*,#1403,.F.);
#1837=ORIENTED_EDGE('',*,*,#1404,.F.);
#1838=ORIENTED_EDGE('',*,*,#1405,.F.);
#1839=ORIENTED_EDGE('',*,*,#1406,.T.);
#1840=ORIENTED_EDGE('',*,*,#1407,.T.);
#1841=ORIENTED_EDGE('',*,*,#1408,.T.);
#1842=ORIENTED_EDGE('',*,*,#1404,.T.);
#1843=ORIENTED_EDGE('',*,*,#1407,.F.);
#1844=ORIENTED_EDGE('',*,*,#1409,.F.);
#1845=ORIENTED_EDGE('',*,*,#1410,.F.);
#1846=ORIENTED_EDGE('',*,*,#1411,.F.);
#1847=ORIENTED_EDGE('',*,*,#1412,.T.);
#1848=ORIENTED_EDGE('',*,*,#1413,.T.);
#1849=ORIENTED_EDGE('',*,*,#1414,.T.);
#1850=ORIENTED_EDGE('',*,*,#1410,.T.);
#1851=ORIENTED_EDGE('',*,*,#1413,.F.);
#1852=ORIENTED_EDGE('',*,*,#1415,.F.);
#1853=ORIENTED_EDGE('',*,*,#1416,.F.);
#1854=ORIENTED_EDGE('',*,*,#1417,.F.);
#1855=ORIENTED_EDGE('',*,*,#1418,.T.);
#1856=ORIENTED_EDGE('',*,*,#1419,.T.);
#1857=ORIENTED_EDGE('',*,*,#1420,.T.);
#1858=ORIENTED_EDGE('',*,*,#1421,.T.);
#1859=ORIENTED_EDGE('',*,*,#1419,.F.);
#1860=ORIENTED_EDGE('',*,*,#1422,.F.);
#1861=ORIENTED_EDGE('',*,*,#1423,.F.);
#1862=ORIENTED_EDGE('',*,*,#1424,.F.);
#1863=ORIENTED_EDGE('',*,*,#1425,.T.);
#1864=ORIENTED_EDGE('',*,*,#1426,.T.);
#1865=ORIENTED_EDGE('',*,*,#1427,.T.);
#1866=ORIENTED_EDGE('',*,*,#1416,.T.);
#1867=ORIENTED_EDGE('',*,*,#1421,.F.);
#1868=ORIENTED_EDGE('',*,*,#1428,.F.);
#1869=ORIENTED_EDGE('',*,*,#1426,.F.);
#1870=ORIENTED_EDGE('',*,*,#1429,.F.);
#1871=ORIENTED_EDGE('',*,*,#1430,.T.);
#1872=ORIENTED_EDGE('',*,*,#1431,.T.);
#1873=ORIENTED_EDGE('',*,*,#1432,.T.);
#1874=ORIENTED_EDGE('',*,*,#1423,.T.);
#1875=ORIENTED_EDGE('',*,*,#1402,.F.);
#1876=ORIENTED_EDGE('',*,*,#1433,.F.);
#1877=ORIENTED_EDGE('',*,*,#1431,.F.);
#1878=ORIENTED_EDGE('',*,*,#1434,.F.);
#1879=ORIENTED_EDGE('',*,*,#1435,.T.);
#1880=ORIENTED_EDGE('',*,*,#1436,.T.);
#1881=ORIENTED_EDGE('',*,*,#1437,.F.);
#1882=ORIENTED_EDGE('',*,*,#1438,.F.);
#1883=ORIENTED_EDGE('',*,*,#1439,.T.);
#1884=ORIENTED_EDGE('',*,*,#1438,.T.);
#1885=ORIENTED_EDGE('',*,*,#1440,.F.);
#1886=ORIENTED_EDGE('',*,*,#1441,.F.);
#1887=ORIENTED_EDGE('',*,*,#1442,.T.);
#1888=ORIENTED_EDGE('',*,*,#1441,.T.);
#1889=ORIENTED_EDGE('',*,*,#1443,.F.);
#1890=ORIENTED_EDGE('',*,*,#1444,.F.);
#1891=ORIENTED_EDGE('',*,*,#1445,.T.);
#1892=ORIENTED_EDGE('',*,*,#1444,.T.);
#1893=ORIENTED_EDGE('',*,*,#1446,.F.);
#1894=ORIENTED_EDGE('',*,*,#1436,.F.);
#1895=ORIENTED_EDGE('',*,*,#1446,.T.);
#1896=ORIENTED_EDGE('',*,*,#1443,.T.);
#1897=ORIENTED_EDGE('',*,*,#1440,.T.);
#1898=ORIENTED_EDGE('',*,*,#1437,.T.);
#1899=ORIENTED_EDGE('',*,*,#1111,.T.);
#1900=ORIENTED_EDGE('',*,*,#1115,.T.);
#1901=ORIENTED_EDGE('',*,*,#1118,.T.);
#1902=ORIENTED_EDGE('',*,*,#1121,.T.);
#1903=ORIENTED_EDGE('',*,*,#1123,.T.);
#1904=ORIENTED_EDGE('',*,*,#1127,.T.);
#1905=ORIENTED_EDGE('',*,*,#1130,.T.);
#1906=ORIENTED_EDGE('',*,*,#1133,.T.);
#1907=ORIENTED_EDGE('',*,*,#1142,.T.);
#1908=ORIENTED_EDGE('',*,*,#1145,.T.);
#1909=ORIENTED_EDGE('',*,*,#1135,.T.);
#1910=ORIENTED_EDGE('',*,*,#1139,.T.);
#1911=ORIENTED_EDGE('',*,*,#1170,.T.);
#1912=ORIENTED_EDGE('',*,*,#1166,.F.);
#1913=ORIENTED_EDGE('',*,*,#1177,.T.);
#1914=ORIENTED_EDGE('',*,*,#1173,.F.);
#1915=ORIENTED_EDGE('',*,*,#1163,.T.);
#1916=ORIENTED_EDGE('',*,*,#1160,.F.);
#1917=ORIENTED_EDGE('',*,*,#1157,.T.);
#1918=ORIENTED_EDGE('',*,*,#1154,.F.);
#1919=ORIENTED_EDGE('',*,*,#1151,.T.);
#1920=ORIENTED_EDGE('',*,*,#1147,.F.);
#1921=ORIENTED_EDGE('',*,*,#1182,.T.);
#1922=ORIENTED_EDGE('',*,*,#1178,.F.);
#1923=ORIENTED_EDGE('',*,*,#1206,.T.);
#1924=ORIENTED_EDGE('',*,*,#1202,.F.);
#1925=ORIENTED_EDGE('',*,*,#1213,.T.);
#1926=ORIENTED_EDGE('',*,*,#1209,.F.);
#1927=ORIENTED_EDGE('',*,*,#1199,.T.);
#1928=ORIENTED_EDGE('',*,*,#1196,.F.);
#1929=ORIENTED_EDGE('',*,*,#1193,.T.);
#1930=ORIENTED_EDGE('',*,*,#1190,.F.);
#1931=ORIENTED_EDGE('',*,*,#1187,.T.);
#1932=ORIENTED_EDGE('',*,*,#1183,.F.);
#1933=ORIENTED_EDGE('',*,*,#1218,.T.);
#1934=ORIENTED_EDGE('',*,*,#1214,.F.);
#1935=ORIENTED_EDGE('',*,*,#1242,.T.);
#1936=ORIENTED_EDGE('',*,*,#1238,.F.);
#1937=ORIENTED_EDGE('',*,*,#1249,.T.);
#1938=ORIENTED_EDGE('',*,*,#1245,.F.);
#1939=ORIENTED_EDGE('',*,*,#1235,.T.);
#1940=ORIENTED_EDGE('',*,*,#1232,.F.);
#1941=ORIENTED_EDGE('',*,*,#1229,.T.);
#1942=ORIENTED_EDGE('',*,*,#1226,.F.);
#1943=ORIENTED_EDGE('',*,*,#1223,.T.);
#1944=ORIENTED_EDGE('',*,*,#1219,.F.);
#1945=ORIENTED_EDGE('',*,*,#1254,.T.);
#1946=ORIENTED_EDGE('',*,*,#1250,.F.);
#1947=ORIENTED_EDGE('',*,*,#1278,.T.);
#1948=ORIENTED_EDGE('',*,*,#1274,.F.);
#1949=ORIENTED_EDGE('',*,*,#1285,.T.);
#1950=ORIENTED_EDGE('',*,*,#1281,.F.);
#1951=ORIENTED_EDGE('',*,*,#1271,.T.);
#1952=ORIENTED_EDGE('',*,*,#1268,.F.);
#1953=ORIENTED_EDGE('',*,*,#1265,.T.);
#1954=ORIENTED_EDGE('',*,*,#1262,.F.);
#1955=ORIENTED_EDGE('',*,*,#1259,.T.);
#1956=ORIENTED_EDGE('',*,*,#1255,.F.);
#1957=ORIENTED_EDGE('',*,*,#1290,.T.);
#1958=ORIENTED_EDGE('',*,*,#1286,.F.);
#1959=ORIENTED_EDGE('',*,*,#1314,.T.);
#1960=ORIENTED_EDGE('',*,*,#1310,.F.);
#1961=ORIENTED_EDGE('',*,*,#1321,.T.);
#1962=ORIENTED_EDGE('',*,*,#1317,.F.);
#1963=ORIENTED_EDGE('',*,*,#1307,.T.);
#1964=ORIENTED_EDGE('',*,*,#1304,.F.);
#1965=ORIENTED_EDGE('',*,*,#1301,.T.);
#1966=ORIENTED_EDGE('',*,*,#1298,.F.);
#1967=ORIENTED_EDGE('',*,*,#1295,.T.);
#1968=ORIENTED_EDGE('',*,*,#1291,.F.);
#1969=ORIENTED_EDGE('',*,*,#1326,.T.);
#1970=ORIENTED_EDGE('',*,*,#1322,.F.);
#1971=ORIENTED_EDGE('',*,*,#1350,.T.);
#1972=ORIENTED_EDGE('',*,*,#1346,.F.);
#1973=ORIENTED_EDGE('',*,*,#1357,.T.);
#1974=ORIENTED_EDGE('',*,*,#1353,.F.);
#1975=ORIENTED_EDGE('',*,*,#1343,.T.);
#1976=ORIENTED_EDGE('',*,*,#1340,.F.);
#1977=ORIENTED_EDGE('',*,*,#1337,.T.);
#1978=ORIENTED_EDGE('',*,*,#1334,.F.);
#1979=ORIENTED_EDGE('',*,*,#1331,.T.);
#1980=ORIENTED_EDGE('',*,*,#1327,.F.);
#1981=ORIENTED_EDGE('',*,*,#1362,.T.);
#1982=ORIENTED_EDGE('',*,*,#1358,.F.);
#1983=ORIENTED_EDGE('',*,*,#1386,.T.);
#1984=ORIENTED_EDGE('',*,*,#1382,.F.);
#1985=ORIENTED_EDGE('',*,*,#1393,.T.);
#1986=ORIENTED_EDGE('',*,*,#1389,.F.);
#1987=ORIENTED_EDGE('',*,*,#1379,.T.);
#1988=ORIENTED_EDGE('',*,*,#1376,.F.);
#1989=ORIENTED_EDGE('',*,*,#1373,.T.);
#1990=ORIENTED_EDGE('',*,*,#1370,.F.);
#1991=ORIENTED_EDGE('',*,*,#1367,.T.);
#1992=ORIENTED_EDGE('',*,*,#1363,.F.);
#1993=ORIENTED_EDGE('',*,*,#1398,.T.);
#1994=ORIENTED_EDGE('',*,*,#1394,.F.);
#1995=ORIENTED_EDGE('',*,*,#1409,.T.);
#1996=ORIENTED_EDGE('',*,*,#1406,.F.);
#1997=ORIENTED_EDGE('',*,*,#1403,.T.);
#1998=ORIENTED_EDGE('',*,*,#1399,.F.);
#1999=ORIENTED_EDGE('',*,*,#1434,.T.);
#2000=ORIENTED_EDGE('',*,*,#1430,.F.);
#2001=ORIENTED_EDGE('',*,*,#1422,.T.);
#2002=ORIENTED_EDGE('',*,*,#1418,.F.);
#2003=ORIENTED_EDGE('',*,*,#1429,.T.);
#2004=ORIENTED_EDGE('',*,*,#1425,.F.);
#2005=ORIENTED_EDGE('',*,*,#1415,.T.);
#2006=ORIENTED_EDGE('',*,*,#1412,.F.);
#2007=ORIENTED_EDGE('',*,*,#1445,.F.);
#2008=ORIENTED_EDGE('',*,*,#1435,.F.);
#2009=ORIENTED_EDGE('',*,*,#1439,.F.);
#2010=ORIENTED_EDGE('',*,*,#1442,.F.);
#2011=ORIENTED_EDGE('',*,*,#1113,.T.);
#2012=ORIENTED_EDGE('',*,*,#1122,.T.);
#2013=ORIENTED_EDGE('',*,*,#1119,.T.);
#2014=ORIENTED_EDGE('',*,*,#1116,.T.);
#2015=ORIENTED_EDGE('',*,*,#1125,.T.);
#2016=ORIENTED_EDGE('',*,*,#1134,.T.);
#2017=ORIENTED_EDGE('',*,*,#1131,.T.);
#2018=ORIENTED_EDGE('',*,*,#1128,.T.);
#2019=ORIENTED_EDGE('',*,*,#1143,.T.);
#2020=ORIENTED_EDGE('',*,*,#1140,.T.);
#2021=ORIENTED_EDGE('',*,*,#1137,.T.);
#2022=ORIENTED_EDGE('',*,*,#1146,.T.);
#2023=ORIENTED_EDGE('',*,*,#1172,.T.);
#2024=ORIENTED_EDGE('',*,*,#1180,.F.);
#2025=ORIENTED_EDGE('',*,*,#1181,.T.);
#2026=ORIENTED_EDGE('',*,*,#1149,.F.);
#2027=ORIENTED_EDGE('',*,*,#1153,.T.);
#2028=ORIENTED_EDGE('',*,*,#1156,.F.);
#2029=ORIENTED_EDGE('',*,*,#1159,.T.);
#2030=ORIENTED_EDGE('',*,*,#1162,.F.);
#2031=ORIENTED_EDGE('',*,*,#1165,.T.);
#2032=ORIENTED_EDGE('',*,*,#1175,.F.);
#2033=ORIENTED_EDGE('',*,*,#1176,.T.);
#2034=ORIENTED_EDGE('',*,*,#1168,.F.);
#2035=ORIENTED_EDGE('',*,*,#1208,.T.);
#2036=ORIENTED_EDGE('',*,*,#1216,.F.);
#2037=ORIENTED_EDGE('',*,*,#1217,.T.);
#2038=ORIENTED_EDGE('',*,*,#1185,.F.);
#2039=ORIENTED_EDGE('',*,*,#1189,.T.);
#2040=ORIENTED_EDGE('',*,*,#1192,.F.);
#2041=ORIENTED_EDGE('',*,*,#1195,.T.);
#2042=ORIENTED_EDGE('',*,*,#1198,.F.);
#2043=ORIENTED_EDGE('',*,*,#1201,.T.);
#2044=ORIENTED_EDGE('',*,*,#1211,.F.);
#2045=ORIENTED_EDGE('',*,*,#1212,.T.);
#2046=ORIENTED_EDGE('',*,*,#1204,.F.);
#2047=ORIENTED_EDGE('',*,*,#1244,.T.);
#2048=ORIENTED_EDGE('',*,*,#1252,.F.);
#2049=ORIENTED_EDGE('',*,*,#1253,.T.);
#2050=ORIENTED_EDGE('',*,*,#1221,.F.);
#2051=ORIENTED_EDGE('',*,*,#1225,.T.);
#2052=ORIENTED_EDGE('',*,*,#1228,.F.);
#2053=ORIENTED_EDGE('',*,*,#1231,.T.);
#2054=ORIENTED_EDGE('',*,*,#1234,.F.);
#2055=ORIENTED_EDGE('',*,*,#1237,.T.);
#2056=ORIENTED_EDGE('',*,*,#1247,.F.);
#2057=ORIENTED_EDGE('',*,*,#1248,.T.);
#2058=ORIENTED_EDGE('',*,*,#1240,.F.);
#2059=ORIENTED_EDGE('',*,*,#1280,.T.);
#2060=ORIENTED_EDGE('',*,*,#1288,.F.);
#2061=ORIENTED_EDGE('',*,*,#1289,.T.);
#2062=ORIENTED_EDGE('',*,*,#1257,.F.);
#2063=ORIENTED_EDGE('',*,*,#1261,.T.);
#2064=ORIENTED_EDGE('',*,*,#1264,.F.);
#2065=ORIENTED_EDGE('',*,*,#1267,.T.);
#2066=ORIENTED_EDGE('',*,*,#1270,.F.);
#2067=ORIENTED_EDGE('',*,*,#1273,.T.);
#2068=ORIENTED_EDGE('',*,*,#1283,.F.);
#2069=ORIENTED_EDGE('',*,*,#1284,.T.);
#2070=ORIENTED_EDGE('',*,*,#1276,.F.);
#2071=ORIENTED_EDGE('',*,*,#1316,.T.);
#2072=ORIENTED_EDGE('',*,*,#1324,.F.);
#2073=ORIENTED_EDGE('',*,*,#1325,.T.);
#2074=ORIENTED_EDGE('',*,*,#1293,.F.);
#2075=ORIENTED_EDGE('',*,*,#1297,.T.);
#2076=ORIENTED_EDGE('',*,*,#1300,.F.);
#2077=ORIENTED_EDGE('',*,*,#1303,.T.);
#2078=ORIENTED_EDGE('',*,*,#1306,.F.);
#2079=ORIENTED_EDGE('',*,*,#1309,.T.);
#2080=ORIENTED_EDGE('',*,*,#1319,.F.);
#2081=ORIENTED_EDGE('',*,*,#1320,.T.);
#2082=ORIENTED_EDGE('',*,*,#1312,.F.);
#2083=ORIENTED_EDGE('',*,*,#1352,.T.);
#2084=ORIENTED_EDGE('',*,*,#1360,.F.);
#2085=ORIENTED_EDGE('',*,*,#1361,.T.);
#2086=ORIENTED_EDGE('',*,*,#1329,.F.);
#2087=ORIENTED_EDGE('',*,*,#1333,.T.);
#2088=ORIENTED_EDGE('',*,*,#1336,.F.);
#2089=ORIENTED_EDGE('',*,*,#1339,.T.);
#2090=ORIENTED_EDGE('',*,*,#1342,.F.);
#2091=ORIENTED_EDGE('',*,*,#1345,.T.);
#2092=ORIENTED_EDGE('',*,*,#1355,.F.);
#2093=ORIENTED_EDGE('',*,*,#1356,.T.);
#2094=ORIENTED_EDGE('',*,*,#1348,.F.);
#2095=ORIENTED_EDGE('',*,*,#1388,.T.);
#2096=ORIENTED_EDGE('',*,*,#1396,.F.);
#2097=ORIENTED_EDGE('',*,*,#1397,.T.);
#2098=ORIENTED_EDGE('',*,*,#1365,.F.);
#2099=ORIENTED_EDGE('',*,*,#1369,.T.);
#2100=ORIENTED_EDGE('',*,*,#1372,.F.);
#2101=ORIENTED_EDGE('',*,*,#1375,.T.);
#2102=ORIENTED_EDGE('',*,*,#1378,.F.);
#2103=ORIENTED_EDGE('',*,*,#1381,.T.);
#2104=ORIENTED_EDGE('',*,*,#1391,.F.);
#2105=ORIENTED_EDGE('',*,*,#1392,.T.);
#2106=ORIENTED_EDGE('',*,*,#1384,.F.);
#2107=ORIENTED_EDGE('',*,*,#1411,.T.);
#2108=ORIENTED_EDGE('',*,*,#1414,.F.);
#2109=ORIENTED_EDGE('',*,*,#1417,.T.);
#2110=ORIENTED_EDGE('',*,*,#1427,.F.);
#2111=ORIENTED_EDGE('',*,*,#1428,.T.);
#2112=ORIENTED_EDGE('',*,*,#1420,.F.);
#2113=ORIENTED_EDGE('',*,*,#1424,.T.);
#2114=ORIENTED_EDGE('',*,*,#1432,.F.);
#2115=ORIENTED_EDGE('',*,*,#1433,.T.);
#2116=ORIENTED_EDGE('',*,*,#1401,.F.);
#2117=ORIENTED_EDGE('',*,*,#1405,.T.);
#2118=ORIENTED_EDGE('',*,*,#1408,.F.);
#2119=CYLINDRICAL_SURFACE('',#2309,7.3508387815408);
#2120=CYLINDRICAL_SURFACE('',#2313,7.3508387815408);
#2121=CYLINDRICAL_SURFACE('',#2317,7.3508387815408);
#2122=CYLINDRICAL_SURFACE('',#2321,7.3508387815408);
#2123=CYLINDRICAL_SURFACE('',#2325,7.3508387815408);
#2124=CYLINDRICAL_SURFACE('',#2329,7.3508387815408);
#2125=CYLINDRICAL_SURFACE('',#2333,2.);
#2126=CYLINDRICAL_SURFACE('',#2337,2.);
#2127=CYLINDRICAL_SURFACE('',#2341,2.);
#2128=CYLINDRICAL_SURFACE('',#2345,2.);
#2129=CYLINDRICAL_SURFACE('',#2349,2.);
#2130=CYLINDRICAL_SURFACE('',#2352,10.);
#2131=CYLINDRICAL_SURFACE('',#2355,2.);
#2132=CYLINDRICAL_SURFACE('',#2359,2.);
#2133=CYLINDRICAL_SURFACE('',#2363,2.);
#2134=CYLINDRICAL_SURFACE('',#2367,2.);
#2135=CYLINDRICAL_SURFACE('',#2371,2.);
#2136=CYLINDRICAL_SURFACE('',#2375,2.);
#2137=CYLINDRICAL_SURFACE('',#2378,10.);
#2138=CYLINDRICAL_SURFACE('',#2381,2.);
#2139=CYLINDRICAL_SURFACE('',#2385,2.);
#2140=CYLINDRICAL_SURFACE('',#2389,2.);
#2141=CYLINDRICAL_SURFACE('',#2393,2.);
#2142=CYLINDRICAL_SURFACE('',#2397,2.);
#2143=CYLINDRICAL_SURFACE('',#2401,2.);
#2144=CYLINDRICAL_SURFACE('',#2404,10.);
#2145=CYLINDRICAL_SURFACE('',#2407,2.);
#2146=CYLINDRICAL_SURFACE('',#2411,2.);
#2147=CYLINDRICAL_SURFACE('',#2415,2.);
#2148=CYLINDRICAL_SURFACE('',#2419,2.);
#2149=CYLINDRICAL_SURFACE('',#2423,2.);
#2150=CYLINDRICAL_SURFACE('',#2427,2.);
#2151=CYLINDRICAL_SURFACE('',#2430,10.);
#2152=CYLINDRICAL_SURFACE('',#2433,2.);
#2153=CYLINDRICAL_SURFACE('',#2437,2.);
#2154=CYLINDRICAL_SURFACE('',#2441,2.);
#2155=CYLINDRICAL_SURFACE('',#2445,2.);
#2156=CYLINDRICAL_SURFACE('',#2449,2.);
#2157=CYLINDRICAL_SURFACE('',#2453,2.);
#2158=CYLINDRICAL_SURFACE('',#2456,10.);
#2159=CYLINDRICAL_SURFACE('',#2459,2.);
#2160=CYLINDRICAL_SURFACE('',#2463,2.);
#2161=CYLINDRICAL_SURFACE('',#2467,2.);
#2162=CYLINDRICAL_SURFACE('',#2471,2.);
#2163=CYLINDRICAL_SURFACE('',#2475,2.);
#2164=CYLINDRICAL_SURFACE('',#2479,2.);
#2165=CYLINDRICAL_SURFACE('',#2482,10.);
#2166=CYLINDRICAL_SURFACE('',#2485,2.);
#2167=CYLINDRICAL_SURFACE('',#2489,2.);
#2168=CYLINDRICAL_SURFACE('',#2493,2.);
#2169=CYLINDRICAL_SURFACE('',#2497,2.);
#2170=CYLINDRICAL_SURFACE('',#2501,2.);
#2171=CYLINDRICAL_SURFACE('',#2505,2.);
#2172=CYLINDRICAL_SURFACE('',#2508,10.);
#2173=CYLINDRICAL_SURFACE('',#2511,2.);
#2174=CYLINDRICAL_SURFACE('',#2515,2.);
#2175=CYLINDRICAL_SURFACE('',#2519,2.);
#2176=CYLINDRICAL_SURFACE('',#2523,2.);
#2177=CYLINDRICAL_SURFACE('',#2527,2.);
#2178=CYLINDRICAL_SURFACE('',#2531,2.);
#2179=CYLINDRICAL_SURFACE('',#2534,10.);
#2180=CYLINDRICAL_SURFACE('',#2537,2.);
#2181=ADVANCED_FACE('',(#89),#2119,.F.);
#2182=ADVANCED_FACE('',(#90),#37,.F.);
#2183=ADVANCED_FACE('',(#91),#2120,.F.);
#2184=ADVANCED_FACE('',(#92),#38,.F.);
#2185=ADVANCED_FACE('',(#93),#2121,.F.);
#2186=ADVANCED_FACE('',(#94),#39,.F.);
#2187=ADVANCED_FACE('',(#95),#2122,.F.);
#2188=ADVANCED_FACE('',(#96),#40,.F.);
#2189=ADVANCED_FACE('',(#97),#2123,.F.);
#2190=ADVANCED_FACE('',(#98),#41,.F.);
#2191=ADVANCED_FACE('',(#99),#2124,.F.);
#2192=ADVANCED_FACE('',(#100),#42,.F.);
#2193=ADVANCED_FACE('',(#101),#2125,.F.);
#2194=ADVANCED_FACE('',(#102),#43,.F.);
#2195=ADVANCED_FACE('',(#103),#2126,.F.);
#2196=ADVANCED_FACE('',(#104),#44,.F.);
#2197=ADVANCED_FACE('',(#105),#2127,.F.);
#2198=ADVANCED_FACE('',(#106),#45,.F.);
#2199=ADVANCED_FACE('',(#107),#2128,.F.);
#2200=ADVANCED_FACE('',(#108),#46,.F.);
#2201=ADVANCED_FACE('',(#109),#2129,.F.);
#2202=ADVANCED_FACE('',(#110),#2130,.T.);
#2203=ADVANCED_FACE('',(#111),#2131,.F.);
#2204=ADVANCED_FACE('',(#112),#47,.F.);
#2205=ADVANCED_FACE('',(#113),#2132,.F.);
#2206=ADVANCED_FACE('',(#114),#48,.F.);
#2207=ADVANCED_FACE('',(#115),#2133,.F.);
#2208=ADVANCED_FACE('',(#116),#49,.F.);
#2209=ADVANCED_FACE('',(#117),#2134,.F.);
#2210=ADVANCED_FACE('',(#118),#50,.F.);
#2211=ADVANCED_FACE('',(#119),#2135,.F.);
#2212=ADVANCED_FACE('',(#120),#51,.F.);
#2213=ADVANCED_FACE('',(#121),#2136,.F.);
#2214=ADVANCED_FACE('',(#122),#2137,.T.);
#2215=ADVANCED_FACE('',(#123),#2138,.F.);
#2216=ADVANCED_FACE('',(#124),#52,.F.);
#2217=ADVANCED_FACE('',(#125),#2139,.F.);
#2218=ADVANCED_FACE('',(#126),#53,.F.);
#2219=ADVANCED_FACE('',(#127),#2140,.F.);
#2220=ADVANCED_FACE('',(#128),#54,.F.);
#2221=ADVANCED_FACE('',(#129),#2141,.F.);
#2222=ADVANCED_FACE('',(#130),#55,.F.);
#2223=ADVANCED_FACE('',(#131),#2142,.F.);
#2224=ADVANCED_FACE('',(#132),#56,.F.);
#2225=ADVANCED_FACE('',(#133),#2143,.F.);
#2226=ADVANCED_FACE('',(#134),#2144,.T.);
#2227=ADVANCED_FACE('',(#135),#2145,.F.);
#2228=ADVANCED_FACE('',(#136),#57,.F.);
#2229=ADVANCED_FACE('',(#137),#2146,.F.);
#2230=ADVANCED_FACE('',(#138),#58,.F.);
#2231=ADVANCED_FACE('',(#139),#2147,.F.);
#2232=ADVANCED_FACE('',(#140),#59,.F.);
#2233=ADVANCED_FACE('',(#141),#2148,.F.);
#2234=ADVANCED_FACE('',(#142),#60,.F.);
#2235=ADVANCED_FACE('',(#143),#2149,.F.);
#2236=ADVANCED_FACE('',(#144),#61,.F.);
#2237=ADVANCED_FACE('',(#145),#2150,.F.);
#2238=ADVANCED_FACE('',(#146),#2151,.T.);
#2239=ADVANCED_FACE('',(#147),#2152,.F.);
#2240=ADVANCED_FACE('',(#148),#62,.F.);
#2241=ADVANCED_FACE('',(#149),#2153,.F.);
#2242=ADVANCED_FACE('',(#150),#63,.F.);
#2243=ADVANCED_FACE('',(#151),#2154,.F.);
#2244=ADVANCED_FACE('',(#152),#64,.F.);
#2245=ADVANCED_FACE('',(#153),#2155,.F.);
#2246=ADVANCED_FACE('',(#154),#65,.F.);
#2247=ADVANCED_FACE('',(#155),#2156,.F.);
#2248=ADVANCED_FACE('',(#156),#66,.F.);
#2249=ADVANCED_FACE('',(#157),#2157,.F.);
#2250=ADVANCED_FACE('',(#158),#2158,.T.);
#2251=ADVANCED_FACE('',(#159),#2159,.F.);
#2252=ADVANCED_FACE('',(#160),#67,.F.);
#2253=ADVANCED_FACE('',(#161),#2160,.F.);
#2254=ADVANCED_FACE('',(#162),#68,.F.);
#2255=ADVANCED_FACE('',(#163),#2161,.F.);
#2256=ADVANCED_FACE('',(#164),#69,.F.);
#2257=ADVANCED_FACE('',(#165),#2162,.F.);
#2258=ADVANCED_FACE('',(#166),#70,.F.);
#2259=ADVANCED_FACE('',(#167),#2163,.F.);
#2260=ADVANCED_FACE('',(#168),#71,.F.);
#2261=ADVANCED_FACE('',(#169),#2164,.F.);
#2262=ADVANCED_FACE('',(#170),#2165,.T.);
#2263=ADVANCED_FACE('',(#171),#2166,.F.);
#2264=ADVANCED_FACE('',(#172),#72,.F.);
#2265=ADVANCED_FACE('',(#173),#2167,.F.);
#2266=ADVANCED_FACE('',(#174),#73,.F.);
#2267=ADVANCED_FACE('',(#175),#2168,.F.);
#2268=ADVANCED_FACE('',(#176),#74,.F.);
#2269=ADVANCED_FACE('',(#177),#2169,.F.);
#2270=ADVANCED_FACE('',(#178),#75,.F.);
#2271=ADVANCED_FACE('',(#179),#2170,.F.);
#2272=ADVANCED_FACE('',(#180),#76,.F.);
#2273=ADVANCED_FACE('',(#181),#2171,.F.);
#2274=ADVANCED_FACE('',(#182),#2172,.T.);
#2275=ADVANCED_FACE('',(#183),#2173,.F.);
#2276=ADVANCED_FACE('',(#184),#77,.F.);
#2277=ADVANCED_FACE('',(#185),#2174,.F.);
#2278=ADVANCED_FACE('',(#186),#78,.F.);
#2279=ADVANCED_FACE('',(#187),#2175,.F.);
#2280=ADVANCED_FACE('',(#188),#79,.F.);
#2281=ADVANCED_FACE('',(#189),#2176,.F.);
#2282=ADVANCED_FACE('',(#190),#80,.F.);
#2283=ADVANCED_FACE('',(#191),#2177,.F.);
#2284=ADVANCED_FACE('',(#192),#81,.F.);
#2285=ADVANCED_FACE('',(#193),#2178,.F.);
#2286=ADVANCED_FACE('',(#194),#2179,.T.);
#2287=ADVANCED_FACE('',(#195),#2180,.F.);
#2288=ADVANCED_FACE('',(#196),#82,.F.);
#2289=ADVANCED_FACE('',(#197),#83,.T.);
#2290=ADVANCED_FACE('',(#198),#84,.T.);
#2291=ADVANCED_FACE('',(#199),#85,.T.);
#2292=ADVANCED_FACE('',(#200),#86,.T.);
#2293=ADVANCED_FACE('',(#201,#15,#16,#17,#18,#19,#20,#21,#22,#23,#24,#25),
#87,.T.);
#2294=ADVANCED_FACE('',(#202,#26,#27,#28,#29,#30,#31,#32,#33,#34,#35,#36),
#88,.F.);
#2295=CLOSED_SHELL('',(#2181,#2182,#2183,#2184,#2185,#2186,#2187,#2188,
#2189,#2190,#2191,#2192,#2193,#2194,#2195,#2196,#2197,#2198,#2199,#2200,
#2201,#2202,#2203,#2204,#2205,#2206,#2207,#2208,#2209,#2210,#2211,#2212,
#2213,#2214,#2215,#2216,#2217,#2218,#2219,#2220,#2221,#2222,#2223,#2224,
#2225,#2226,#2227,#2228,#2229,#2230,#2231,#2232,#2233,#2234,#2235,#2236,
#2237,#2238,#2239,#2240,#2241,#2242,#2243,#2244,#2245,#2246,#2247,#2248,
#2249,#2250,#2251,#2252,#2253,#2254,#2255,#2256,#2257,#2258,#2259,#2260,
#2261,#2262,#2263,#2264,#2265,#2266,#2267,#2268,#2269,#2270,#2271,#2272,
#2273,#2274,#2275,#2276,#2277,#2278,#2279,#2280,#2281,#2282,#2283,#2284,
#2285,#2286,#2287,#2288,#2289,#2290,#2291,#2292,#2293,#2294));
#2296=DERIVED_UNIT_ELEMENT(#2298,1.);
#2297=DERIVED_UNIT_ELEMENT(#3917,3.);
#2298=(
MASS_UNIT()
NAMED_UNIT(*)
SI_UNIT(.KILO.,.GRAM.)
);
#2299=DERIVED_UNIT((#2296,#2297));
#2300=MEASURE_REPRESENTATION_ITEM('density measure',
POSITIVE_RATIO_MEASURE(7850.),#2299);
#2301=PROPERTY_DEFINITION_REPRESENTATION(#2306,#2303);
#2302=PROPERTY_DEFINITION_REPRESENTATION(#2307,#2304);
#2303=REPRESENTATION('material name',(#2305),#3914);
#2304=REPRESENTATION('density',(#2300),#3914);
#2305=DESCRIPTIVE_REPRESENTATION_ITEM('Steel','Steel');
#2306=PROPERTY_DEFINITION('material property','material name',#3924);
#2307=PROPERTY_DEFINITION('material property','density of part',#3924);
#2308=AXIS2_PLACEMENT_3D('placement',#3237,#2547,#2548);
#2309=AXIS2_PLACEMENT_3D('',#3238,#2549,#2550);
#2310=AXIS2_PLACEMENT_3D('',#3241,#2551,#2552);
#2311=AXIS2_PLACEMENT_3D('',#3245,#2554,#2555);
#2312=AXIS2_PLACEMENT_3D('',#3247,#2557,#2558);
#2313=AXIS2_PLACEMENT_3D('',#3253,#2562,#2563);
#2314=AXIS2_PLACEMENT_3D('',#3255,#2564,#2565);
#2315=AXIS2_PLACEMENT_3D('',#3257,#2566,#2567);
#2316=AXIS2_PLACEMENT_3D('',#3259,#2569,#2570);
#2317=AXIS2_PLACEMENT_3D('',#3262,#2573,#2574);
#2318=AXIS2_PLACEMENT_3D('',#3265,#2575,#2576);
#2319=AXIS2_PLACEMENT_3D('',#3269,#2578,#2579);
#2320=AXIS2_PLACEMENT_3D('',#3271,#2581,#2582);
#2321=AXIS2_PLACEMENT_3D('',#3277,#2586,#2587);
#2322=AXIS2_PLACEMENT_3D('',#3279,#2588,#2589);
#2323=AXIS2_PLACEMENT_3D('',#3281,#2590,#2591);
#2324=AXIS2_PLACEMENT_3D('',#3283,#2593,#2594);
#2325=AXIS2_PLACEMENT_3D('',#3286,#2597,#2598);
#2326=AXIS2_PLACEMENT_3D('',#3289,#2599,#2600);
#2327=AXIS2_PLACEMENT_3D('',#3293,#2602,#2603);
#2328=AXIS2_PLACEMENT_3D('',#3295,#2605,#2606);
#2329=AXIS2_PLACEMENT_3D('',#3301,#2610,#2611);
#2330=AXIS2_PLACEMENT_3D('',#3303,#2612,#2613);
#2331=AXIS2_PLACEMENT_3D('',#3305,#2614,#2615);
#2332=AXIS2_PLACEMENT_3D('',#3307,#2617,#2618);
#2333=AXIS2_PLACEMENT_3D('',#3310,#2621,#2622);
#2334=AXIS2_PLACEMENT_3D('',#3313,#2623,#2624);
#2335=AXIS2_PLACEMENT_3D('',#3317,#2626,#2627);
#2336=AXIS2_PLACEMENT_3D('',#3319,#2629,#2630);
#2337=AXIS2_PLACEMENT_3D('',#3325,#2634,#2635);
#2338=AXIS2_PLACEMENT_3D('',#3327,#2636,#2637);
#2339=AXIS2_PLACEMENT_3D('',#3330,#2639,#2640);
#2340=AXIS2_PLACEMENT_3D('',#3331,#2641,#2642);
#2341=AXIS2_PLACEMENT_3D('',#3337,#2646,#2647);
#2342=AXIS2_PLACEMENT_3D('',#3339,#2648,#2649);
#2343=AXIS2_PLACEMENT_3D('',#3342,#2651,#2652);
#2344=AXIS2_PLACEMENT_3D('',#3343,#2653,#2654);
#2345=AXIS2_PLACEMENT_3D('',#3349,#2658,#2659);
#2346=AXIS2_PLACEMENT_3D('',#3352,#2660,#2661);
#2347=AXIS2_PLACEMENT_3D('',#3356,#2663,#2664);
#2348=AXIS2_PLACEMENT_3D('',#3358,#2666,#2667);
#2349=AXIS2_PLACEMENT_3D('',#3364,#2671,#2672);
#2350=AXIS2_PLACEMENT_3D('',#3366,#2673,#2674);
#2351=AXIS2_PLACEMENT_3D('',#3369,#2676,#2677);
#2352=AXIS2_PLACEMENT_3D('',#3370,#2678,#2679);
#2353=AXIS2_PLACEMENT_3D('',#3371,#2680,#2681);
#2354=AXIS2_PLACEMENT_3D('',#3372,#2682,#2683);
#2355=AXIS2_PLACEMENT_3D('',#3373,#2684,#2685);
#2356=AXIS2_PLACEMENT_3D('',#3375,#2686,#2687);
#2357=AXIS2_PLACEMENT_3D('',#3378,#2689,#2690);
#2358=AXIS2_PLACEMENT_3D('',#3379,#2691,#2692);
#2359=AXIS2_PLACEMENT_3D('',#3382,#2695,#2696);
#2360=AXIS2_PLACEMENT_3D('',#3385,#2697,#2698);
#2361=AXIS2_PLACEMENT_3D('',#3389,#2700,#2701);
#2362=AXIS2_PLACEMENT_3D('',#3391,#2703,#2704);
#2363=AXIS2_PLACEMENT_3D('',#3397,#2708,#2709);
#2364=AXIS2_PLACEMENT_3D('',#3399,#2710,#2711);
#2365=AXIS2_PLACEMENT_3D('',#3402,#2713,#2714);
#2366=AXIS2_PLACEMENT_3D('',#3403,#2715,#2716);
#2367=AXIS2_PLACEMENT_3D('',#3409,#2720,#2721);
#2368=AXIS2_PLACEMENT_3D('',#3411,#2722,#2723);
#2369=AXIS2_PLACEMENT_3D('',#3414,#2725,#2726);
#2370=AXIS2_PLACEMENT_3D('',#3415,#2727,#2728);
#2371=AXIS2_PLACEMENT_3D('',#3421,#2732,#2733);
#2372=AXIS2_PLACEMENT_3D('',#3424,#2734,#2735);
#2373=AXIS2_PLACEMENT_3D('',#3428,#2737,#2738);
#2374=AXIS2_PLACEMENT_3D('',#3430,#2740,#2741);
#2375=AXIS2_PLACEMENT_3D('',#3436,#2745,#2746);
#2376=AXIS2_PLACEMENT_3D('',#3438,#2747,#2748);
#2377=AXIS2_PLACEMENT_3D('',#3441,#2750,#2751);
#2378=AXIS2_PLACEMENT_3D('',#3442,#2752,#2753);
#2379=AXIS2_PLACEMENT_3D('',#3443,#2754,#2755);
#2380=AXIS2_PLACEMENT_3D('',#3444,#2756,#2757);
#2381=AXIS2_PLACEMENT_3D('',#3445,#2758,#2759);
#2382=AXIS2_PLACEMENT_3D('',#3447,#2760,#2761);
#2383=AXIS2_PLACEMENT_3D('',#3450,#2763,#2764);
#2384=AXIS2_PLACEMENT_3D('',#3451,#2765,#2766);
#2385=AXIS2_PLACEMENT_3D('',#3454,#2769,#2770);
#2386=AXIS2_PLACEMENT_3D('',#3457,#2771,#2772);
#2387=AXIS2_PLACEMENT_3D('',#3461,#2774,#2775);
#2388=AXIS2_PLACEMENT_3D('',#3463,#2777,#2778);
#2389=AXIS2_PLACEMENT_3D('',#3469,#2782,#2783);
#2390=AXIS2_PLACEMENT_3D('',#3471,#2784,#2785);
#2391=AXIS2_PLACEMENT_3D('',#3474,#2787,#2788);
#2392=AXIS2_PLACEMENT_3D('',#3475,#2789,#2790);
#2393=AXIS2_PLACEMENT_3D('',#3481,#2794,#2795);
#2394=AXIS2_PLACEMENT_3D('',#3483,#2796,#2797);
#2395=AXIS2_PLACEMENT_3D('',#3486,#2799,#2800);
#2396=AXIS2_PLACEMENT_3D('',#3487,#2801,#2802);
#2397=AXIS2_PLACEMENT_3D('',#3493,#2806,#2807);
#2398=AXIS2_PLACEMENT_3D('',#3496,#2808,#2809);
#2399=AXIS2_PLACEMENT_3D('',#3500,#2811,#2812);
#2400=AXIS2_PLACEMENT_3D('',#3502,#2814,#2815);
#2401=AXIS2_PLACEMENT_3D('',#3508,#2819,#2820);
#2402=AXIS2_PLACEMENT_3D('',#3510,#2821,#2822);
#2403=AXIS2_PLACEMENT_3D('',#3513,#2824,#2825);
#2404=AXIS2_PLACEMENT_3D('',#3514,#2826,#2827);
#2405=AXIS2_PLACEMENT_3D('',#3515,#2828,#2829);
#2406=AXIS2_PLACEMENT_3D('',#3516,#2830,#2831);
#2407=AXIS2_PLACEMENT_3D('',#3517,#2832,#2833);
#2408=AXIS2_PLACEMENT_3D('',#3519,#2834,#2835);
#2409=AXIS2_PLACEMENT_3D('',#3522,#2837,#2838);
#2410=AXIS2_PLACEMENT_3D('',#3523,#2839,#2840);
#2411=AXIS2_PLACEMENT_3D('',#3526,#2843,#2844);
#2412=AXIS2_PLACEMENT_3D('',#3529,#2845,#2846);
#2413=AXIS2_PLACEMENT_3D('',#3533,#2848,#2849);
#2414=AXIS2_PLACEMENT_3D('',#3535,#2851,#2852);
#2415=AXIS2_PLACEMENT_3D('',#3541,#2856,#2857);
#2416=AXIS2_PLACEMENT_3D('',#3543,#2858,#2859);
#2417=AXIS2_PLACEMENT_3D('',#3546,#2861,#2862);
#2418=AXIS2_PLACEMENT_3D('',#3547,#2863,#2864);
#2419=AXIS2_PLACEMENT_3D('',#3553,#2868,#2869);
#2420=AXIS2_PLACEMENT_3D('',#3555,#2870,#2871);
#2421=AXIS2_PLACEMENT_3D('',#3558,#2873,#2874);
#2422=AXIS2_PLACEMENT_3D('',#3559,#2875,#2876);
#2423=AXIS2_PLACEMENT_3D('',#3565,#2880,#2881);
#2424=AXIS2_PLACEMENT_3D('',#3568,#2882,#2883);
#2425=AXIS2_PLACEMENT_3D('',#3572,#2885,#2886);
#2426=AXIS2_PLACEMENT_3D('',#3574,#2888,#2889);
#2427=AXIS2_PLACEMENT_3D('',#3580,#2893,#2894);
#2428=AXIS2_PLACEMENT_3D('',#3582,#2895,#2896);
#2429=AXIS2_PLACEMENT_3D('',#3585,#2898,#2899);
#2430=AXIS2_PLACEMENT_3D('',#3586,#2900,#2901);
#2431=AXIS2_PLACEMENT_3D('',#3587,#2902,#2903);
#2432=AXIS2_PLACEMENT_3D('',#3588,#2904,#2905);
#2433=AXIS2_PLACEMENT_3D('',#3589,#2906,#2907);
#2434=AXIS2_PLACEMENT_3D('',#3591,#2908,#2909);
#2435=AXIS2_PLACEMENT_3D('',#3594,#2911,#2912);
#2436=AXIS2_PLACEMENT_3D('',#3595,#2913,#2914);
#2437=AXIS2_PLACEMENT_3D('',#3598,#2917,#2918);
#2438=AXIS2_PLACEMENT_3D('',#3601,#2919,#2920);
#2439=AXIS2_PLACEMENT_3D('',#3605,#2922,#2923);
#2440=AXIS2_PLACEMENT_3D('',#3607,#2925,#2926);
#2441=AXIS2_PLACEMENT_3D('',#3613,#2930,#2931);
#2442=AXIS2_PLACEMENT_3D('',#3615,#2932,#2933);
#2443=AXIS2_PLACEMENT_3D('',#3618,#2935,#2936);
#2444=AXIS2_PLACEMENT_3D('',#3619,#2937,#2938);
#2445=AXIS2_PLACEMENT_3D('',#3625,#2942,#2943);
#2446=AXIS2_PLACEMENT_3D('',#3627,#2944,#2945);
#2447=AXIS2_PLACEMENT_3D('',#3630,#2947,#2948);
#2448=AXIS2_PLACEMENT_3D('',#3631,#2949,#2950);
#2449=AXIS2_PLACEMENT_3D('',#3637,#2954,#2955);
#2450=AXIS2_PLACEMENT_3D('',#3640,#2956,#2957);
#2451=AXIS2_PLACEMENT_3D('',#3644,#2959,#2960);
#2452=AXIS2_PLACEMENT_3D('',#3646,#2962,#2963);
#2453=AXIS2_PLACEMENT_3D('',#3652,#2967,#2968);
#2454=AXIS2_PLACEMENT_3D('',#3654,#2969,#2970);
#2455=AXIS2_PLACEMENT_3D('',#3657,#2972,#2973);
#2456=AXIS2_PLACEMENT_3D('',#3658,#2974,#2975);
#2457=AXIS2_PLACEMENT_3D('',#3659,#2976,#2977);
#2458=AXIS2_PLACEMENT_3D('',#3660,#2978,#2979);
#2459=AXIS2_PLACEMENT_3D('',#3661,#2980,#2981);
#2460=AXIS2_PLACEMENT_3D('',#3663,#2982,#2983);
#2461=AXIS2_PLACEMENT_3D('',#3666,#2985,#2986);
#2462=AXIS2_PLACEMENT_3D('',#3667,#2987,#2988);
#2463=AXIS2_PLACEMENT_3D('',#3670,#2991,#2992);
#2464=AXIS2_PLACEMENT_3D('',#3673,#2993,#2994);
#2465=AXIS2_PLACEMENT_3D('',#3677,#2996,#2997);
#2466=AXIS2_PLACEMENT_3D('',#3679,#2999,#3000);
#2467=AXIS2_PLACEMENT_3D('',#3685,#3004,#3005);
#2468=AXIS2_PLACEMENT_3D('',#3687,#3006,#3007);
#2469=AXIS2_PLACEMENT_3D('',#3690,#3009,#3010);
#2470=AXIS2_PLACEMENT_3D('',#3691,#3011,#3012);
#2471=AXIS2_PLACEMENT_3D('',#3697,#3016,#3017);
#2472=AXIS2_PLACEMENT_3D('',#3699,#3018,#3019);
#2473=AXIS2_PLACEMENT_3D('',#3702,#3021,#3022);
#2474=AXIS2_PLACEMENT_3D('',#3703,#3023,#3024);
#2475=AXIS2_PLACEMENT_3D('',#3709,#3028,#3029);
#2476=AXIS2_PLACEMENT_3D('',#3712,#3030,#3031);
#2477=AXIS2_PLACEMENT_3D('',#3716,#3033,#3034);
#2478=AXIS2_PLACEMENT_3D('',#3718,#3036,#3037);
#2479=AXIS2_PLACEMENT_3D('',#3724,#3041,#3042);
#2480=AXIS2_PLACEMENT_3D('',#3726,#3043,#3044);
#2481=AXIS2_PLACEMENT_3D('',#3729,#3046,#3047);
#2482=AXIS2_PLACEMENT_3D('',#3730,#3048,#3049);
#2483=AXIS2_PLACEMENT_3D('',#3731,#3050,#3051);
#2484=AXIS2_PLACEMENT_3D('',#3732,#3052,#3053);
#2485=AXIS2_PLACEMENT_3D('',#3733,#3054,#3055);
#2486=AXIS2_PLACEMENT_3D('',#3735,#3056,#3057);
#2487=AXIS2_PLACEMENT_3D('',#3738,#3059,#3060);
#2488=AXIS2_PLACEMENT_3D('',#3739,#3061,#3062);
#2489=AXIS2_PLACEMENT_3D('',#3742,#3065,#3066);
#2490=AXIS2_PLACEMENT_3D('',#3745,#3067,#3068);
#2491=AXIS2_PLACEMENT_3D('',#3749,#3070,#3071);
#2492=AXIS2_PLACEMENT_3D('',#3751,#3073,#3074);
#2493=AXIS2_PLACEMENT_3D('',#3757,#3078,#3079);
#2494=AXIS2_PLACEMENT_3D('',#3759,#3080,#3081);
#2495=AXIS2_PLACEMENT_3D('',#3762,#3083,#3084);
#2496=AXIS2_PLACEMENT_3D('',#3763,#3085,#3086);
#2497=AXIS2_PLACEMENT_3D('',#3769,#3090,#3091);
#2498=AXIS2_PLACEMENT_3D('',#3771,#3092,#3093);
#2499=AXIS2_PLACEMENT_3D('',#3774,#3095,#3096);
#2500=AXIS2_PLACEMENT_3D('',#3775,#3097,#3098);
#2501=AXIS2_PLACEMENT_3D('',#3781,#3102,#3103);
#2502=AXIS2_PLACEMENT_3D('',#3784,#3104,#3105);
#2503=AXIS2_PLACEMENT_3D('',#3788,#3107,#3108);
#2504=AXIS2_PLACEMENT_3D('',#3790,#3110,#3111);
#2505=AXIS2_PLACEMENT_3D('',#3796,#3115,#3116);
#2506=AXIS2_PLACEMENT_3D('',#3798,#3117,#3118);
#2507=AXIS2_PLACEMENT_3D('',#3801,#3120,#3121);
#2508=AXIS2_PLACEMENT_3D('',#3802,#3122,#3123);
#2509=AXIS2_PLACEMENT_3D('',#3803,#3124,#3125);
#2510=AXIS2_PLACEMENT_3D('',#3804,#3126,#3127);
#2511=AXIS2_PLACEMENT_3D('',#3805,#3128,#3129);
#2512=AXIS2_PLACEMENT_3D('',#3807,#3130,#3131);
#2513=AXIS2_PLACEMENT_3D('',#3810,#3133,#3134);
#2514=AXIS2_PLACEMENT_3D('',#3811,#3135,#3136);
#2515=AXIS2_PLACEMENT_3D('',#3814,#3139,#3140);
#2516=AXIS2_PLACEMENT_3D('',#3817,#3141,#3142);
#2517=AXIS2_PLACEMENT_3D('',#3821,#3144,#3145);
#2518=AXIS2_PLACEMENT_3D('',#3823,#3147,#3148);
#2519=AXIS2_PLACEMENT_3D('',#3829,#3152,#3153);
#2520=AXIS2_PLACEMENT_3D('',#3831,#3154,#3155);
#2521=AXIS2_PLACEMENT_3D('',#3834,#3157,#3158);
#2522=AXIS2_PLACEMENT_3D('',#3835,#3159,#3160);
#2523=AXIS2_PLACEMENT_3D('',#3841,#3164,#3165);
#2524=AXIS2_PLACEMENT_3D('',#3843,#3166,#3167);
#2525=AXIS2_PLACEMENT_3D('',#3846,#3169,#3170);
#2526=AXIS2_PLACEMENT_3D('',#3847,#3171,#3172);
#2527=AXIS2_PLACEMENT_3D('',#3853,#3176,#3177);
#2528=AXIS2_PLACEMENT_3D('',#3856,#3178,#3179);
#2529=AXIS2_PLACEMENT_3D('',#3860,#3181,#3182);
#2530=AXIS2_PLACEMENT_3D('',#3862,#3184,#3185);
#2531=AXIS2_PLACEMENT_3D('',#3868,#3189,#3190);
#2532=AXIS2_PLACEMENT_3D('',#3870,#3191,#3192);
#2533=AXIS2_PLACEMENT_3D('',#3873,#3194,#3195);
#2534=AXIS2_PLACEMENT_3D('',#3874,#3196,#3197);
#2535=AXIS2_PLACEMENT_3D('',#3875,#3198,#3199);
#2536=AXIS2_PLACEMENT_3D('',#3876,#3200,#3201);
#2537=AXIS2_PLACEMENT_3D('',#3877,#3202,#3203);
#2538=AXIS2_PLACEMENT_3D('',#3879,#3204,#3205);
#2539=AXIS2_PLACEMENT_3D('',#3882,#3207,#3208);
#2540=AXIS2_PLACEMENT_3D('',#3883,#3209,#3210);
#2541=AXIS2_PLACEMENT_3D('',#3886,#3213,#3214);
#2542=AXIS2_PLACEMENT_3D('',#3895,#3219,#3220);
#2543=AXIS2_PLACEMENT_3D('',#3901,#3224,#3225);
#2544=AXIS2_PLACEMENT_3D('',#3907,#3229,#3230);
#2545=AXIS2_PLACEMENT_3D('',#3910,#3233,#3234);
#2546=AXIS2_PLACEMENT_3D('',#3911,#3235,#3236);
#2547=DIRECTION('axis',(0.,0.,1.));
#2548=DIRECTION('refdir',(1.,0.,0.));
#2549=DIRECTION('center_axis',(0.,0.5,-0.866025403784439));
#2550=DIRECTION('ref_axis',(-1.,0.,0.));
#2551=DIRECTION('center_axis',(0.,0.,-1.));
#2552=DIRECTION('ref_axis',(0.,1.,0.));
#2553=DIRECTION('',(0.,0.5,-0.866025403784439));
#2554=DIRECTION('center_axis',(0.,0.,1.));
#2555=DIRECTION('ref_axis',(0.,1.,0.));
#2556=DIRECTION('',(0.,0.5,-0.866025403784439));
#2557=DIRECTION('center_axis',(1.,0.,0.));
#2558=DIRECTION('ref_axis',(0.,-0.866025403784439,-0.5));
#2559=DIRECTION('',(0.,-1.,0.));
#2560=DIRECTION('',(0.,1.,0.));
#2561=DIRECTION('',(0.,0.5,-0.866025403784439));
#2562=DIRECTION('center_axis',(0.,0.5,-0.866025403784439));
#2563=DIRECTION('ref_axis',(1.,0.,0.));
#2564=DIRECTION('center_axis',(0.,0.,-1.));
#2565=DIRECTION('ref_axis',(0.,-1.,0.));
#2566=DIRECTION('center_axis',(0.,0.,1.));
#2567=DIRECTION('ref_axis',(0.,-1.,0.));
#2568=DIRECTION('',(0.,0.5,-0.866025403784439));
#2569=DIRECTION('center_axis',(-1.,0.,0.));
#2570=DIRECTION('ref_axis',(0.,0.866025403784439,0.5));
#2571=DIRECTION('',(0.,1.,0.));
#2572=DIRECTION('',(0.,-1.,0.));
#2573=DIRECTION('center_axis',(0.,0.5,-0.866025403784439));
#2574=DIRECTION('ref_axis',(-1.,0.,0.));
#2575=DIRECTION('center_axis',(0.,0.,-1.));
#2576=DIRECTION('ref_axis',(0.,1.,0.));
#2577=DIRECTION('',(0.,0.5,-0.866025403784439));
#2578=DIRECTION('center_axis',(0.,0.,1.));
#2579=DIRECTION('ref_axis',(0.,1.,0.));
#2580=DIRECTION('',(0.,0.5,-0.866025403784439));
#2581=DIRECTION('center_axis',(1.,0.,0.));
#2582=DIRECTION('ref_axis',(0.,-0.866025403784439,-0.5));
#2583=DIRECTION('',(0.,-1.,0.));
#2584=DIRECTION('',(0.,1.,0.));
#2585=DIRECTION('',(0.,0.5,-0.866025403784439));
#2586=DIRECTION('center_axis',(0.,0.5,-0.866025403784439));
#2587=DIRECTION('ref_axis',(1.,0.,0.));
#2588=DIRECTION('center_axis',(0.,0.,-1.));
#2589=DIRECTION('ref_axis',(0.,-1.,0.));
#2590=DIRECTION('center_axis',(0.,0.,1.));
#2591=DIRECTION('ref_axis',(0.,-1.,0.));
#2592=DIRECTION('',(0.,0.5,-0.866025403784439));
#2593=DIRECTION('center_axis',(-1.,0.,0.));
#2594=DIRECTION('ref_axis',(0.,0.866025403784439,0.5));
#2595=DIRECTION('',(0.,1.,0.));
#2596=DIRECTION('',(0.,-1.,0.));
#2597=DIRECTION('center_axis',(0.,0.5,-0.866025403784439));
#2598=DIRECTION('ref_axis',(-1.,0.,0.));
#2599=DIRECTION('center_axis',(0.,0.,-1.));
#2600=DIRECTION('ref_axis',(0.,1.,0.));
#2601=DIRECTION('',(0.,0.5,-0.866025403784439));
#2602=DIRECTION('center_axis',(0.,0.,1.));
#2603=DIRECTION('ref_axis',(0.,1.,0.));
#2604=DIRECTION('',(0.,0.5,-0.866025403784439));
#2605=DIRECTION('center_axis',(1.,0.,0.));
#2606=DIRECTION('ref_axis',(0.,-0.866025403784439,-0.5));
#2607=DIRECTION('',(0.,-1.,0.));
#2608=DIRECTION('',(0.,1.,0.));
#2609=DIRECTION('',(0.,0.5,-0.866025403784439));
#2610=DIRECTION('center_axis',(0.,0.5,-0.866025403784439));
#2611=DIRECTION('ref_axis',(1.,0.,0.));
#2612=DIRECTION('center_axis',(0.,0.,-1.));
#2613=DIRECTION('ref_axis',(0.,-1.,0.));
#2614=DIRECTION('center_axis',(0.,0.,1.));
#2615=DIRECTION('ref_axis',(0.,-1.,0.));
#2616=DIRECTION('',(0.,0.5,-0.866025403784439));
#2617=DIRECTION('center_axis',(-1.,0.,0.));
#2618=DIRECTION('ref_axis',(0.,0.866025403784439,0.5));
#2619=DIRECTION('',(0.,1.,0.));
#2620=DIRECTION('',(0.,-1.,0.));
#2621=DIRECTION('center_axis',(0.4226182617407,0.,-0.90630778703665));
#2622=DIRECTION('ref_axis',(-0.640856382055793,0.707106781186543,-0.298836238730122));
#2623=DIRECTION('center_axis',(0.,0.,1.));
#2624=DIRECTION('ref_axis',(-1.,2.5155094314129E-16,0.));
#2625=DIRECTION('',(0.4226182617407,0.,-0.90630778703665));
#2626=DIRECTION('center_axis',(0.,0.,-1.));
#2627=DIRECTION('ref_axis',(-1.,2.5155094314129E-16,0.));
#2628=DIRECTION('',(-0.422618261740699,0.,0.90630778703665));
#2629=DIRECTION('center_axis',(-0.90630778703665,-8.32667268468867E-17,
-0.4226182617407));
#2630=DIRECTION('ref_axis',(-7.54652829423871E-17,1.,-3.51900393608689E-17));
#2631=DIRECTION('',(-9.18746677871361E-17,1.,0.));
#2632=DIRECTION('',(-0.4226182617407,0.,0.90630778703665));
#2633=DIRECTION('',(9.18746677871361E-17,-1.,0.));
#2634=DIRECTION('center_axis',(0.4226182617407,0.,-0.90630778703665));
#2635=DIRECTION('ref_axis',(-0.64085638205579,-0.707106781186546,-0.298836238730121));
#2636=DIRECTION('center_axis',(0.,0.,1.));
#2637=DIRECTION('ref_axis',(-1.,-6.28877357853226E-16,0.));
#2638=DIRECTION('',(0.4226182617407,0.,-0.90630778703665));
#2639=DIRECTION('center_axis',(0.,0.,-1.));
#2640=DIRECTION('ref_axis',(-1.,-6.28877357853226E-16,0.));
#2641=DIRECTION('center_axis',(0.,-1.,0.));
#2642=DIRECTION('ref_axis',(-0.90630778703665,0.,-0.4226182617407));
#2643=DIRECTION('',(-1.,0.,0.));
#2644=DIRECTION('',(-0.422618261740699,0.,0.90630778703665));
#2645=DIRECTION('',(1.,0.,0.));
#2646=DIRECTION('center_axis',(0.4226182617407,0.,-0.90630778703665));
#2647=DIRECTION('ref_axis',(0.640856382055787,-0.707106781186549,0.29883623873012));
#2648=DIRECTION('center_axis',(0.,0.,1.));
#2649=DIRECTION('ref_axis',(1.,-1.88663207355968E-16,0.));
#2650=DIRECTION('',(0.4226182617407,0.,-0.90630778703665));
#2651=DIRECTION('center_axis',(0.,0.,-1.));
#2652=DIRECTION('ref_axis',(1.,-1.88663207355968E-16,0.));
#2653=DIRECTION('center_axis',(0.90630778703665,0.,0.4226182617407));
#2654=DIRECTION('ref_axis',(0.,-1.,0.));
#2655=DIRECTION('',(0.,-1.,0.));
#2656=DIRECTION('',(-0.422618261740699,0.,0.90630778703665));
#2657=DIRECTION('',(0.,1.,0.));
#2658=DIRECTION('center_axis',(0.4226182617407,0.,-0.90630778703665));
#2659=DIRECTION('ref_axis',(0.692204006170565,-0.645497224367897,0.322780029082905));
#2660=DIRECTION('center_axis',(0.,0.,1.));
#2661=DIRECTION('ref_axis',(1.,1.25775471570645E-16,0.));
#2662=DIRECTION('',(0.422618261740699,0.,-0.90630778703665));
#2663=DIRECTION('center_axis',(0.,0.,-1.));
#2664=DIRECTION('ref_axis',(1.,1.25775471570645E-16,0.));
#2665=DIRECTION('',(-0.4226182617407,0.,0.90630778703665));
#2666=DIRECTION('center_axis',(0.90630778703665,-4.44089209850063E-16,0.4226182617407));
#2667=DIRECTION('ref_axis',(-4.02481509026065E-16,-1.,-1.87680209924634E-16));
#2668=DIRECTION('',(-4.89998228198059E-16,-1.,0.));
#2669=DIRECTION('',(-0.422618261740699,0.,0.90630778703665));
#2670=DIRECTION('',(4.89998228198059E-16,1.,0.));
#2671=DIRECTION('center_axis',(0.4226182617407,0.,-0.90630778703665));
#2672=DIRECTION('ref_axis',(0.69220400617056,0.645497224367904,0.322780029082902));
#2673=DIRECTION('center_axis',(0.,0.,1.));
#2674=DIRECTION('ref_axis',(1.,-1.88663207355968E-16,0.));
#2675=DIRECTION('',(0.4226182617407,0.,-0.90630778703665));
#2676=DIRECTION('center_axis',(0.,0.,-1.));
#2677=DIRECTION('ref_axis',(1.,-1.88663207355968E-16,0.));
#2678=DIRECTION('center_axis',(0.4226182617407,0.,-0.90630778703665));
#2679=DIRECTION('ref_axis',(-8.04963018052129E-16,1.,-3.75360419849268E-16));
#2680=DIRECTION('center_axis',(0.,0.,-1.));
#2681=DIRECTION('ref_axis',(1.,8.04963018052129E-16,0.));
#2682=DIRECTION('center_axis',(0.,0.,1.));
#2683=DIRECTION('ref_axis',(1.,8.04963018052129E-16,0.));
#2684=DIRECTION('center_axis',(0.4226182617407,0.,-0.90630778703665));
#2685=DIRECTION('ref_axis',(0.640856382055787,0.707106781186549,0.29883623873012));
#2686=DIRECTION('center_axis',(0.,0.,1.));
#2687=DIRECTION('ref_axis',(1.,1.88663207355968E-16,0.));
#2688=DIRECTION('',(0.422618261740699,0.,-0.90630778703665));
#2689=DIRECTION('center_axis',(0.,0.,-1.));
#2690=DIRECTION('ref_axis',(1.,1.88663207355968E-16,0.));
#2691=DIRECTION('center_axis',(0.,1.,0.));
#2692=DIRECTION('ref_axis',(0.90630778703665,0.,0.4226182617407));
#2693=DIRECTION('',(-1.,0.,0.));
#2694=DIRECTION('',(1.,0.,0.));
#2695=DIRECTION('center_axis',(0.4226182617407,0.,-0.90630778703665));
#2696=DIRECTION('ref_axis',(-0.64085638205579,0.707106781186546,-0.298836238730121));
#2697=DIRECTION('center_axis',(0.,0.,1.));
#2698=DIRECTION('ref_axis',(-1.,-1.88663207355968E-16,0.));
#2699=DIRECTION('',(0.422618261740699,0.,-0.90630778703665));
#2700=DIRECTION('center_axis',(0.,0.,-1.));
#2701=DIRECTION('ref_axis',(-1.,-1.88663207355968E-16,0.));
#2702=DIRECTION('',(-0.4226182617407,0.,0.90630778703665));
#2703=DIRECTION('center_axis',(-0.90630778703665,-8.32667268468867E-17,
-0.4226182617407));
#2704=DIRECTION('ref_axis',(-7.54652829423871E-17,1.,-3.51900393608689E-17));
#2705=DIRECTION('',(-9.18746677871361E-17,1.,0.));
#2706=DIRECTION('',(-0.4226182617407,0.,0.90630778703665));
#2707=DIRECTION('',(9.18746677871361E-17,-1.,0.));
#2708=DIRECTION('center_axis',(0.4226182617407,0.,-0.90630778703665));
#2709=DIRECTION('ref_axis',(-0.640856382055787,-0.707106781186549,-0.298836238730119));
#2710=DIRECTION('center_axis',(0.,0.,1.));
#2711=DIRECTION('ref_axis',(-1.,-6.91765093638549E-16,0.));
#2712=DIRECTION('',(0.4226182617407,0.,-0.90630778703665));
#2713=DIRECTION('center_axis',(0.,0.,-1.));
#2714=DIRECTION('ref_axis',(-1.,-6.91765093638549E-16,0.));
#2715=DIRECTION('center_axis',(0.,-1.,0.));
#2716=DIRECTION('ref_axis',(-0.90630778703665,0.,-0.4226182617407));
#2717=DIRECTION('',(-1.,0.,0.));
#2718=DIRECTION('',(-0.4226182617407,0.,0.90630778703665));
#2719=DIRECTION('',(1.,0.,0.));
#2720=DIRECTION('center_axis',(0.4226182617407,0.,-0.90630778703665));
#2721=DIRECTION('ref_axis',(0.64085638205579,-0.707106781186546,0.298836238730121));
#2722=DIRECTION('center_axis',(0.,0.,1.));
#2723=DIRECTION('ref_axis',(1.,1.88663207355968E-16,0.));
#2724=DIRECTION('',(0.422618261740699,0.,-0.90630778703665));
#2725=DIRECTION('center_axis',(0.,0.,-1.));
#2726=DIRECTION('ref_axis',(1.,1.88663207355968E-16,0.));
#2727=DIRECTION('center_axis',(0.90630778703665,0.,0.4226182617407));
#2728=DIRECTION('ref_axis',(0.,-1.,0.));
#2729=DIRECTION('',(0.,-1.,0.));
#2730=DIRECTION('',(-0.422618261740699,0.,0.90630778703665));
#2731=DIRECTION('',(0.,1.,0.));
#2732=DIRECTION('center_axis',(0.4226182617407,0.,-0.90630778703665));
#2733=DIRECTION('ref_axis',(0.692204006170565,-0.645497224367897,0.322780029082905));
#2734=DIRECTION('center_axis',(0.,0.,1.));
#2735=DIRECTION('ref_axis',(1.,1.25775471570645E-16,0.));
#2736=DIRECTION('',(0.422618261740699,0.,-0.90630778703665));
#2737=DIRECTION('center_axis',(0.,0.,-1.));
#2738=DIRECTION('ref_axis',(1.,1.25775471570645E-16,0.));
#2739=DIRECTION('',(-0.422618261740699,0.,0.90630778703665));
#2740=DIRECTION('center_axis',(0.90630778703665,-4.44089209850063E-16,0.4226182617407));
#2741=DIRECTION('ref_axis',(-4.02481509026065E-16,-1.,-1.87680209924634E-16));
#2742=DIRECTION('',(-4.89998228198059E-16,-1.,0.));
#2743=DIRECTION('',(-0.422618261740699,0.,0.90630778703665));
#2744=DIRECTION('',(4.89998228198059E-16,1.,0.));
#2745=DIRECTION('center_axis',(0.4226182617407,0.,-0.90630778703665));
#2746=DIRECTION('ref_axis',(0.69220400617056,0.645497224367904,0.322780029082902));
#2747=DIRECTION('center_axis',(0.,0.,1.));
#2748=DIRECTION('ref_axis',(1.,-1.88663207355968E-16,0.));
#2749=DIRECTION('',(0.422618261740699,0.,-0.90630778703665));
#2750=DIRECTION('center_axis',(0.,0.,-1.));
#2751=DIRECTION('ref_axis',(1.,-1.88663207355968E-16,0.));
#2752=DIRECTION('center_axis',(0.4226182617407,0.,-0.90630778703665));
#2753=DIRECTION('ref_axis',(-8.04963018052129E-16,1.,-3.75360419849268E-16));
#2754=DIRECTION('center_axis',(0.,0.,-1.));
#2755=DIRECTION('ref_axis',(1.,8.04963018052129E-16,0.));
#2756=DIRECTION('center_axis',(0.,0.,1.));
#2757=DIRECTION('ref_axis',(1.,8.04963018052129E-16,0.));
#2758=DIRECTION('center_axis',(0.4226182617407,0.,-0.90630778703665));
#2759=DIRECTION('ref_axis',(0.64085638205579,0.707106781186546,0.298836238730121));
#2760=DIRECTION('center_axis',(0.,0.,1.));
#2761=DIRECTION('ref_axis',(1.,-1.88663207355968E-16,0.));
#2762=DIRECTION('',(0.422618261740699,0.,-0.90630778703665));
#2763=DIRECTION('center_axis',(0.,0.,-1.));
#2764=DIRECTION('ref_axis',(1.,-1.88663207355968E-16,0.));
#2765=DIRECTION('center_axis',(0.,1.,0.));
#2766=DIRECTION('ref_axis',(0.90630778703665,0.,0.4226182617407));
#2767=DIRECTION('',(-1.,0.,0.));
#2768=DIRECTION('',(1.,0.,0.));
#2769=DIRECTION('center_axis',(0.4226182617407,0.,-0.90630778703665));
#2770=DIRECTION('ref_axis',(-0.64085638205579,0.707106781186546,-0.298836238730121));
#2771=DIRECTION('center_axis',(0.,0.,1.));
#2772=DIRECTION('ref_axis',(-1.,-1.88663207355968E-16,0.));
#2773=DIRECTION('',(0.422618261740699,0.,-0.90630778703665));
#2774=DIRECTION('center_axis',(0.,0.,-1.));
#2775=DIRECTION('ref_axis',(-1.,-1.88663207355968E-16,0.));
#2776=DIRECTION('',(-0.4226182617407,0.,0.90630778703665));
#2777=DIRECTION('center_axis',(-0.90630778703665,-8.32667268468867E-17,
-0.4226182617407));
#2778=DIRECTION('ref_axis',(-7.54652829423871E-17,1.,-3.51900393608689E-17));
#2779=DIRECTION('',(-9.18746677871361E-17,1.,0.));
#2780=DIRECTION('',(-0.422618261740699,0.,0.90630778703665));
#2781=DIRECTION('',(9.18746677871361E-17,-1.,0.));
#2782=DIRECTION('center_axis',(0.4226182617407,0.,-0.90630778703665));
#2783=DIRECTION('ref_axis',(-0.640856382055787,-0.707106781186549,-0.298836238730119));
#2784=DIRECTION('center_axis',(0.,0.,1.));
#2785=DIRECTION('ref_axis',(-1.,-6.91765093638549E-16,0.));
#2786=DIRECTION('',(0.4226182617407,0.,-0.90630778703665));
#2787=DIRECTION('center_axis',(0.,0.,-1.));
#2788=DIRECTION('ref_axis',(-1.,-6.91765093638549E-16,0.));
#2789=DIRECTION('center_axis',(0.,-1.,0.));
#2790=DIRECTION('ref_axis',(-0.90630778703665,0.,-0.4226182617407));
#2791=DIRECTION('',(-1.,0.,0.));
#2792=DIRECTION('',(-0.4226182617407,0.,0.90630778703665));
#2793=DIRECTION('',(1.,0.,0.));
#2794=DIRECTION('center_axis',(0.4226182617407,0.,-0.90630778703665));
#2795=DIRECTION('ref_axis',(0.64085638205579,-0.707106781186546,0.298836238730121));
#2796=DIRECTION('center_axis',(0.,0.,1.));
#2797=DIRECTION('ref_axis',(1.,1.88663207355968E-16,0.));
#2798=DIRECTION('',(0.422618261740699,0.,-0.90630778703665));
#2799=DIRECTION('center_axis',(0.,0.,-1.));
#2800=DIRECTION('ref_axis',(1.,1.88663207355968E-16,0.));
#2801=DIRECTION('center_axis',(0.90630778703665,0.,0.4226182617407));
#2802=DIRECTION('ref_axis',(0.,-1.,0.));
#2803=DIRECTION('',(0.,-1.,0.));
#2804=DIRECTION('',(-0.422618261740699,0.,0.90630778703665));
#2805=DIRECTION('',(0.,1.,0.));
#2806=DIRECTION('center_axis',(0.4226182617407,0.,-0.90630778703665));
#2807=DIRECTION('ref_axis',(0.692204006170565,-0.645497224367897,0.322780029082905));
#2808=DIRECTION('center_axis',(0.,0.,1.));
#2809=DIRECTION('ref_axis',(1.,1.25775471570645E-16,0.));
#2810=DIRECTION('',(0.4226182617407,0.,-0.90630778703665));
#2811=DIRECTION('center_axis',(0.,0.,-1.));
#2812=DIRECTION('ref_axis',(1.,1.25775471570645E-16,0.));
#2813=DIRECTION('',(-0.4226182617407,0.,0.90630778703665));
#2814=DIRECTION('center_axis',(0.90630778703665,-4.44089209850063E-16,0.4226182617407));
#2815=DIRECTION('ref_axis',(-5.29388843556431E-16,-1.,8.44734472391562E-17));
#2816=DIRECTION('',(-4.89998228198059E-16,-1.,0.));
#2817=DIRECTION('',(-0.4226182617407,0.,0.90630778703665));
#2818=DIRECTION('',(4.89998228198059E-16,1.,0.));
#2819=DIRECTION('center_axis',(0.4226182617407,0.,-0.90630778703665));
#2820=DIRECTION('ref_axis',(0.69220400617056,0.645497224367904,0.322780029082902));
#2821=DIRECTION('center_axis',(0.,0.,1.));
#2822=DIRECTION('ref_axis',(1.,-1.88663207355968E-16,0.));
#2823=DIRECTION('',(0.4226182617407,0.,-0.90630778703665));
#2824=DIRECTION('center_axis',(0.,0.,-1.));
#2825=DIRECTION('ref_axis',(1.,-1.88663207355968E-16,0.));
#2826=DIRECTION('center_axis',(0.4226182617407,0.,-0.90630778703665));
#2827=DIRECTION('ref_axis',(-8.04963018052129E-16,1.,-3.75360419849268E-16));
#2828=DIRECTION('center_axis',(0.,0.,-1.));
#2829=DIRECTION('ref_axis',(1.,8.04963018052129E-16,0.));
#2830=DIRECTION('center_axis',(0.,0.,1.));
#2831=DIRECTION('ref_axis',(1.,8.04963018052129E-16,0.));
#2832=DIRECTION('center_axis',(0.4226182617407,0.,-0.90630778703665));
#2833=DIRECTION('ref_axis',(0.64085638205579,0.707106781186546,0.298836238730121));
#2834=DIRECTION('center_axis',(0.,0.,1.));
#2835=DIRECTION('ref_axis',(1.,-1.88663207355968E-16,0.));
#2836=DIRECTION('',(0.422618261740699,0.,-0.90630778703665));
#2837=DIRECTION('center_axis',(0.,0.,-1.));
#2838=DIRECTION('ref_axis',(1.,-1.88663207355968E-16,0.));
#2839=DIRECTION('center_axis',(0.,1.,0.));
#2840=DIRECTION('ref_axis',(0.90630778703665,0.,0.422618261740699));
#2841=DIRECTION('',(-1.,0.,0.));
#2842=DIRECTION('',(1.,0.,0.));
#2843=DIRECTION('center_axis',(0.4226182617407,0.,-0.90630778703665));
#2844=DIRECTION('ref_axis',(-0.64085638205579,0.707106781186546,-0.298836238730121));
#2845=DIRECTION('center_axis',(0.,0.,1.));
#2846=DIRECTION('ref_axis',(-1.,-5.03101886282581E-16,0.));
#2847=DIRECTION('',(0.4226182617407,0.,-0.90630778703665));
#2848=DIRECTION('center_axis',(0.,0.,-1.));
#2849=DIRECTION('ref_axis',(-1.,-5.03101886282581E-16,0.));
#2850=DIRECTION('',(-0.4226182617407,0.,0.90630778703665));
#2851=DIRECTION('center_axis',(-0.90630778703665,-8.32667268468867E-17,
-0.4226182617407));
#2852=DIRECTION('ref_axis',(-9.13286997586828E-17,1.,-1.17083221539508E-18));
#2853=DIRECTION('',(-9.18746677871361E-17,1.,0.));
#2854=DIRECTION('',(-0.4226182617407,0.,0.90630778703665));
#2855=DIRECTION('',(9.18746677871361E-17,-1.,0.));
#2856=DIRECTION('center_axis',(0.4226182617407,0.,-0.90630778703665));
#2857=DIRECTION('ref_axis',(-0.640856382055787,-0.707106781186549,-0.298836238730119));
#2858=DIRECTION('center_axis',(0.,0.,1.));
#2859=DIRECTION('ref_axis',(-1.,5.03101886282581E-16,0.));
#2860=DIRECTION('',(0.422618261740699,0.,-0.90630778703665));
#2861=DIRECTION('center_axis',(0.,0.,-1.));
#2862=DIRECTION('ref_axis',(-1.,5.03101886282581E-16,0.));
#2863=DIRECTION('center_axis',(0.,-1.,0.));
#2864=DIRECTION('ref_axis',(-0.90630778703665,0.,-0.4226182617407));
#2865=DIRECTION('',(-1.,0.,0.));
#2866=DIRECTION('',(-0.4226182617407,0.,0.90630778703665));
#2867=DIRECTION('',(1.,0.,0.));
#2868=DIRECTION('center_axis',(0.4226182617407,0.,-0.90630778703665));
#2869=DIRECTION('ref_axis',(0.64085638205579,-0.707106781186546,0.298836238730121));
#2870=DIRECTION('center_axis',(0.,0.,1.));
#2871=DIRECTION('ref_axis',(1.,1.88663207355968E-16,0.));
#2872=DIRECTION('',(0.4226182617407,0.,-0.90630778703665));
#2873=DIRECTION('center_axis',(0.,0.,-1.));
#2874=DIRECTION('ref_axis',(1.,1.88663207355968E-16,0.));
#2875=DIRECTION('center_axis',(0.90630778703665,0.,0.4226182617407));
#2876=DIRECTION('ref_axis',(0.,-1.,0.));
#2877=DIRECTION('',(0.,-1.,0.));
#2878=DIRECTION('',(-0.4226182617407,0.,0.90630778703665));
#2879=DIRECTION('',(0.,1.,0.));
#2880=DIRECTION('center_axis',(0.4226182617407,0.,-0.90630778703665));
#2881=DIRECTION('ref_axis',(0.692204006170564,-0.645497224367898,0.322780029082904));
#2882=DIRECTION('center_axis',(0.,0.,1.));
#2883=DIRECTION('ref_axis',(1.,-6.28877357853226E-17,0.));
#2884=DIRECTION('',(0.4226182617407,0.,-0.90630778703665));
#2885=DIRECTION('center_axis',(0.,0.,-1.));
#2886=DIRECTION('ref_axis',(1.,-6.28877357853226E-17,0.));
#2887=DIRECTION('',(-0.4226182617407,0.,0.90630778703665));
#2888=DIRECTION('center_axis',(0.90630778703665,-4.44089209850063E-16,0.4226182617407));
#2889=DIRECTION('ref_axis',(-4.65935176291248E-16,-1.,-5.16033813427391E-17));
#2890=DIRECTION('',(-4.89998228198059E-16,-1.,0.));
#2891=DIRECTION('',(-0.422618261740699,0.,0.90630778703665));
#2892=DIRECTION('',(4.89998228198059E-16,1.,0.));
#2893=DIRECTION('center_axis',(0.4226182617407,0.,-0.90630778703665));
#2894=DIRECTION('ref_axis',(0.692204006170562,0.645497224367901,0.322780029082903));
#2895=DIRECTION('center_axis',(0.,0.,1.));
#2896=DIRECTION('ref_axis',(1.,-4.40214150497258E-16,0.));
#2897=DIRECTION('',(0.4226182617407,0.,-0.90630778703665));
#2898=DIRECTION('center_axis',(0.,0.,-1.));
#2899=DIRECTION('ref_axis',(1.,-4.40214150497258E-16,0.));
#2900=DIRECTION('center_axis',(0.4226182617407,0.,-0.90630778703665));
#2901=DIRECTION('ref_axis',(-8.04963018052129E-16,1.,-3.75360419849268E-16));
#2902=DIRECTION('center_axis',(0.,0.,-1.));
#2903=DIRECTION('ref_axis',(1.,8.04963018052129E-16,0.));
#2904=DIRECTION('center_axis',(0.,0.,1.));
#2905=DIRECTION('ref_axis',(1.,8.04963018052129E-16,0.));
#2906=DIRECTION('center_axis',(0.4226182617407,0.,-0.90630778703665));
#2907=DIRECTION('ref_axis',(0.64085638205579,0.707106781186546,0.298836238730121));
#2908=DIRECTION('center_axis',(0.,0.,1.));
#2909=DIRECTION('ref_axis',(1.,-1.88663207355968E-16,0.));
#2910=DIRECTION('',(0.4226182617407,0.,-0.90630778703665));
#2911=DIRECTION('center_axis',(0.,0.,-1.));
#2912=DIRECTION('ref_axis',(1.,-1.88663207355968E-16,0.));
#2913=DIRECTION('center_axis',(0.,1.,0.));
#2914=DIRECTION('ref_axis',(0.90630778703665,0.,0.4226182617407));
#2915=DIRECTION('',(-1.,0.,0.));
#2916=DIRECTION('',(1.,0.,0.));
#2917=DIRECTION('center_axis',(0.4226182617407,0.,-0.90630778703665));
#2918=DIRECTION('ref_axis',(-0.64085638205579,0.707106781186546,-0.298836238730121));
#2919=DIRECTION('center_axis',(0.,0.,1.));
#2920=DIRECTION('ref_axis',(-1.,6.28877357853226E-16,0.));
#2921=DIRECTION('',(0.4226182617407,0.,-0.90630778703665));
#2922=DIRECTION('center_axis',(0.,0.,-1.));
#2923=DIRECTION('ref_axis',(-1.,6.28877357853226E-16,0.));
#2924=DIRECTION('',(-0.422618261740699,0.,0.90630778703665));
#2925=DIRECTION('center_axis',(-0.90630778703665,-8.32667268468867E-17,
-0.4226182617407));
#2926=DIRECTION('ref_axis',(-7.54652829423871E-17,1.,-3.51900393608689E-17));
#2927=DIRECTION('',(-9.18746677871361E-17,1.,0.));
#2928=DIRECTION('',(-0.4226182617407,0.,0.90630778703665));
#2929=DIRECTION('',(9.18746677871361E-17,-1.,0.));
#2930=DIRECTION('center_axis',(0.4226182617407,0.,-0.90630778703665));
#2931=DIRECTION('ref_axis',(-0.640856382055792,-0.707106781186544,-0.298836238730122));
#2932=DIRECTION('center_axis',(0.,0.,1.));
#2933=DIRECTION('ref_axis',(-1.,1.88663207355968E-16,0.));
#2934=DIRECTION('',(0.4226182617407,0.,-0.90630778703665));
#2935=DIRECTION('center_axis',(0.,0.,-1.));
#2936=DIRECTION('ref_axis',(-1.,1.88663207355968E-16,0.));
#2937=DIRECTION('center_axis',(0.,-1.,0.));
#2938=DIRECTION('ref_axis',(-0.90630778703665,0.,-0.4226182617407));
#2939=DIRECTION('',(-1.,0.,0.));
#2940=DIRECTION('',(-0.422618261740699,0.,0.90630778703665));
#2941=DIRECTION('',(1.,0.,0.));
#2942=DIRECTION('center_axis',(0.4226182617407,0.,-0.90630778703665));
#2943=DIRECTION('ref_axis',(0.640856382055786,-0.70710678118655,0.298836238730119));
#2944=DIRECTION('center_axis',(0.,0.,1.));
#2945=DIRECTION('ref_axis',(1.,4.40214150497258E-16,0.));
#2946=DIRECTION('',(0.4226182617407,0.,-0.90630778703665));
#2947=DIRECTION('center_axis',(0.,0.,-1.));
#2948=DIRECTION('ref_axis',(1.,4.40214150497258E-16,0.));
#2949=DIRECTION('center_axis',(0.90630778703665,0.,0.4226182617407));
#2950=DIRECTION('ref_axis',(0.,-1.,0.));
#2951=DIRECTION('',(0.,-1.,0.));
#2952=DIRECTION('',(-0.422618261740699,0.,0.90630778703665));
#2953=DIRECTION('',(0.,1.,0.));
#2954=DIRECTION('center_axis',(0.4226182617407,0.,-0.90630778703665));
#2955=DIRECTION('ref_axis',(0.692204006170561,-0.645497224367902,0.322780029082903));
#2956=DIRECTION('center_axis',(0.,0.,1.));
#2957=DIRECTION('ref_axis',(1.,-3.77326414711936E-16,0.));
#2958=DIRECTION('',(0.422618261740699,0.,-0.90630778703665));
#2959=DIRECTION('center_axis',(0.,0.,-1.));
#2960=DIRECTION('ref_axis',(1.,-3.77326414711936E-16,0.));
#2961=DIRECTION('',(-0.4226182617407,0.,0.90630778703665));
#2962=DIRECTION('center_axis',(0.90630778703665,-4.44089209850063E-16,0.4226182617407));
#2963=DIRECTION('ref_axis',(-4.02481509026065E-16,-1.,-1.87680209924634E-16));
#2964=DIRECTION('',(-4.89998228198059E-16,-1.,0.));
#2965=DIRECTION('',(-0.422618261740699,0.,0.90630778703665));
#2966=DIRECTION('',(4.89998228198059E-16,1.,0.));
#2967=DIRECTION('center_axis',(0.4226182617407,0.,-0.90630778703665));
#2968=DIRECTION('ref_axis',(0.692204006170562,0.645497224367902,0.322780029082903));
#2969=DIRECTION('center_axis',(0.,0.,1.));
#2970=DIRECTION('ref_axis',(1.,-5.03101886282581E-16,0.));
#2971=DIRECTION('',(0.4226182617407,0.,-0.90630778703665));
#2972=DIRECTION('center_axis',(0.,0.,-1.));
#2973=DIRECTION('ref_axis',(1.,-5.03101886282581E-16,0.));
#2974=DIRECTION('center_axis',(0.4226182617407,0.,-0.90630778703665));
#2975=DIRECTION('ref_axis',(-8.04963018052129E-16,1.,-3.75360419849268E-16));
#2976=DIRECTION('center_axis',(0.,0.,-1.));
#2977=DIRECTION('ref_axis',(1.,8.04963018052129E-16,0.));
#2978=DIRECTION('center_axis',(0.,0.,1.));
#2979=DIRECTION('ref_axis',(1.,8.04963018052129E-16,0.));
#2980=DIRECTION('center_axis',(0.4226182617407,0.,-0.90630778703665));
#2981=DIRECTION('ref_axis',(0.640856382055785,0.707106781186552,0.298836238730118));
#2982=DIRECTION('center_axis',(0.,0.,1.));
#2983=DIRECTION('ref_axis',(1.,3.77326414711936E-16,0.));
#2984=DIRECTION('',(0.422618261740699,0.,-0.90630778703665));
#2985=DIRECTION('center_axis',(0.,0.,-1.));
#2986=DIRECTION('ref_axis',(1.,3.77326414711936E-16,0.));
#2987=DIRECTION('center_axis',(0.,1.,0.));
#2988=DIRECTION('ref_axis',(0.90630778703665,0.,0.4226182617407));
#2989=DIRECTION('',(-1.,0.,0.));
#2990=DIRECTION('',(1.,0.,0.));
#2991=DIRECTION('center_axis',(0.4226182617407,0.,-0.90630778703665));
#2992=DIRECTION('ref_axis',(-0.640856382055787,0.707106781186549,-0.298836238730119));
#2993=DIRECTION('center_axis',(0.,0.,1.));
#2994=DIRECTION('ref_axis',(-1.,6.91765093638549E-16,0.));
#2995=DIRECTION('',(0.422618261740699,0.,-0.90630778703665));
#2996=DIRECTION('center_axis',(0.,0.,-1.));
#2997=DIRECTION('ref_axis',(-1.,6.91765093638549E-16,0.));
#2998=DIRECTION('',(-0.4226182617407,0.,0.90630778703665));
#2999=DIRECTION('center_axis',(-0.90630778703665,-8.32667268468867E-17,
-0.4226182617407));
#3000=DIRECTION('ref_axis',(-7.54652829423871E-17,1.,-3.51900393608689E-17));
#3001=DIRECTION('',(-9.18746677871361E-17,1.,0.));
#3002=DIRECTION('',(-0.4226182617407,0.,0.90630778703665));
#3003=DIRECTION('',(9.18746677871361E-17,-1.,0.));
#3004=DIRECTION('center_axis',(0.4226182617407,0.,-0.90630778703665));
#3005=DIRECTION('ref_axis',(-0.640856382055789,-0.707106781186547,-0.29883623873012));
#3006=DIRECTION('center_axis',(0.,0.,1.));
#3007=DIRECTION('ref_axis',(-1.,5.03101886282581E-16,0.));
#3008=DIRECTION('',(0.4226182617407,0.,-0.90630778703665));
#3009=DIRECTION('center_axis',(0.,0.,-1.));
#3010=DIRECTION('ref_axis',(-1.,5.03101886282581E-16,0.));
#3011=DIRECTION('center_axis',(0.,-1.,0.));
#3012=DIRECTION('ref_axis',(-0.90630778703665,0.,-0.4226182617407));
#3013=DIRECTION('',(-1.,0.,0.));
#3014=DIRECTION('',(-0.4226182617407,0.,0.90630778703665));
#3015=DIRECTION('',(1.,0.,0.));
#3016=DIRECTION('center_axis',(0.4226182617407,0.,-0.90630778703665));
#3017=DIRECTION('ref_axis',(0.640856382055789,-0.707106781186547,0.29883623873012));
#3018=DIRECTION('center_axis',(0.,0.,1.));
#3019=DIRECTION('ref_axis',(1.,5.03101886282581E-16,0.));
#3020=DIRECTION('',(0.422618261740699,0.,-0.90630778703665));
#3021=DIRECTION('center_axis',(0.,0.,-1.));
#3022=DIRECTION('ref_axis',(1.,5.03101886282581E-16,0.));
#3023=DIRECTION('center_axis',(0.90630778703665,0.,0.4226182617407));
#3024=DIRECTION('ref_axis',(0.,-1.,0.));
#3025=DIRECTION('',(0.,-1.,0.));
#3026=DIRECTION('',(-0.422618261740699,0.,0.90630778703665));
#3027=DIRECTION('',(0.,1.,0.));
#3028=DIRECTION('center_axis',(0.4226182617407,0.,-0.90630778703665));
#3029=DIRECTION('ref_axis',(0.692204006170561,-0.645497224367902,0.322780029082903));
#3030=DIRECTION('center_axis',(0.,0.,1.));
#3031=DIRECTION('ref_axis',(1.,-3.77326414711936E-16,0.));
#3032=DIRECTION('',(0.422618261740699,0.,-0.90630778703665));
#3033=DIRECTION('center_axis',(0.,0.,-1.));
#3034=DIRECTION('ref_axis',(1.,-3.77326414711936E-16,0.));
#3035=DIRECTION('',(-0.4226182617407,0.,0.90630778703665));
#3036=DIRECTION('center_axis',(0.90630778703665,-4.44089209850063E-16,0.4226182617407));
#3037=DIRECTION('ref_axis',(-4.02481509026065E-16,-1.,-1.87680209924634E-16));
#3038=DIRECTION('',(-4.89998228198059E-16,-1.,0.));
#3039=DIRECTION('',(-0.422618261740699,0.,0.90630778703665));
#3040=DIRECTION('',(4.89998228198059E-16,1.,0.));
#3041=DIRECTION('center_axis',(0.4226182617407,0.,-0.90630778703665));
#3042=DIRECTION('ref_axis',(0.692204006170562,0.645497224367902,0.322780029082903));
#3043=DIRECTION('center_axis',(0.,0.,1.));
#3044=DIRECTION('ref_axis',(1.,-5.03101886282581E-16,0.));
#3045=DIRECTION('',(0.4226182617407,0.,-0.90630778703665));
#3046=DIRECTION('center_axis',(0.,0.,-1.));
#3047=DIRECTION('ref_axis',(1.,-5.03101886282581E-16,0.));
#3048=DIRECTION('center_axis',(0.4226182617407,0.,-0.90630778703665));
#3049=DIRECTION('ref_axis',(-8.04963018052129E-16,1.,-3.75360419849268E-16));
#3050=DIRECTION('center_axis',(0.,0.,-1.));
#3051=DIRECTION('ref_axis',(1.,8.04963018052129E-16,0.));
#3052=DIRECTION('center_axis',(0.,0.,1.));
#3053=DIRECTION('ref_axis',(1.,8.04963018052129E-16,0.));
#3054=DIRECTION('center_axis',(0.4226182617407,0.,-0.90630778703665));
#3055=DIRECTION('ref_axis',(0.640856382055787,0.707106781186549,0.298836238730119));
#3056=DIRECTION('center_axis',(0.,0.,1.));
#3057=DIRECTION('ref_axis',(1.,6.91765093638549E-16,0.));
#3058=DIRECTION('',(0.422618261740699,0.,-0.90630778703665));
#3059=DIRECTION('center_axis',(0.,0.,-1.));
#3060=DIRECTION('ref_axis',(1.,6.91765093638549E-16,0.));
#3061=DIRECTION('center_axis',(0.,1.,0.));
#3062=DIRECTION('ref_axis',(0.90630778703665,0.,0.4226182617407));
#3063=DIRECTION('',(-1.,0.,0.));
#3064=DIRECTION('',(1.,0.,0.));
#3065=DIRECTION('center_axis',(0.4226182617407,0.,-0.90630778703665));
#3066=DIRECTION('ref_axis',(-0.640856382055787,0.707106781186549,-0.298836238730119));
#3067=DIRECTION('center_axis',(0.,0.,1.));
#3068=DIRECTION('ref_axis',(-1.,6.91765093638549E-16,0.));
#3069=DIRECTION('',(0.4226182617407,0.,-0.90630778703665));
#3070=DIRECTION('center_axis',(0.,0.,-1.));
#3071=DIRECTION('ref_axis',(-1.,6.91765093638549E-16,0.));
#3072=DIRECTION('',(-0.4226182617407,0.,0.90630778703665));
#3073=DIRECTION('center_axis',(-0.90630778703665,-8.32667268468867E-17,
-0.4226182617407));
#3074=DIRECTION('ref_axis',(-7.54652829423871E-17,1.,-3.51900393608689E-17));
#3075=DIRECTION('',(-9.18746677871361E-17,1.,0.));
#3076=DIRECTION('',(-0.422618261740699,0.,0.90630778703665));
#3077=DIRECTION('',(9.18746677871361E-17,-1.,0.));
#3078=DIRECTION('center_axis',(0.4226182617407,0.,-0.90630778703665));
#3079=DIRECTION('ref_axis',(-0.640856382055789,-0.707106781186547,-0.29883623873012));
#3080=DIRECTION('center_axis',(0.,0.,1.));
#3081=DIRECTION('ref_axis',(-1.,5.03101886282581E-16,0.));
#3082=DIRECTION('',(0.4226182617407,0.,-0.90630778703665));
#3083=DIRECTION('center_axis',(0.,0.,-1.));
#3084=DIRECTION('ref_axis',(-1.,5.03101886282581E-16,0.));
#3085=DIRECTION('center_axis',(0.,-1.,0.));
#3086=DIRECTION('ref_axis',(-0.90630778703665,0.,-0.4226182617407));
#3087=DIRECTION('',(-1.,0.,0.));
#3088=DIRECTION('',(-0.4226182617407,0.,0.90630778703665));
#3089=DIRECTION('',(1.,0.,0.));
#3090=DIRECTION('center_axis',(0.4226182617407,0.,-0.90630778703665));
#3091=DIRECTION('ref_axis',(0.640856382055789,-0.707106781186547,0.29883623873012));
#3092=DIRECTION('center_axis',(0.,0.,1.));
#3093=DIRECTION('ref_axis',(1.,5.03101886282581E-16,0.));
#3094=DIRECTION('',(0.422618261740699,0.,-0.90630778703665));
#3095=DIRECTION('center_axis',(0.,0.,-1.));
#3096=DIRECTION('ref_axis',(1.,5.03101886282581E-16,0.));
#3097=DIRECTION('center_axis',(0.90630778703665,0.,0.4226182617407));
#3098=DIRECTION('ref_axis',(0.,-1.,0.));
#3099=DIRECTION('',(0.,-1.,0.));
#3100=DIRECTION('',(-0.422618261740699,0.,0.90630778703665));
#3101=DIRECTION('',(0.,1.,0.));
#3102=DIRECTION('center_axis',(0.4226182617407,0.,-0.90630778703665));
#3103=DIRECTION('ref_axis',(0.692204006170561,-0.645497224367902,0.322780029082903));
#3104=DIRECTION('center_axis',(0.,0.,1.));
#3105=DIRECTION('ref_axis',(1.,-3.77326414711936E-16,0.));
#3106=DIRECTION('',(0.422618261740699,0.,-0.90630778703665));
#3107=DIRECTION('center_axis',(0.,0.,-1.));
#3108=DIRECTION('ref_axis',(1.,-3.77326414711936E-16,0.));
#3109=DIRECTION('',(-0.4226182617407,0.,0.90630778703665));
#3110=DIRECTION('center_axis',(0.90630778703665,-4.44089209850063E-16,0.4226182617407));
#3111=DIRECTION('ref_axis',(-5.29388843556431E-16,-1.,8.44734472391562E-17));
#3112=DIRECTION('',(-4.89998228198059E-16,-1.,0.));
#3113=DIRECTION('',(-0.422618261740699,0.,0.90630778703665));
#3114=DIRECTION('',(4.89998228198059E-16,1.,0.));
#3115=DIRECTION('center_axis',(0.4226182617407,0.,-0.90630778703665));
#3116=DIRECTION('ref_axis',(0.692204006170562,0.645497224367902,0.322780029082903));
#3117=DIRECTION('center_axis',(0.,0.,1.));
#3118=DIRECTION('ref_axis',(1.,-5.03101886282581E-16,0.));
#3119=DIRECTION('',(0.4226182617407,0.,-0.90630778703665));
#3120=DIRECTION('center_axis',(0.,0.,-1.));
#3121=DIRECTION('ref_axis',(1.,-5.03101886282581E-16,0.));
#3122=DIRECTION('center_axis',(0.4226182617407,0.,-0.90630778703665));
#3123=DIRECTION('ref_axis',(-8.04963018052129E-16,1.,-3.75360419849268E-16));
#3124=DIRECTION('center_axis',(0.,0.,-1.));
#3125=DIRECTION('ref_axis',(1.,8.04963018052129E-16,0.));
#3126=DIRECTION('center_axis',(0.,0.,1.));
#3127=DIRECTION('ref_axis',(1.,8.04963018052129E-16,0.));
#3128=DIRECTION('center_axis',(0.4226182617407,0.,-0.90630778703665));
#3129=DIRECTION('ref_axis',(0.640856382055787,0.707106781186549,0.298836238730119));
#3130=DIRECTION('center_axis',(0.,0.,1.));
#3131=DIRECTION('ref_axis',(1.,6.91765093638549E-16,0.));
#3132=DIRECTION('',(0.422618261740699,0.,-0.90630778703665));
#3133=DIRECTION('center_axis',(0.,0.,-1.));
#3134=DIRECTION('ref_axis',(1.,6.91765093638549E-16,0.));
#3135=DIRECTION('center_axis',(0.,1.,0.));
#3136=DIRECTION('ref_axis',(0.90630778703665,0.,0.422618261740699));
#3137=DIRECTION('',(-1.,0.,0.));
#3138=DIRECTION('',(1.,0.,0.));
#3139=DIRECTION('center_axis',(0.4226182617407,0.,-0.90630778703665));
#3140=DIRECTION('ref_axis',(-0.640856382055787,0.707106781186549,-0.298836238730119));
#3141=DIRECTION('center_axis',(0.,0.,1.));
#3142=DIRECTION('ref_axis',(-1.,-5.03101886282581E-16,0.));
#3143=DIRECTION('',(0.4226182617407,0.,-0.90630778703665));
#3144=DIRECTION('center_axis',(0.,0.,-1.));
#3145=DIRECTION('ref_axis',(-1.,-5.03101886282581E-16,0.));
#3146=DIRECTION('',(-0.4226182617407,0.,0.90630778703665));
#3147=DIRECTION('center_axis',(-0.90630778703665,-8.32667268468867E-17,
-0.4226182617407));
#3148=DIRECTION('ref_axis',(-9.13286997586828E-17,1.,-1.17083221539508E-18));
#3149=DIRECTION('',(-9.18746677871361E-17,1.,0.));
#3150=DIRECTION('',(-0.4226182617407,0.,0.90630778703665));
#3151=DIRECTION('',(9.18746677871361E-17,-1.,0.));
#3152=DIRECTION('center_axis',(0.4226182617407,0.,-0.90630778703665));
#3153=DIRECTION('ref_axis',(-0.640856382055789,-0.707106781186547,-0.29883623873012));
#3154=DIRECTION('center_axis',(0.,0.,1.));
#3155=DIRECTION('ref_axis',(-1.,-6.28877357853226E-17,0.));
#3156=DIRECTION('',(0.422618261740699,0.,-0.90630778703665));
#3157=DIRECTION('center_axis',(0.,0.,-1.));
#3158=DIRECTION('ref_axis',(-1.,-6.28877357853226E-17,0.));
#3159=DIRECTION('center_axis',(0.,-1.,0.));
#3160=DIRECTION('ref_axis',(-0.90630778703665,0.,-0.4226182617407));
#3161=DIRECTION('',(-1.,0.,0.));
#3162=DIRECTION('',(-0.4226182617407,0.,0.90630778703665));
#3163=DIRECTION('',(1.,0.,0.));
#3164=DIRECTION('center_axis',(0.4226182617407,0.,-0.90630778703665));
#3165=DIRECTION('ref_axis',(0.640856382055789,-0.707106781186547,0.29883623873012));
#3166=DIRECTION('center_axis',(0.,0.,1.));
#3167=DIRECTION('ref_axis',(1.,5.03101886282581E-16,0.));
#3168=DIRECTION('',(0.4226182617407,0.,-0.90630778703665));
#3169=DIRECTION('center_axis',(0.,0.,-1.));
#3170=DIRECTION('ref_axis',(1.,5.03101886282581E-16,0.));
#3171=DIRECTION('center_axis',(0.90630778703665,0.,0.4226182617407));
#3172=DIRECTION('ref_axis',(0.,-1.,0.));
#3173=DIRECTION('',(0.,-1.,0.));
#3174=DIRECTION('',(-0.4226182617407,0.,0.90630778703665));
#3175=DIRECTION('',(0.,1.,0.));
#3176=DIRECTION('center_axis',(0.4226182617407,0.,-0.90630778703665));
#3177=DIRECTION('ref_axis',(0.692204006170562,-0.645497224367902,0.322780029082903));
#3178=DIRECTION('center_axis',(0.,0.,1.));
#3179=DIRECTION('ref_axis',(1.,-1.88663207355968E-16,0.));
#3180=DIRECTION('',(0.4226182617407,0.,-0.90630778703665));
#3181=DIRECTION('center_axis',(0.,0.,-1.));
#3182=DIRECTION('ref_axis',(1.,-1.88663207355968E-16,0.));
#3183=DIRECTION('',(-0.422618261740699,0.,0.90630778703665));
#3184=DIRECTION('center_axis',(0.90630778703665,-4.44089209850063E-16,0.4226182617407));
#3185=DIRECTION('ref_axis',(-4.65935176291248E-16,-1.,-5.16033813427391E-17));
#3186=DIRECTION('',(-4.89998228198059E-16,-1.,0.));
#3187=DIRECTION('',(-0.4226182617407,0.,0.90630778703665));
#3188=DIRECTION('',(4.89998228198059E-16,1.,0.));
#3189=DIRECTION('center_axis',(0.4226182617407,0.,-0.90630778703665));
#3190=DIRECTION('ref_axis',(0.692204006170561,0.645497224367902,0.322780029082903));
#3191=DIRECTION('center_axis',(0.,0.,1.));
#3192=DIRECTION('ref_axis',(1.,6.91765093638549E-16,0.));
#3193=DIRECTION('',(0.4226182617407,0.,-0.90630778703665));
#3194=DIRECTION('center_axis',(0.,0.,-1.));
#3195=DIRECTION('ref_axis',(1.,6.91765093638549E-16,0.));
#3196=DIRECTION('center_axis',(0.4226182617407,0.,-0.90630778703665));
#3197=DIRECTION('ref_axis',(-8.04963018052129E-16,1.,-3.75360419849268E-16));
#3198=DIRECTION('center_axis',(0.,0.,-1.));
#3199=DIRECTION('ref_axis',(1.,8.04963018052129E-16,0.));
#3200=DIRECTION('center_axis',(0.,0.,1.));
#3201=DIRECTION('ref_axis',(1.,8.04963018052129E-16,0.));
#3202=DIRECTION('center_axis',(0.4226182617407,0.,-0.90630778703665));
#3203=DIRECTION('ref_axis',(0.640856382055787,0.707106781186549,0.298836238730119));
#3204=DIRECTION('center_axis',(0.,0.,1.));
#3205=DIRECTION('ref_axis',(1.,6.91765093638549E-16,0.));
#3206=DIRECTION('',(0.4226182617407,0.,-0.90630778703665));
#3207=DIRECTION('center_axis',(0.,0.,-1.));
#3208=DIRECTION('ref_axis',(1.,6.91765093638549E-16,0.));
#3209=DIRECTION('center_axis',(0.,1.,0.));
#3210=DIRECTION('ref_axis',(0.90630778703665,0.,0.4226182617407));
#3211=DIRECTION('',(-1.,0.,0.));
#3212=DIRECTION('',(1.,0.,0.));
#3213=DIRECTION('center_axis',(-1.,0.,0.));
#3214=DIRECTION('ref_axis',(0.,-1.,0.));
#3215=DIRECTION('',(0.,-1.,0.));
#3216=DIRECTION('',(0.,0.,1.));
#3217=DIRECTION('',(0.,-1.,0.));
#3218=DIRECTION('',(0.,0.,1.));
#3219=DIRECTION('center_axis',(0.,1.,0.));
#3220=DIRECTION('ref_axis',(-1.,0.,0.));
#3221=DIRECTION('',(-1.,0.,0.));
#3222=DIRECTION('',(-1.,0.,0.));
#3223=DIRECTION('',(0.,0.,1.));
#3224=DIRECTION('center_axis',(1.,0.,0.));
#3225=DIRECTION('ref_axis',(0.,1.,0.));
#3226=DIRECTION('',(0.,1.,0.));
#3227=DIRECTION('',(0.,1.,0.));
#3228=DIRECTION('',(0.,0.,1.));
#3229=DIRECTION('center_axis',(0.,-1.,0.));
#3230=DIRECTION('ref_axis',(1.,0.,0.));
#3231=DIRECTION('',(1.,0.,0.));
#3232=DIRECTION('',(1.,0.,0.));
#3233=DIRECTION('center_axis',(0.,0.,1.));
#3234=DIRECTION('ref_axis',(1.,0.,0.));
#3235=DIRECTION('center_axis',(0.,0.,1.));
#3236=DIRECTION('ref_axis',(1.,0.,0.));
#3237=CARTESIAN_POINT('',(0.,0.,0.));
#3238=CARTESIAN_POINT('Origin',(175.,56.2916512459885,57.5));
#3239=CARTESIAN_POINT('',(167.649161218459,75.0555349946514,25.));
#3240=CARTESIAN_POINT('',(182.350838781541,75.0555349946514,25.));
#3241=CARTESIAN_POINT('Origin',(175.,75.0555349946514,25.));
#3242=CARTESIAN_POINT('',(167.649161218459,89.489291724392,0.));
#3243=CARTESIAN_POINT('',(167.649161218459,56.2916512459885,57.5));
#3244=CARTESIAN_POINT('',(182.350838781541,89.489291724392,0.));
#3245=CARTESIAN_POINT('Origin',(175.,89.489291724392,0.));
#3246=CARTESIAN_POINT('',(182.350838781541,56.2916512459885,57.5));
#3247=CARTESIAN_POINT('Origin',(182.350838781541,56.2916512459885,57.5));
#3248=CARTESIAN_POINT('',(182.350838781541,11.5470053837925,25.));
#3249=CARTESIAN_POINT('',(182.350838781541,53.1458256229943,25.));
#3250=CARTESIAN_POINT('',(182.350838781541,25.9807621135332,0.));
#3251=CARTESIAN_POINT('',(182.350838781541,53.1458256229943,0.));
#3252=CARTESIAN_POINT('',(182.350838781541,8.66025403784439,30.));
#3253=CARTESIAN_POINT('Origin',(175.,8.66025403784439,30.));
#3254=CARTESIAN_POINT('',(167.649161218459,11.5470053837925,25.));
#3255=CARTESIAN_POINT('Origin',(175.,11.5470053837925,25.));
#3256=CARTESIAN_POINT('',(167.649161218459,25.9807621135332,0.));
#3257=CARTESIAN_POINT('Origin',(175.,25.9807621135332,0.));
#3258=CARTESIAN_POINT('',(167.649161218459,8.66025403784439,30.));
#3259=CARTESIAN_POINT('Origin',(167.649161218459,8.66025403784439,30.));
#3260=CARTESIAN_POINT('',(167.649161218459,29.3301270189222,25.));
#3261=CARTESIAN_POINT('',(167.649161218459,29.3301270189222,0.));
#3262=CARTESIAN_POINT('Origin',(150.,56.2916512459885,57.5));
#3263=CARTESIAN_POINT('',(142.649161218459,75.0555349946514,25.));
#3264=CARTESIAN_POINT('',(157.350838781541,75.0555349946514,25.));
#3265=CARTESIAN_POINT('Origin',(150.,75.0555349946514,25.));
#3266=CARTESIAN_POINT('',(142.649161218459,89.489291724392,0.));
#3267=CARTESIAN_POINT('',(142.649161218459,56.2916512459885,57.5));
#3268=CARTESIAN_POINT('',(157.350838781541,89.489291724392,0.));
#3269=CARTESIAN_POINT('Origin',(150.,89.489291724392,0.));
#3270=CARTESIAN_POINT('',(157.350838781541,56.2916512459885,57.5));
#3271=CARTESIAN_POINT('Origin',(157.350838781541,56.2916512459885,57.5));
#3272=CARTESIAN_POINT('',(157.350838781541,11.5470053837925,25.));
#3273=CARTESIAN_POINT('',(157.350838781541,53.1458256229943,25.));
#3274=CARTESIAN_POINT('',(157.350838781541,25.9807621135332,0.));
#3275=CARTESIAN_POINT('',(157.350838781541,53.1458256229943,0.));
#3276=CARTESIAN_POINT('',(157.350838781541,8.66025403784439,30.));
#3277=CARTESIAN_POINT('Origin',(150.,8.66025403784439,30.));
#3278=CARTESIAN_POINT('',(142.649161218459,11.5470053837925,25.));
#3279=CARTESIAN_POINT('Origin',(150.,11.5470053837925,25.));
#3280=CARTESIAN_POINT('',(142.649161218459,25.9807621135332,0.));
#3281=CARTESIAN_POINT('Origin',(150.,25.9807621135332,0.));
#3282=CARTESIAN_POINT('',(142.649161218459,8.66025403784439,30.));
#3283=CARTESIAN_POINT('Origin',(142.649161218459,8.66025403784439,30.));
#3284=CARTESIAN_POINT('',(142.649161218459,29.3301270189222,25.));
#3285=CARTESIAN_POINT('',(142.649161218459,29.3301270189222,0.));
#3286=CARTESIAN_POINT('Origin',(125.,56.2916512459885,57.5));
#3287=CARTESIAN_POINT('',(117.649161218459,75.0555349946514,25.));
#3288=CARTESIAN_POINT('',(132.350838781541,75.0555349946514,25.));
#3289=CARTESIAN_POINT('Origin',(125.,75.0555349946514,25.));
#3290=CARTESIAN_POINT('',(117.649161218459,89.489291724392,0.));
#3291=CARTESIAN_POINT('',(117.649161218459,56.2916512459885,57.5));
#3292=CARTESIAN_POINT('',(132.350838781541,89.489291724392,0.));
#3293=CARTESIAN_POINT('Origin',(125.,89.489291724392,0.));
#3294=CARTESIAN_POINT('',(132.350838781541,56.2916512459885,57.5));
#3295=CARTESIAN_POINT('Origin',(132.350838781541,56.2916512459885,57.5));
#3296=CARTESIAN_POINT('',(132.350838781541,11.5470053837925,25.));
#3297=CARTESIAN_POINT('',(132.350838781541,53.1458256229943,25.));
#3298=CARTESIAN_POINT('',(132.350838781541,25.9807621135332,0.));
#3299=CARTESIAN_POINT('',(132.350838781541,53.1458256229943,0.));
#3300=CARTESIAN_POINT('',(132.350838781541,8.66025403784439,30.));
#3301=CARTESIAN_POINT('Origin',(125.,8.66025403784439,30.));
#3302=CARTESIAN_POINT('',(117.649161218459,11.5470053837925,25.));
#3303=CARTESIAN_POINT('Origin',(125.,11.5470053837925,25.));
#3304=CARTESIAN_POINT('',(117.649161218459,25.9807621135332,0.));
#3305=CARTESIAN_POINT('Origin',(125.,25.9807621135332,0.));
#3306=CARTESIAN_POINT('',(117.649161218459,8.66025403784439,30.));
#3307=CARTESIAN_POINT('Origin',(117.649161218459,8.66025403784439,30.));
#3308=CARTESIAN_POINT('',(117.649161218459,29.3301270189222,25.));
#3309=CARTESIAN_POINT('',(117.649161218459,29.3301270189222,0.));
#3310=CARTESIAN_POINT('Origin',(81.3441545092566,93.,27.9583278321849));
#3311=CARTESIAN_POINT('',(82.7236454327374,95.,25.));
#3312=CARTESIAN_POINT('',(80.5168895948125,93.,25.));
#3313=CARTESIAN_POINT('Origin',(82.7236454327374,93.,25.));
#3314=CARTESIAN_POINT('',(92.1745810486874,93.,0.));
#3315=CARTESIAN_POINT('',(79.5315389351832,93.,27.1130913087035));
#3316=CARTESIAN_POINT('',(94.3813368866124,95.,0.));
#3317=CARTESIAN_POINT('Origin',(94.3813368866124,93.,0.));
#3318=CARTESIAN_POINT('',(81.3441545092566,95.,27.9583278321849));
#3319=CARTESIAN_POINT('Origin',(79.5315389351832,55.,27.1130913087035));
#3320=CARTESIAN_POINT('',(80.5168895948125,57.,25.));
#3321=CARTESIAN_POINT('',(80.5168895948125,52.5,25.));
#3322=CARTESIAN_POINT('',(92.1745810486874,57.,0.));
#3323=CARTESIAN_POINT('',(79.5315389351832,57.,27.1130913087035));
#3324=CARTESIAN_POINT('',(92.1745810486874,52.5,0.));
#3325=CARTESIAN_POINT('Origin',(81.3441545092566,57.,27.9583278321849));
#3326=CARTESIAN_POINT('',(82.7236454327374,55.,25.));
#3327=CARTESIAN_POINT('Origin',(82.7236454327374,57.,25.));
#3328=CARTESIAN_POINT('',(94.3813368866124,55.,0.));
#3329=CARTESIAN_POINT('',(81.3441545092566,55.,27.9583278321849));
#3330=CARTESIAN_POINT('Origin',(94.3813368866124,57.,0.));
#3331=CARTESIAN_POINT('Origin',(97.6576946759162,55.,35.5654565435175));
#3332=CARTESIAN_POINT('',(100.377692136137,55.,25.));
#3333=CARTESIAN_POINT('',(98.8288473379581,55.,25.));
#3334=CARTESIAN_POINT('',(112.035383590012,55.,0.));
#3335=CARTESIAN_POINT('',(95.8450791018429,55.,34.7202200200361));
#3336=CARTESIAN_POINT('',(98.8288473379581,55.,0.));
#3337=CARTESIAN_POINT('Origin',(95.8450791018429,57.,34.7202200200361));
#3338=CARTESIAN_POINT('',(102.584447974062,57.,25.));
#3339=CARTESIAN_POINT('Origin',(100.377692136137,57.,25.));
#3340=CARTESIAN_POINT('',(114.242139427937,57.,0.));
#3341=CARTESIAN_POINT('',(97.6576946759162,57.,35.5654565435175));
#3342=CARTESIAN_POINT('Origin',(112.035383590012,57.,0.));
#3343=CARTESIAN_POINT('Origin',(97.6576946759162,65.,35.5654565435175));
#3344=CARTESIAN_POINT('',(102.584447974062,63.1678404338008,25.));
#3345=CARTESIAN_POINT('',(102.584447974062,57.5,25.));
#3346=CARTESIAN_POINT('',(114.242139427937,63.1678404338008,0.));
#3347=CARTESIAN_POINT('',(97.6576946759162,63.1678404338008,35.5654565435175));
#3348=CARTESIAN_POINT('',(114.242139427937,57.5,0.));
#3349=CARTESIAN_POINT('Origin',(95.8450791018429,86.8321595661992,34.7202200200361));
#3350=CARTESIAN_POINT('',(100.745484775791,84.8601329718327,25.));
#3351=CARTESIAN_POINT('',(102.584447974062,86.8321595661992,25.));
#3352=CARTESIAN_POINT('Origin',(100.377692136137,86.8321595661992,25.));
#3353=CARTESIAN_POINT('',(114.242139427937,86.8321595661992,0.));
#3354=CARTESIAN_POINT('',(97.6576946759162,86.8321595661992,35.5654565435175));
#3355=CARTESIAN_POINT('',(112.403176229666,84.8601329718327,0.));
#3356=CARTESIAN_POINT('Origin',(112.035383590012,86.8321595661992,0.));
#3357=CARTESIAN_POINT('',(96.1471816975218,84.8601329718327,34.8610927739497));
#3358=CARTESIAN_POINT('Origin',(97.6576946759162,95.,35.5654565435175));
#3359=CARTESIAN_POINT('',(102.584447974062,93.,25.));
#3360=CARTESIAN_POINT('',(102.584447974062,72.5,25.));
#3361=CARTESIAN_POINT('',(114.242139427937,93.,0.));
#3362=CARTESIAN_POINT('',(97.6576946759162,93.,35.5654565435175));
#3363=CARTESIAN_POINT('',(114.242139427937,72.5,0.));
#3364=CARTESIAN_POINT('Origin',(95.8450791018429,63.1678404338008,34.7202200200361));
#3365=CARTESIAN_POINT('',(100.745484775791,65.1398670281673,25.));
#3366=CARTESIAN_POINT('Origin',(100.377692136137,63.1678404338008,25.));
#3367=CARTESIAN_POINT('',(112.403176229666,65.1398670281673,0.));
#3368=CARTESIAN_POINT('',(96.1471816975218,65.1398670281673,34.8610927739497));
#3369=CARTESIAN_POINT('Origin',(112.035383590012,63.1678404338008,0.));
#3370=CARTESIAN_POINT('Origin',(97.6576946759162,75.,35.5654565435175));
#3371=CARTESIAN_POINT('Origin',(114.242139427937,75.,0.));
#3372=CARTESIAN_POINT('Origin',(102.584447974062,75.,25.));
#3373=CARTESIAN_POINT('Origin',(95.8450791018429,93.,34.7202200200361));
#3374=CARTESIAN_POINT('',(100.377692136137,95.,25.));
#3375=CARTESIAN_POINT('Origin',(100.377692136137,93.,25.));
#3376=CARTESIAN_POINT('',(112.035383590012,95.,0.));
#3377=CARTESIAN_POINT('',(95.8450791018429,95.,34.7202200200361));
#3378=CARTESIAN_POINT('Origin',(112.035383590012,93.,0.));
#3379=CARTESIAN_POINT('Origin',(79.5315389351832,95.,27.1130913087035));
#3380=CARTESIAN_POINT('',(89.7657694675916,95.,0.));
#3381=CARTESIAN_POINT('',(89.7657694675916,95.,25.));
#3382=CARTESIAN_POINT('Origin',(56.3441545092565,93.,27.9583278321849));
#3383=CARTESIAN_POINT('',(57.7236454327374,95.,25.));
#3384=CARTESIAN_POINT('',(55.5168895948125,93.,25.));
#3385=CARTESIAN_POINT('Origin',(57.7236454327374,93.,25.));
#3386=CARTESIAN_POINT('',(67.1745810486874,93.,-1.11022302462516E-15));
#3387=CARTESIAN_POINT('',(54.5315389351832,93.,27.1130913087035));
#3388=CARTESIAN_POINT('',(69.3813368866124,95.,0.));
#3389=CARTESIAN_POINT('Origin',(69.3813368866124,93.,0.));
#3390=CARTESIAN_POINT('',(56.3441545092565,95.,27.9583278321849));
#3391=CARTESIAN_POINT('Origin',(54.5315389351832,55.,27.1130913087035));
#3392=CARTESIAN_POINT('',(55.5168895948125,57.,25.));
#3393=CARTESIAN_POINT('',(55.5168895948125,52.5,25.));
#3394=CARTESIAN_POINT('',(67.1745810486874,57.,-1.11022302462516E-15));
#3395=CARTESIAN_POINT('',(54.5315389351832,57.,27.1130913087035));
#3396=CARTESIAN_POINT('',(67.1745810486874,52.5,-1.11022302462516E-15));
#3397=CARTESIAN_POINT('Origin',(56.3441545092565,57.,27.9583278321849));
#3398=CARTESIAN_POINT('',(57.7236454327374,55.,25.));
#3399=CARTESIAN_POINT('Origin',(57.7236454327374,57.,25.));
#3400=CARTESIAN_POINT('',(69.3813368866124,55.,0.));
#3401=CARTESIAN_POINT('',(56.3441545092565,55.,27.9583278321849));
#3402=CARTESIAN_POINT('Origin',(69.3813368866124,57.,0.));
#3403=CARTESIAN_POINT('Origin',(72.6576946759162,55.,35.5654565435175));
#3404=CARTESIAN_POINT('',(75.3776921361373,55.,25.));
#3405=CARTESIAN_POINT('',(86.3288473379581,55.,25.));
#3406=CARTESIAN_POINT('',(87.0353835900123,55.,0.));
#3407=CARTESIAN_POINT('',(70.8450791018429,55.,34.7202200200361));
#3408=CARTESIAN_POINT('',(86.3288473379581,55.,0.));
#3409=CARTESIAN_POINT('Origin',(70.8450791018429,57.,34.7202200200361));
#3410=CARTESIAN_POINT('',(77.5844479740623,57.,25.));
#3411=CARTESIAN_POINT('Origin',(75.3776921361373,57.,25.));
#3412=CARTESIAN_POINT('',(89.2421394279373,57.,0.));
#3413=CARTESIAN_POINT('',(72.6576946759162,57.,35.5654565435175));
#3414=CARTESIAN_POINT('Origin',(87.0353835900123,57.,0.));
#3415=CARTESIAN_POINT('Origin',(72.6576946759162,65.,35.5654565435175));
#3416=CARTESIAN_POINT('',(77.5844479740623,63.1678404338008,25.));
#3417=CARTESIAN_POINT('',(77.5844479740623,57.5,25.));
#3418=CARTESIAN_POINT('',(89.2421394279373,63.1678404338008,0.));
#3419=CARTESIAN_POINT('',(72.6576946759162,63.1678404338008,35.5654565435175));
#3420=CARTESIAN_POINT('',(89.2421394279373,57.5,0.));
#3421=CARTESIAN_POINT('Origin',(70.8450791018429,86.8321595661992,34.7202200200361));
#3422=CARTESIAN_POINT('',(75.7454847757915,84.8601329718327,25.));
#3423=CARTESIAN_POINT('',(77.5844479740623,86.8321595661992,25.));
#3424=CARTESIAN_POINT('Origin',(75.3776921361373,86.8321595661992,25.));
#3425=CARTESIAN_POINT('',(89.2421394279373,86.8321595661992,0.));
#3426=CARTESIAN_POINT('',(72.6576946759162,86.8321595661992,35.5654565435175));
#3427=CARTESIAN_POINT('',(87.4031762296664,84.8601329718327,0.));
#3428=CARTESIAN_POINT('Origin',(87.0353835900123,86.8321595661992,0.));
#3429=CARTESIAN_POINT('',(71.1471816975218,84.8601329718327,34.8610927739497));
#3430=CARTESIAN_POINT('Origin',(72.6576946759162,95.,35.5654565435175));
#3431=CARTESIAN_POINT('',(77.5844479740623,93.,25.));
#3432=CARTESIAN_POINT('',(77.5844479740623,72.5,25.));
#3433=CARTESIAN_POINT('',(89.2421394279373,93.,0.));
#3434=CARTESIAN_POINT('',(72.6576946759162,93.,35.5654565435175));
#3435=CARTESIAN_POINT('',(89.2421394279373,72.5,0.));
#3436=CARTESIAN_POINT('Origin',(70.8450791018429,63.1678404338008,34.7202200200361));
#3437=CARTESIAN_POINT('',(75.7454847757915,65.1398670281673,25.));
#3438=CARTESIAN_POINT('Origin',(75.3776921361373,63.1678404338008,25.));
#3439=CARTESIAN_POINT('',(87.4031762296664,65.1398670281673,0.));
#3440=CARTESIAN_POINT('',(71.1471816975218,65.1398670281673,34.8610927739497));
#3441=CARTESIAN_POINT('Origin',(87.0353835900123,63.1678404338008,0.));
#3442=CARTESIAN_POINT('Origin',(72.6576946759162,75.,35.5654565435175));
#3443=CARTESIAN_POINT('Origin',(89.2421394279373,75.,0.));
#3444=CARTESIAN_POINT('Origin',(77.5844479740623,75.,25.));
#3445=CARTESIAN_POINT('Origin',(70.8450791018429,93.,34.7202200200361));
#3446=CARTESIAN_POINT('',(75.3776921361373,95.,25.));
#3447=CARTESIAN_POINT('Origin',(75.3776921361373,93.,25.));
#3448=CARTESIAN_POINT('',(87.0353835900123,95.,0.));
#3449=CARTESIAN_POINT('',(70.8450791018429,95.,34.7202200200361));
#3450=CARTESIAN_POINT('Origin',(87.0353835900123,93.,0.));
#3451=CARTESIAN_POINT('Origin',(54.5315389351832,95.,27.1130913087035));
#3452=CARTESIAN_POINT('',(77.2657694675916,95.,0.));
#3453=CARTESIAN_POINT('',(77.2657694675916,95.,25.));
#3454=CARTESIAN_POINT('Origin',(31.3441545092565,93.,27.9583278321849));
#3455=CARTESIAN_POINT('',(32.7236454327374,95.,25.));
#3456=CARTESIAN_POINT('',(30.5168895948125,93.,25.));
#3457=CARTESIAN_POINT('Origin',(32.7236454327374,93.,25.));
#3458=CARTESIAN_POINT('',(42.1745810486874,93.,-2.77555756156289E-16));
#3459=CARTESIAN_POINT('',(29.5315389351832,93.,27.1130913087035));
#3460=CARTESIAN_POINT('',(44.3813368866124,95.,0.));
#3461=CARTESIAN_POINT('Origin',(44.3813368866124,93.,0.));
#3462=CARTESIAN_POINT('',(31.3441545092565,95.,27.9583278321849));
#3463=CARTESIAN_POINT('Origin',(29.5315389351832,55.,27.1130913087035));
#3464=CARTESIAN_POINT('',(30.5168895948125,57.,25.));
#3465=CARTESIAN_POINT('',(30.5168895948125,52.5,25.));
#3466=CARTESIAN_POINT('',(42.1745810486874,57.,-2.77555756156289E-16));
#3467=CARTESIAN_POINT('',(29.5315389351832,57.,27.1130913087035));
#3468=CARTESIAN_POINT('',(42.1745810486874,52.5,-2.77555756156289E-16));
#3469=CARTESIAN_POINT('Origin',(31.3441545092565,57.,27.9583278321849));
#3470=CARTESIAN_POINT('',(32.7236454327374,55.,25.));
#3471=CARTESIAN_POINT('Origin',(32.7236454327374,57.,25.));
#3472=CARTESIAN_POINT('',(44.3813368866124,55.,0.));
#3473=CARTESIAN_POINT('',(31.3441545092565,55.,27.9583278321849));
#3474=CARTESIAN_POINT('Origin',(44.3813368866124,57.,0.));
#3475=CARTESIAN_POINT('Origin',(47.6576946759162,55.,35.5654565435175));
#3476=CARTESIAN_POINT('',(50.3776921361373,55.,25.));
#3477=CARTESIAN_POINT('',(73.8288473379581,55.,25.));
#3478=CARTESIAN_POINT('',(62.0353835900123,55.,0.));
#3479=CARTESIAN_POINT('',(45.8450791018429,55.,34.7202200200361));
#3480=CARTESIAN_POINT('',(73.8288473379581,55.,0.));
#3481=CARTESIAN_POINT('Origin',(45.8450791018429,57.,34.7202200200361));
#3482=CARTESIAN_POINT('',(52.5844479740623,57.,25.));
#3483=CARTESIAN_POINT('Origin',(50.3776921361373,57.,25.));
#3484=CARTESIAN_POINT('',(64.2421394279373,57.,0.));
#3485=CARTESIAN_POINT('',(47.6576946759162,57.,35.5654565435175));
#3486=CARTESIAN_POINT('Origin',(62.0353835900123,57.,0.));
#3487=CARTESIAN_POINT('Origin',(47.6576946759162,65.,35.5654565435175));
#3488=CARTESIAN_POINT('',(52.5844479740623,63.1678404338008,25.));
#3489=CARTESIAN_POINT('',(52.5844479740623,57.5,25.));
#3490=CARTESIAN_POINT('',(64.2421394279373,63.1678404338008,0.));
#3491=CARTESIAN_POINT('',(47.6576946759162,63.1678404338008,35.5654565435175));
#3492=CARTESIAN_POINT('',(64.2421394279373,57.5,0.));
#3493=CARTESIAN_POINT('Origin',(45.8450791018429,86.8321595661992,34.7202200200361));
#3494=CARTESIAN_POINT('',(50.7454847757915,84.8601329718327,25.));
#3495=CARTESIAN_POINT('',(52.5844479740623,86.8321595661992,25.));
#3496=CARTESIAN_POINT('Origin',(50.3776921361373,86.8321595661992,25.));
#3497=CARTESIAN_POINT('',(64.2421394279373,86.8321595661992,0.));
#3498=CARTESIAN_POINT('',(47.6576946759162,86.8321595661992,35.5654565435175));
#3499=CARTESIAN_POINT('',(62.4031762296664,84.8601329718327,0.));
#3500=CARTESIAN_POINT('Origin',(62.0353835900123,86.8321595661992,0.));
#3501=CARTESIAN_POINT('',(46.1471816975218,84.8601329718327,34.8610927739497));
#3502=CARTESIAN_POINT('Origin',(47.6576946759162,95.,35.5654565435175));
#3503=CARTESIAN_POINT('',(52.5844479740623,93.,25.));
#3504=CARTESIAN_POINT('',(52.5844479740623,72.5,25.));
#3505=CARTESIAN_POINT('',(64.2421394279373,93.,0.));
#3506=CARTESIAN_POINT('',(47.6576946759162,93.,35.5654565435175));
#3507=CARTESIAN_POINT('',(64.2421394279373,72.5,0.));
#3508=CARTESIAN_POINT('Origin',(45.8450791018429,63.1678404338008,34.7202200200361));
#3509=CARTESIAN_POINT('',(50.7454847757915,65.1398670281673,25.));
#3510=CARTESIAN_POINT('Origin',(50.3776921361373,63.1678404338008,25.));
#3511=CARTESIAN_POINT('',(62.4031762296664,65.1398670281673,0.));
#3512=CARTESIAN_POINT('',(46.1471816975218,65.1398670281673,34.8610927739497));
#3513=CARTESIAN_POINT('Origin',(62.0353835900123,63.1678404338008,0.));
#3514=CARTESIAN_POINT('Origin',(47.6576946759162,75.,35.5654565435175));
#3515=CARTESIAN_POINT('Origin',(64.2421394279373,75.,0.));
#3516=CARTESIAN_POINT('Origin',(52.5844479740623,75.,25.));
#3517=CARTESIAN_POINT('Origin',(45.8450791018429,93.,34.7202200200361));
#3518=CARTESIAN_POINT('',(50.3776921361373,95.,25.));
#3519=CARTESIAN_POINT('Origin',(50.3776921361373,93.,25.));
#3520=CARTESIAN_POINT('',(62.0353835900123,95.,0.));
#3521=CARTESIAN_POINT('',(45.8450791018429,95.,34.7202200200361));
#3522=CARTESIAN_POINT('Origin',(62.0353835900123,93.,0.));
#3523=CARTESIAN_POINT('Origin',(29.5315389351832,95.,27.1130913087035));
#3524=CARTESIAN_POINT('',(64.7657694675916,95.,0.));
#3525=CARTESIAN_POINT('',(64.7657694675916,95.,25.));
#3526=CARTESIAN_POINT('Origin',(6.34415450925655,93.,27.9583278321849));
#3527=CARTESIAN_POINT('',(7.72364543273744,95.,25.));
#3528=CARTESIAN_POINT('',(5.51688959481246,93.,25.));
#3529=CARTESIAN_POINT('Origin',(7.72364543273744,93.,25.));
#3530=CARTESIAN_POINT('',(17.1745810486874,93.,0.));
#3531=CARTESIAN_POINT('',(4.53153893518325,93.,27.1130913087035));
#3532=CARTESIAN_POINT('',(19.3813368866124,95.,0.));
#3533=CARTESIAN_POINT('Origin',(19.3813368866124,93.,0.));
#3534=CARTESIAN_POINT('',(6.34415450925655,95.,27.9583278321849));
#3535=CARTESIAN_POINT('Origin',(4.53153893518325,55.,27.1130913087035));
#3536=CARTESIAN_POINT('',(5.51688959481246,57.,25.));
#3537=CARTESIAN_POINT('',(5.51688959481246,52.5,25.));
#3538=CARTESIAN_POINT('',(17.1745810486874,57.,0.));
#3539=CARTESIAN_POINT('',(4.53153893518325,57.,27.1130913087035));
#3540=CARTESIAN_POINT('',(17.1745810486874,52.5,0.));
#3541=CARTESIAN_POINT('Origin',(6.34415450925655,57.,27.9583278321849));
#3542=CARTESIAN_POINT('',(7.72364543273744,55.,25.));
#3543=CARTESIAN_POINT('Origin',(7.72364543273744,57.,25.));
#3544=CARTESIAN_POINT('',(19.3813368866124,55.,0.));
#3545=CARTESIAN_POINT('',(6.34415450925655,55.,27.9583278321849));
#3546=CARTESIAN_POINT('Origin',(19.3813368866124,57.,0.));
#3547=CARTESIAN_POINT('Origin',(22.6576946759162,55.,35.5654565435175));
#3548=CARTESIAN_POINT('',(25.3776921361373,55.,25.));
#3549=CARTESIAN_POINT('',(61.3288473379581,55.,25.));
#3550=CARTESIAN_POINT('',(37.0353835900123,55.,0.));
#3551=CARTESIAN_POINT('',(20.8450791018429,55.,34.7202200200361));
#3552=CARTESIAN_POINT('',(61.3288473379581,55.,0.));
#3553=CARTESIAN_POINT('Origin',(20.8450791018429,57.,34.7202200200361));
#3554=CARTESIAN_POINT('',(27.5844479740623,57.,25.));
#3555=CARTESIAN_POINT('Origin',(25.3776921361373,57.,25.));
#3556=CARTESIAN_POINT('',(39.2421394279373,57.,-1.11022302462516E-15));
#3557=CARTESIAN_POINT('',(22.6576946759162,57.,35.5654565435175));
#3558=CARTESIAN_POINT('Origin',(37.0353835900123,57.,0.));
#3559=CARTESIAN_POINT('Origin',(22.6576946759162,65.,35.5654565435175));
#3560=CARTESIAN_POINT('',(27.5844479740623,63.1678404338008,25.));
#3561=CARTESIAN_POINT('',(27.5844479740623,57.5,25.));
#3562=CARTESIAN_POINT('',(39.2421394279373,63.1678404338008,-1.11022302462516E-15));
#3563=CARTESIAN_POINT('',(22.6576946759162,63.1678404338008,35.5654565435175));
#3564=CARTESIAN_POINT('',(39.2421394279373,57.5,-1.11022302462516E-15));
#3565=CARTESIAN_POINT('Origin',(20.8450791018429,86.8321595661992,34.7202200200361));
#3566=CARTESIAN_POINT('',(25.7454847757915,84.8601329718327,25.));
#3567=CARTESIAN_POINT('',(27.5844479740623,86.8321595661992,25.));
#3568=CARTESIAN_POINT('Origin',(25.3776921361373,86.8321595661992,25.));
#3569=CARTESIAN_POINT('',(39.2421394279373,86.8321595661992,0.));
#3570=CARTESIAN_POINT('',(22.6576946759162,86.8321595661992,35.5654565435175));
#3571=CARTESIAN_POINT('',(37.4031762296664,84.8601329718327,0.));
#3572=CARTESIAN_POINT('Origin',(37.0353835900123,86.8321595661992,0.));
#3573=CARTESIAN_POINT('',(21.1471816975218,84.8601329718327,34.8610927739497));
#3574=CARTESIAN_POINT('Origin',(22.6576946759162,95.,35.5654565435175));
#3575=CARTESIAN_POINT('',(27.5844479740623,93.,25.));
#3576=CARTESIAN_POINT('',(27.5844479740623,72.5,25.));
#3577=CARTESIAN_POINT('',(39.2421394279373,93.,0.));
#3578=CARTESIAN_POINT('',(22.6576946759162,93.,35.5654565435175));
#3579=CARTESIAN_POINT('',(39.2421394279372,72.5,0.));
#3580=CARTESIAN_POINT('Origin',(20.8450791018429,63.1678404338008,34.7202200200361));
#3581=CARTESIAN_POINT('',(25.7454847757915,65.1398670281673,25.));
#3582=CARTESIAN_POINT('Origin',(25.3776921361373,63.1678404338008,25.));
#3583=CARTESIAN_POINT('',(37.4031762296664,65.1398670281673,0.));
#3584=CARTESIAN_POINT('',(21.1471816975218,65.1398670281673,34.8610927739497));
#3585=CARTESIAN_POINT('Origin',(37.0353835900123,63.1678404338008,0.));
#3586=CARTESIAN_POINT('Origin',(22.6576946759163,75.,35.5654565435175));
#3587=CARTESIAN_POINT('Origin',(39.2421394279373,75.,0.));
#3588=CARTESIAN_POINT('Origin',(27.5844479740623,75.,25.));
#3589=CARTESIAN_POINT('Origin',(20.8450791018429,93.,34.7202200200361));
#3590=CARTESIAN_POINT('',(25.3776921361373,95.,25.));
#3591=CARTESIAN_POINT('Origin',(25.3776921361373,93.,25.));
#3592=CARTESIAN_POINT('',(37.0353835900123,95.,0.));
#3593=CARTESIAN_POINT('',(20.8450791018429,95.,34.7202200200361));
#3594=CARTESIAN_POINT('Origin',(37.0353835900123,93.,0.));
#3595=CARTESIAN_POINT('Origin',(4.53153893518325,95.,27.1130913087035));
#3596=CARTESIAN_POINT('',(52.2657694675916,95.,0.));
#3597=CARTESIAN_POINT('',(52.2657694675916,95.,25.));
#3598=CARTESIAN_POINT('Origin',(81.3441545092566,43.,27.9583278321849));
#3599=CARTESIAN_POINT('',(82.7236454327374,45.,25.));
#3600=CARTESIAN_POINT('',(80.5168895948125,43.,25.));
#3601=CARTESIAN_POINT('Origin',(82.7236454327374,43.,25.));
#3602=CARTESIAN_POINT('',(92.1745810486874,43.,0.));
#3603=CARTESIAN_POINT('',(79.5315389351832,43.,27.1130913087035));
#3604=CARTESIAN_POINT('',(94.3813368866124,45.,0.));
#3605=CARTESIAN_POINT('Origin',(94.3813368866124,43.,0.));
#3606=CARTESIAN_POINT('',(81.3441545092566,45.,27.9583278321849));
#3607=CARTESIAN_POINT('Origin',(79.5315389351832,5.,27.1130913087035));
#3608=CARTESIAN_POINT('',(80.5168895948125,7.,25.));
#3609=CARTESIAN_POINT('',(80.5168895948125,27.5,25.));
#3610=CARTESIAN_POINT('',(92.1745810486874,7.,0.));
#3611=CARTESIAN_POINT('',(79.5315389351832,7.,27.1130913087035));
#3612=CARTESIAN_POINT('',(92.1745810486874,27.5,0.));
#3613=CARTESIAN_POINT('Origin',(81.3441545092566,7.,27.9583278321849));
#3614=CARTESIAN_POINT('',(82.7236454327374,5.,25.));
#3615=CARTESIAN_POINT('Origin',(82.7236454327374,7.,25.));
#3616=CARTESIAN_POINT('',(94.3813368866124,5.,0.));
#3617=CARTESIAN_POINT('',(81.3441545092566,5.,27.9583278321849));
#3618=CARTESIAN_POINT('Origin',(94.3813368866124,7.,0.));
#3619=CARTESIAN_POINT('Origin',(97.6576946759162,5.,35.5654565435175));
#3620=CARTESIAN_POINT('',(100.377692136137,5.,25.));
#3621=CARTESIAN_POINT('',(98.8288473379581,5.,25.));
#3622=CARTESIAN_POINT('',(112.035383590012,5.,0.));
#3623=CARTESIAN_POINT('',(95.8450791018429,5.,34.7202200200361));
#3624=CARTESIAN_POINT('',(98.8288473379581,5.,0.));
#3625=CARTESIAN_POINT('Origin',(95.8450791018429,7.,34.7202200200361));
#3626=CARTESIAN_POINT('',(102.584447974062,7.,25.));
#3627=CARTESIAN_POINT('Origin',(100.377692136137,7.,25.));
#3628=CARTESIAN_POINT('',(114.242139427937,7.,0.));
#3629=CARTESIAN_POINT('',(97.6576946759162,7.,35.5654565435175));
#3630=CARTESIAN_POINT('Origin',(112.035383590012,7.,0.));
#3631=CARTESIAN_POINT('Origin',(97.6576946759162,15.,35.5654565435175));
#3632=CARTESIAN_POINT('',(102.584447974062,13.1678404338008,25.));
#3633=CARTESIAN_POINT('',(102.584447974062,32.5,25.));
#3634=CARTESIAN_POINT('',(114.242139427937,13.1678404338008,0.));
#3635=CARTESIAN_POINT('',(97.6576946759162,13.1678404338008,35.5654565435175));
#3636=CARTESIAN_POINT('',(114.242139427937,32.5,0.));
#3637=CARTESIAN_POINT('Origin',(95.8450791018429,36.8321595661992,34.7202200200361));
#3638=CARTESIAN_POINT('',(100.745484775791,34.8601329718327,25.));
#3639=CARTESIAN_POINT('',(102.584447974062,36.8321595661992,25.));
#3640=CARTESIAN_POINT('Origin',(100.377692136137,36.8321595661992,25.));
#3641=CARTESIAN_POINT('',(114.242139427937,36.8321595661992,0.));
#3642=CARTESIAN_POINT('',(97.6576946759162,36.8321595661992,35.5654565435175));
#3643=CARTESIAN_POINT('',(112.403176229666,34.8601329718327,0.));
#3644=CARTESIAN_POINT('Origin',(112.035383590012,36.8321595661992,0.));
#3645=CARTESIAN_POINT('',(96.1471816975218,34.8601329718327,34.8610927739497));
#3646=CARTESIAN_POINT('Origin',(97.6576946759162,45.,35.5654565435175));
#3647=CARTESIAN_POINT('',(102.584447974062,43.,25.));
#3648=CARTESIAN_POINT('',(102.584447974062,47.5,25.));
#3649=CARTESIAN_POINT('',(114.242139427937,43.,0.));
#3650=CARTESIAN_POINT('',(97.6576946759162,43.,35.5654565435175));
#3651=CARTESIAN_POINT('',(114.242139427937,47.5,0.));
#3652=CARTESIAN_POINT('Origin',(95.8450791018429,13.1678404338008,34.7202200200361));
#3653=CARTESIAN_POINT('',(100.745484775791,15.1398670281673,25.));
#3654=CARTESIAN_POINT('Origin',(100.377692136137,13.1678404338008,25.));
#3655=CARTESIAN_POINT('',(112.403176229666,15.1398670281673,0.));
#3656=CARTESIAN_POINT('',(96.1471816975218,15.1398670281673,34.8610927739497));
#3657=CARTESIAN_POINT('Origin',(112.035383590012,13.1678404338008,0.));
#3658=CARTESIAN_POINT('Origin',(97.6576946759162,25.,35.5654565435175));
#3659=CARTESIAN_POINT('Origin',(114.242139427937,25.,0.));
#3660=CARTESIAN_POINT('Origin',(102.584447974062,25.,25.));
#3661=CARTESIAN_POINT('Origin',(95.8450791018429,43.,34.7202200200361));
#3662=CARTESIAN_POINT('',(100.377692136137,45.,25.));
#3663=CARTESIAN_POINT('Origin',(100.377692136137,43.,25.));
#3664=CARTESIAN_POINT('',(112.035383590012,45.,0.));
#3665=CARTESIAN_POINT('',(95.8450791018429,45.,34.7202200200361));
#3666=CARTESIAN_POINT('Origin',(112.035383590012,43.,0.));
#3667=CARTESIAN_POINT('Origin',(79.5315389351832,45.,27.1130913087035));
#3668=CARTESIAN_POINT('',(89.7657694675916,45.,0.));
#3669=CARTESIAN_POINT('',(89.7657694675916,45.,25.));
#3670=CARTESIAN_POINT('Origin',(56.3441545092565,43.,27.9583278321849));
#3671=CARTESIAN_POINT('',(57.7236454327374,45.,25.));
#3672=CARTESIAN_POINT('',(55.5168895948125,43.,25.));
#3673=CARTESIAN_POINT('Origin',(57.7236454327374,43.,25.));
#3674=CARTESIAN_POINT('',(67.1745810486874,43.,-1.11022302462516E-15));
#3675=CARTESIAN_POINT('',(54.5315389351832,43.,27.1130913087035));
#3676=CARTESIAN_POINT('',(69.3813368866124,45.,0.));
#3677=CARTESIAN_POINT('Origin',(69.3813368866124,43.,0.));
#3678=CARTESIAN_POINT('',(56.3441545092565,45.,27.9583278321849));
#3679=CARTESIAN_POINT('Origin',(54.5315389351832,5.,27.1130913087035));
#3680=CARTESIAN_POINT('',(55.5168895948125,7.,25.));
#3681=CARTESIAN_POINT('',(55.5168895948125,27.5,25.));
#3682=CARTESIAN_POINT('',(67.1745810486874,7.,-1.11022302462516E-15));
#3683=CARTESIAN_POINT('',(54.5315389351832,7.,27.1130913087035));
#3684=CARTESIAN_POINT('',(67.1745810486874,27.5,-1.11022302462516E-15));
#3685=CARTESIAN_POINT('Origin',(56.3441545092565,7.,27.9583278321849));
#3686=CARTESIAN_POINT('',(57.7236454327374,5.,25.));
#3687=CARTESIAN_POINT('Origin',(57.7236454327374,7.,25.));
#3688=CARTESIAN_POINT('',(69.3813368866124,5.,0.));
#3689=CARTESIAN_POINT('',(56.3441545092565,5.,27.9583278321849));
#3690=CARTESIAN_POINT('Origin',(69.3813368866124,7.,0.));
#3691=CARTESIAN_POINT('Origin',(72.6576946759162,5.,35.5654565435175));
#3692=CARTESIAN_POINT('',(75.3776921361373,5.,25.));
#3693=CARTESIAN_POINT('',(86.3288473379581,5.,25.));
#3694=CARTESIAN_POINT('',(87.0353835900123,5.,0.));
#3695=CARTESIAN_POINT('',(70.8450791018429,5.,34.7202200200361));
#3696=CARTESIAN_POINT('',(86.3288473379581,5.,0.));
#3697=CARTESIAN_POINT('Origin',(70.8450791018429,7.,34.7202200200361));
#3698=CARTESIAN_POINT('',(77.5844479740623,7.,25.));
#3699=CARTESIAN_POINT('Origin',(75.3776921361373,7.,25.));
#3700=CARTESIAN_POINT('',(89.2421394279373,7.,0.));
#3701=CARTESIAN_POINT('',(72.6576946759162,7.,35.5654565435175));
#3702=CARTESIAN_POINT('Origin',(87.0353835900123,7.,0.));
#3703=CARTESIAN_POINT('Origin',(72.6576946759162,15.,35.5654565435175));
#3704=CARTESIAN_POINT('',(77.5844479740623,13.1678404338008,25.));
#3705=CARTESIAN_POINT('',(77.5844479740623,32.5,25.));
#3706=CARTESIAN_POINT('',(89.2421394279373,13.1678404338008,0.));
#3707=CARTESIAN_POINT('',(72.6576946759162,13.1678404338008,35.5654565435175));
#3708=CARTESIAN_POINT('',(89.2421394279373,32.5,0.));
#3709=CARTESIAN_POINT('Origin',(70.8450791018429,36.8321595661992,34.7202200200361));
#3710=CARTESIAN_POINT('',(75.7454847757915,34.8601329718327,25.));
#3711=CARTESIAN_POINT('',(77.5844479740623,36.8321595661992,25.));
#3712=CARTESIAN_POINT('Origin',(75.3776921361373,36.8321595661992,25.));
#3713=CARTESIAN_POINT('',(89.2421394279373,36.8321595661992,0.));
#3714=CARTESIAN_POINT('',(72.6576946759162,36.8321595661992,35.5654565435175));
#3715=CARTESIAN_POINT('',(87.4031762296664,34.8601329718327,0.));
#3716=CARTESIAN_POINT('Origin',(87.0353835900123,36.8321595661992,0.));
#3717=CARTESIAN_POINT('',(71.1471816975218,34.8601329718327,34.8610927739497));
#3718=CARTESIAN_POINT('Origin',(72.6576946759162,45.,35.5654565435175));
#3719=CARTESIAN_POINT('',(77.5844479740623,43.,25.));
#3720=CARTESIAN_POINT('',(77.5844479740623,47.5,25.));
#3721=CARTESIAN_POINT('',(89.2421394279373,43.,0.));
#3722=CARTESIAN_POINT('',(72.6576946759162,43.,35.5654565435175));
#3723=CARTESIAN_POINT('',(89.2421394279373,47.5,0.));
#3724=CARTESIAN_POINT('Origin',(70.8450791018429,13.1678404338008,34.7202200200361));
#3725=CARTESIAN_POINT('',(75.7454847757915,15.1398670281673,25.));
#3726=CARTESIAN_POINT('Origin',(75.3776921361373,13.1678404338008,25.));
#3727=CARTESIAN_POINT('',(87.4031762296664,15.1398670281673,0.));
#3728=CARTESIAN_POINT('',(71.1471816975218,15.1398670281673,34.8610927739497));
#3729=CARTESIAN_POINT('Origin',(87.0353835900123,13.1678404338008,0.));
#3730=CARTESIAN_POINT('Origin',(72.6576946759162,25.,35.5654565435175));
#3731=CARTESIAN_POINT('Origin',(89.2421394279373,25.,0.));
#3732=CARTESIAN_POINT('Origin',(77.5844479740623,25.,25.));
#3733=CARTESIAN_POINT('Origin',(70.8450791018429,43.,34.7202200200361));
#3734=CARTESIAN_POINT('',(75.3776921361373,45.,25.));
#3735=CARTESIAN_POINT('Origin',(75.3776921361373,43.,25.));
#3736=CARTESIAN_POINT('',(87.0353835900123,45.,0.));
#3737=CARTESIAN_POINT('',(70.8450791018429,45.,34.7202200200361));
#3738=CARTESIAN_POINT('Origin',(87.0353835900123,43.,0.));
#3739=CARTESIAN_POINT('Origin',(54.5315389351832,45.,27.1130913087035));
#3740=CARTESIAN_POINT('',(77.2657694675916,45.,0.));
#3741=CARTESIAN_POINT('',(77.2657694675916,45.,25.));
#3742=CARTESIAN_POINT('Origin',(31.3441545092565,43.,27.9583278321849));
#3743=CARTESIAN_POINT('',(32.7236454327374,45.,25.));
#3744=CARTESIAN_POINT('',(30.5168895948125,43.,25.));
#3745=CARTESIAN_POINT('Origin',(32.7236454327374,43.,25.));
#3746=CARTESIAN_POINT('',(42.1745810486874,43.,-2.77555756156289E-16));
#3747=CARTESIAN_POINT('',(29.5315389351832,43.,27.1130913087035));
#3748=CARTESIAN_POINT('',(44.3813368866124,45.,0.));
#3749=CARTESIAN_POINT('Origin',(44.3813368866124,43.,0.));
#3750=CARTESIAN_POINT('',(31.3441545092565,45.,27.9583278321849));
#3751=CARTESIAN_POINT('Origin',(29.5315389351832,5.,27.1130913087035));
#3752=CARTESIAN_POINT('',(30.5168895948125,7.,25.));
#3753=CARTESIAN_POINT('',(30.5168895948125,27.5,25.));
#3754=CARTESIAN_POINT('',(42.1745810486874,7.,-2.77555756156289E-16));
#3755=CARTESIAN_POINT('',(29.5315389351832,7.,27.1130913087035));
#3756=CARTESIAN_POINT('',(42.1745810486874,27.5,-2.77555756156289E-16));
#3757=CARTESIAN_POINT('Origin',(31.3441545092565,7.,27.9583278321849));
#3758=CARTESIAN_POINT('',(32.7236454327374,5.,25.));
#3759=CARTESIAN_POINT('Origin',(32.7236454327374,7.,25.));
#3760=CARTESIAN_POINT('',(44.3813368866124,5.,0.));
#3761=CARTESIAN_POINT('',(31.3441545092565,5.,27.9583278321849));
#3762=CARTESIAN_POINT('Origin',(44.3813368866124,7.,0.));
#3763=CARTESIAN_POINT('Origin',(47.6576946759162,5.,35.5654565435175));
#3764=CARTESIAN_POINT('',(50.3776921361373,5.,25.));
#3765=CARTESIAN_POINT('',(73.8288473379581,5.,25.));
#3766=CARTESIAN_POINT('',(62.0353835900123,5.,0.));
#3767=CARTESIAN_POINT('',(45.8450791018429,5.,34.7202200200361));
#3768=CARTESIAN_POINT('',(73.8288473379581,5.,0.));
#3769=CARTESIAN_POINT('Origin',(45.8450791018429,7.,34.7202200200361));
#3770=CARTESIAN_POINT('',(52.5844479740623,7.,25.));
#3771=CARTESIAN_POINT('Origin',(50.3776921361373,7.,25.));
#3772=CARTESIAN_POINT('',(64.2421394279373,7.,0.));
#3773=CARTESIAN_POINT('',(47.6576946759162,7.,35.5654565435175));
#3774=CARTESIAN_POINT('Origin',(62.0353835900123,7.,0.));
#3775=CARTESIAN_POINT('Origin',(47.6576946759162,15.,35.5654565435175));
#3776=CARTESIAN_POINT('',(52.5844479740623,13.1678404338008,25.));
#3777=CARTESIAN_POINT('',(52.5844479740623,32.5,25.));
#3778=CARTESIAN_POINT('',(64.2421394279373,13.1678404338008,0.));
#3779=CARTESIAN_POINT('',(47.6576946759162,13.1678404338008,35.5654565435175));
#3780=CARTESIAN_POINT('',(64.2421394279373,32.5,0.));
#3781=CARTESIAN_POINT('Origin',(45.8450791018429,36.8321595661992,34.7202200200361));
#3782=CARTESIAN_POINT('',(50.7454847757915,34.8601329718327,25.));
#3783=CARTESIAN_POINT('',(52.5844479740623,36.8321595661992,25.));
#3784=CARTESIAN_POINT('Origin',(50.3776921361373,36.8321595661992,25.));
#3785=CARTESIAN_POINT('',(64.2421394279372,36.8321595661992,0.));
#3786=CARTESIAN_POINT('',(47.6576946759162,36.8321595661992,35.5654565435175));
#3787=CARTESIAN_POINT('',(62.4031762296664,34.8601329718327,0.));
#3788=CARTESIAN_POINT('Origin',(62.0353835900123,36.8321595661992,0.));
#3789=CARTESIAN_POINT('',(46.1471816975218,34.8601329718327,34.8610927739497));
#3790=CARTESIAN_POINT('Origin',(47.6576946759162,45.,35.5654565435175));
#3791=CARTESIAN_POINT('',(52.5844479740623,43.,25.));
#3792=CARTESIAN_POINT('',(52.5844479740623,47.5,25.));
#3793=CARTESIAN_POINT('',(64.2421394279373,43.,0.));
#3794=CARTESIAN_POINT('',(47.6576946759162,43.,35.5654565435175));
#3795=CARTESIAN_POINT('',(64.2421394279373,47.5,0.));
#3796=CARTESIAN_POINT('Origin',(45.8450791018429,13.1678404338008,34.7202200200361));
#3797=CARTESIAN_POINT('',(50.7454847757915,15.1398670281673,25.));
#3798=CARTESIAN_POINT('Origin',(50.3776921361373,13.1678404338008,25.));
#3799=CARTESIAN_POINT('',(62.4031762296664,15.1398670281673,0.));
#3800=CARTESIAN_POINT('',(46.1471816975218,15.1398670281673,34.8610927739497));
#3801=CARTESIAN_POINT('Origin',(62.0353835900123,13.1678404338008,0.));
#3802=CARTESIAN_POINT('Origin',(47.6576946759162,25.,35.5654565435175));
#3803=CARTESIAN_POINT('Origin',(64.2421394279373,25.,0.));
#3804=CARTESIAN_POINT('Origin',(52.5844479740623,25.,25.));
#3805=CARTESIAN_POINT('Origin',(45.8450791018429,43.,34.7202200200361));
#3806=CARTESIAN_POINT('',(50.3776921361373,45.,25.));
#3807=CARTESIAN_POINT('Origin',(50.3776921361373,43.,25.));
#3808=CARTESIAN_POINT('',(62.0353835900123,45.,0.));
#3809=CARTESIAN_POINT('',(45.8450791018429,45.,34.7202200200361));
#3810=CARTESIAN_POINT('Origin',(62.0353835900123,43.,0.));
#3811=CARTESIAN_POINT('Origin',(29.5315389351832,45.,27.1130913087035));
#3812=CARTESIAN_POINT('',(64.7657694675916,45.,0.));
#3813=CARTESIAN_POINT('',(64.7657694675916,45.,25.));
#3814=CARTESIAN_POINT('Origin',(6.34415450925655,43.,27.9583278321849));
#3815=CARTESIAN_POINT('',(7.72364543273744,45.,25.));
#3816=CARTESIAN_POINT('',(5.51688959481246,43.,25.));
#3817=CARTESIAN_POINT('Origin',(7.72364543273744,43.,25.));
#3818=CARTESIAN_POINT('',(17.1745810486874,43.,0.));
#3819=CARTESIAN_POINT('',(4.53153893518325,43.,27.1130913087035));
#3820=CARTESIAN_POINT('',(19.3813368866124,45.,0.));
#3821=CARTESIAN_POINT('Origin',(19.3813368866124,43.,0.));
#3822=CARTESIAN_POINT('',(6.34415450925655,45.,27.9583278321849));
#3823=CARTESIAN_POINT('Origin',(4.53153893518325,5.,27.1130913087035));
#3824=CARTESIAN_POINT('',(5.51688959481246,7.,25.));
#3825=CARTESIAN_POINT('',(5.51688959481246,27.5,25.));
#3826=CARTESIAN_POINT('',(17.1745810486874,7.,0.));
#3827=CARTESIAN_POINT('',(4.53153893518325,7.,27.1130913087035));
#3828=CARTESIAN_POINT('',(17.1745810486874,27.5,0.));
#3829=CARTESIAN_POINT('Origin',(6.34415450925655,7.,27.9583278321849));
#3830=CARTESIAN_POINT('',(7.72364543273744,5.,25.));
#3831=CARTESIAN_POINT('Origin',(7.72364543273744,7.,25.));
#3832=CARTESIAN_POINT('',(19.3813368866124,5.,0.));
#3833=CARTESIAN_POINT('',(6.34415450925655,5.,27.9583278321849));
#3834=CARTESIAN_POINT('Origin',(19.3813368866124,7.,0.));
#3835=CARTESIAN_POINT('Origin',(22.6576946759162,5.,35.5654565435175));
#3836=CARTESIAN_POINT('',(25.3776921361373,5.,25.));
#3837=CARTESIAN_POINT('',(61.3288473379581,5.,25.));
#3838=CARTESIAN_POINT('',(37.0353835900123,5.,0.));
#3839=CARTESIAN_POINT('',(20.8450791018429,5.,34.7202200200361));
#3840=CARTESIAN_POINT('',(61.3288473379581,5.,0.));
#3841=CARTESIAN_POINT('Origin',(20.8450791018429,7.,34.7202200200361));
#3842=CARTESIAN_POINT('',(27.5844479740623,7.,25.));
#3843=CARTESIAN_POINT('Origin',(25.3776921361373,7.,25.));
#3844=CARTESIAN_POINT('',(39.2421394279373,7.,-1.11022302462516E-15));
#3845=CARTESIAN_POINT('',(22.6576946759162,7.,35.5654565435175));
#3846=CARTESIAN_POINT('Origin',(37.0353835900123,7.,0.));
#3847=CARTESIAN_POINT('Origin',(22.6576946759162,15.,35.5654565435175));
#3848=CARTESIAN_POINT('',(27.5844479740623,13.1678404338008,25.));
#3849=CARTESIAN_POINT('',(27.5844479740623,32.5,25.));
#3850=CARTESIAN_POINT('',(39.2421394279373,13.1678404338008,-1.11022302462516E-15));
#3851=CARTESIAN_POINT('',(22.6576946759162,13.1678404338008,35.5654565435175));
#3852=CARTESIAN_POINT('',(39.2421394279373,32.5,-1.11022302462516E-15));
#3853=CARTESIAN_POINT('Origin',(20.8450791018429,36.8321595661992,34.7202200200361));
#3854=CARTESIAN_POINT('',(25.7454847757915,34.8601329718327,25.));
#3855=CARTESIAN_POINT('',(27.5844479740623,36.8321595661992,25.));
#3856=CARTESIAN_POINT('Origin',(25.3776921361373,36.8321595661992,25.));
#3857=CARTESIAN_POINT('',(39.2421394279373,36.8321595661992,-1.11022302462516E-15));
#3858=CARTESIAN_POINT('',(22.6576946759162,36.8321595661992,35.5654565435175));
#3859=CARTESIAN_POINT('',(37.4031762296664,34.8601329718327,0.));
#3860=CARTESIAN_POINT('Origin',(37.0353835900123,36.8321595661992,0.));
#3861=CARTESIAN_POINT('',(21.1471816975218,34.8601329718327,34.8610927739497));
#3862=CARTESIAN_POINT('Origin',(22.6576946759162,45.,35.5654565435175));
#3863=CARTESIAN_POINT('',(27.5844479740623,43.,25.));
#3864=CARTESIAN_POINT('',(27.5844479740623,47.5,25.));
#3865=CARTESIAN_POINT('',(39.2421394279373,43.,-1.11022302462516E-15));
#3866=CARTESIAN_POINT('',(22.6576946759162,43.,35.5654565435175));
#3867=CARTESIAN_POINT('',(39.2421394279373,47.5,-1.11022302462516E-15));
#3868=CARTESIAN_POINT('Origin',(20.8450791018429,13.1678404338008,34.7202200200361));
#3869=CARTESIAN_POINT('',(25.7454847757915,15.1398670281673,25.));
#3870=CARTESIAN_POINT('Origin',(25.3776921361373,13.1678404338008,25.));
#3871=CARTESIAN_POINT('',(37.4031762296664,15.1398670281673,0.));
#3872=CARTESIAN_POINT('',(21.1471816975218,15.1398670281673,34.8610927739497));
#3873=CARTESIAN_POINT('Origin',(37.0353835900123,13.1678404338008,0.));
#3874=CARTESIAN_POINT('Origin',(22.6576946759163,25.,35.5654565435175));
#3875=CARTESIAN_POINT('Origin',(39.2421394279373,25.,0.));
#3876=CARTESIAN_POINT('Origin',(27.5844479740623,25.,25.));
#3877=CARTESIAN_POINT('Origin',(20.8450791018429,43.,34.7202200200361));
#3878=CARTESIAN_POINT('',(25.3776921361373,45.,25.));
#3879=CARTESIAN_POINT('Origin',(25.3776921361373,43.,25.));
#3880=CARTESIAN_POINT('',(37.0353835900123,45.,0.));
#3881=CARTESIAN_POINT('',(20.8450791018429,45.,34.7202200200361));
#3882=CARTESIAN_POINT('Origin',(37.0353835900123,43.,0.));
#3883=CARTESIAN_POINT('Origin',(4.53153893518325,45.,27.1130913087035));
#3884=CARTESIAN_POINT('',(52.2657694675916,45.,0.));
#3885=CARTESIAN_POINT('',(52.2657694675916,45.,25.));
#3886=CARTESIAN_POINT('Origin',(0.,100.,0.));
#3887=CARTESIAN_POINT('',(0.,100.,0.));
#3888=CARTESIAN_POINT('',(0.,0.,0.));
#3889=CARTESIAN_POINT('',(0.,100.,0.));
#3890=CARTESIAN_POINT('',(0.,0.,25.));
#3891=CARTESIAN_POINT('',(0.,0.,0.));
#3892=CARTESIAN_POINT('',(0.,100.,25.));
#3893=CARTESIAN_POINT('',(0.,100.,25.));
#3894=CARTESIAN_POINT('',(0.,100.,0.));
#3895=CARTESIAN_POINT('Origin',(200.,100.,0.));
#3896=CARTESIAN_POINT('',(200.,100.,0.));
#3897=CARTESIAN_POINT('',(200.,100.,0.));
#3898=CARTESIAN_POINT('',(200.,100.,25.));
#3899=CARTESIAN_POINT('',(200.,100.,25.));
#3900=CARTESIAN_POINT('',(200.,100.,0.));
#3901=CARTESIAN_POINT('Origin',(200.,0.,0.));
#3902=CARTESIAN_POINT('',(200.,0.,0.));
#3903=CARTESIAN_POINT('',(200.,0.,0.));
#3904=CARTESIAN_POINT('',(200.,0.,25.));
#3905=CARTESIAN_POINT('',(200.,0.,25.));
#3906=CARTESIAN_POINT('',(200.,0.,0.));
#3907=CARTESIAN_POINT('Origin',(0.,0.,0.));
#3908=CARTESIAN_POINT('',(0.,0.,0.));
#3909=CARTESIAN_POINT('',(0.,0.,25.));
#3910=CARTESIAN_POINT('Origin',(100.,50.,25.));
#3911=CARTESIAN_POINT('Origin',(100.,50.,0.));
#3912=UNCERTAINTY_MEASURE_WITH_UNIT(LENGTH_MEASURE(0.01),#3916,
'DISTANCE_ACCURACY_VALUE',
'Maximum model space distance between geometric entities at asserted c
onnectivities');
#3913=UNCERTAINTY_MEASURE_WITH_UNIT(LENGTH_MEASURE(0.01),#3916,
'DISTANCE_ACCURACY_VALUE',
'Maximum model space distance between geometric entities at asserted c
onnectivities');
#3914=(
GEOMETRIC_REPRESENTATION_CONTEXT(3)
GLOBAL_UNCERTAINTY_ASSIGNED_CONTEXT((#3912))
GLOBAL_UNIT_ASSIGNED_CONTEXT((#3916,#3918,#3919))
REPRESENTATION_CONTEXT('','3D')
);
#3915=(
GEOMETRIC_REPRESENTATION_CONTEXT(3)
GLOBAL_UNCERTAINTY_ASSIGNED_CONTEXT((#3913))
GLOBAL_UNIT_ASSIGNED_CONTEXT((#3916,#3918,#3919))
REPRESENTATION_CONTEXT('','3D')
);
#3916=(
LENGTH_UNIT()
NAMED_UNIT(*)
SI_UNIT(.MILLI.,.METRE.)
);
#3917=(
LENGTH_UNIT()
NAMED_UNIT(*)
SI_UNIT($,.METRE.)
);
#3918=(
NAMED_UNIT(*)
PLANE_ANGLE_UNIT()
SI_UNIT($,.RADIAN.)
);
#3919=(
NAMED_UNIT(*)
SI_UNIT($,.STERADIAN.)
SOLID_ANGLE_UNIT()
);
#3920=SHAPE_DEFINITION_REPRESENTATION(#3921,#3922);
#3921=PRODUCT_DEFINITION_SHAPE('',$,#3924);
#3922=SHAPE_REPRESENTATION('',(#2308),#3914);
#3923=PRODUCT_DEFINITION_CONTEXT('part definition',#3928,'design');
#3924=PRODUCT_DEFINITION('Rectangular array','Rectangular array v1',#3925,
#3923);
#3925=PRODUCT_DEFINITION_FORMATION('',$,#3930);
#3926=PRODUCT_RELATED_PRODUCT_CATEGORY('Rectangular array v1',
'Rectangular array v1',(#3930));
#3927=APPLICATION_PROTOCOL_DEFINITION('international standard',
'automotive_design',2009,#3928);
#3928=APPLICATION_CONTEXT(
'Core Data for Automotive Mechanical Design Process');
#3929=PRODUCT_CONTEXT('part definition',#3928,'mechanical');
#3930=PRODUCT('Rectangular array','Rectangular array v1',$,(#3929));
#3931=PRESENTATION_STYLE_ASSIGNMENT((#3933));
#3932=PRESENTATION_STYLE_ASSIGNMENT((#3934));
#3933=SURFACE_STYLE_USAGE(.BOTH.,#3935);
#3934=SURFACE_STYLE_USAGE(.BOTH.,#3936);
#3935=SURFACE_SIDE_STYLE('',(#3937));
#3936=SURFACE_SIDE_STYLE('',(#3938));
#3937=SURFACE_STYLE_FILL_AREA(#3939);
#3938=SURFACE_STYLE_FILL_AREA(#3940);
#3939=FILL_AREA_STYLE('Steel - Satin',(#3941));
#3940=FILL_AREA_STYLE('Opaque(191,191,191)',(#3942));
#3941=FILL_AREA_STYLE_COLOUR('Steel - Satin',#3943);
#3942=FILL_AREA_STYLE_COLOUR('Opaque(191,191,191)',#3944);
#3943=COLOUR_RGB('Steel - Satin',0.627450980392157,0.627450980392157,0.627450980392157);
#3944=COLOUR_RGB('Opaque(191,191,191)',0.749019607843137,0.749019607843137,
0.749019607843137);
ENDSEC;
END-ISO-10303-21;
