ISO-10303-21;
HEADER;
/* Generated by software containing ST-Developer
 * from STEP Tools, Inc. (www.steptools.com) 
 */

FILE_DESCRIPTION(
/* description */ (''),
/* implementation_level */ '2;1');

FILE_NAME(
/* name */ 'Elmia_V3_AWJ v7 v1.step',
/* time_stamp */ '2022-12-06T09:53:50+01:00',
/* author */ (''),
/* organization */ (''),
/* preprocessor_version */ 'ST-DEVELOPER v19.2',
/* originating_system */ 'Autodesk Translation Framework v11.17.0.187',

/* authorisation */ '');

FILE_SCHEMA (('AUTOMOTIVE_DESIGN { 1 0 10303 214 3 1 1 }'));
ENDSEC;

DATA;
#10=MECHANICAL_DESIGN_GEOMETRIC_PRESENTATION_REPRESENTATION('',(#13),#2531);
#11=SHAPE_REPRESENTATION_RELATIONSHIP('SRR','None',#2538,#12);
#12=ADVANCED_BREP_SHAPE_REPRESENTATION('',(#14),#2530);
#13=STYLED_ITEM('',(#2547),#14);
#14=MANIFOLD_SOLID_BREP('Body1',#852);
#15=B_SPLINE_SURFACE_WITH_KNOTS('',3,3,((#1631,#1632,#1633,#1634,#1635,
#1636,#1637,#1638),(#1639,#1640,#1641,#1642,#1643,#1644,#1645,#1646),(#1647,
#1648,#1649,#1650,#1651,#1652,#1653,#1654),(#1655,#1656,#1657,#1658,#1659,
#1660,#1661,#1662),(#1663,#1664,#1665,#1666,#1667,#1668,#1669,#1670),(#1671,
#1672,#1673,#1674,#1675,#1676,#1677,#1678),(#1679,#1680,#1681,#1682,#1683,
#1684,#1685,#1686),(#1687,#1688,#1689,#1690,#1691,#1692,#1693,#1694),(#1695,
#1696,#1697,#1698,#1699,#1700,#1701,#1702),(#1703,#1704,#1705,#1706,#1707,
#1708,#1709,#1710),(#1711,#1712,#1713,#1714,#1715,#1716,#1717,#1718),(#1719,
#1720,#1721,#1722,#1723,#1724,#1725,#1726),(#1727,#1728,#1729,#1730,#1731,
#1732,#1733,#1734),(#1735,#1736,#1737,#1738,#1739,#1740,#1741,#1742),(#1743,
#1744,#1745,#1746,#1747,#1748,#1749,#1750),(#1751,#1752,#1753,#1754,#1755,
#1756,#1757,#1758),(#1759,#1760,#1761,#1762,#1763,#1764,#1765,#1766)),
 .UNSPECIFIED.,.F.,.F.,.F.,(4,1,1,1,1,1,1,1,1,1,1,1,1,1,4),(4,1,1,1,1,4),
(-0.378132278369922,-0.336018142991191,-0.29390400761246,-0.251789872233728,
-0.209675736854997,-0.167561601476266,-0.125447466097535,-0.097371375845047,
-0.041219195340072,-0.0131431050875845,0.0430090754173905,0.0851232107961218,
0.127237346174853,0.169351481553584,0.211465616932316),(0.,0.142857152819289,
0.428571458457867,0.714285764096445,0.857142916915734,1.00000006973502),
 .UNSPECIFIED.);
#16=B_SPLINE_SURFACE_WITH_KNOTS('',3,3,((#2067,#2068,#2069,#2070),(#2071,
#2072,#2073,#2074),(#2075,#2076,#2077,#2078),(#2079,#2080,#2081,#2082),
(#2083,#2084,#2085,#2086),(#2087,#2088,#2089,#2090),(#2091,#2092,#2093,
#2094)),.UNSPECIFIED.,.F.,.F.,.F.,(4,1,1,1,4),(4,4),(0.29311802170575,0.32841763833439,
0.39901687159167,0.46961610484895,0.54021533810623),(0.,1.0000000901817),
 .UNSPECIFIED.);
#17=B_SPLINE_SURFACE_WITH_KNOTS('',3,3,((#2362,#2363,#2364,#2365),(#2366,
#2367,#2368,#2369),(#2370,#2371,#2372,#2373),(#2374,#2375,#2376,#2377),
(#2378,#2379,#2380,#2381),(#2382,#2383,#2384,#2385),(#2386,#2387,#2388,
#2389),(#2390,#2391,#2392,#2393),(#2394,#2395,#2396,#2397),(#2398,#2399,
#2400,#2401),(#2402,#2403,#2404,#2405),(#2406,#2407,#2408,#2409),(#2410,
#2411,#2412,#2413),(#2414,#2415,#2416,#2417),(#2418,#2419,#2420,#2421),
(#2422,#2423,#2424,#2425),(#2426,#2427,#2428,#2429)),.UNSPECIFIED.,.F.,
 .F.,.F.,(4,1,1,1,1,1,1,1,1,1,1,1,1,1,4),(4,4),(-0.373548644960916,-0.332089314717935,
-0.290629984474953,-0.249170654231971,-0.207711323988989,-0.152432216998347,
-0.124792663503026,-0.0695135565123836,-0.0418740030170625,-0.000414672774080693,
0.0410446574689011,0.0825039877118828,0.123963317954865,0.165422648197846,
0.206881978440828),(0.,1.00000000242112),.UNSPECIFIED.);
#18=B_SPLINE_SURFACE_WITH_KNOTS('',3,3,((#2459,#2460,#2461,#2462,#2463,
#2464,#2465,#2466),(#2467,#2468,#2469,#2470,#2471,#2472,#2473,#2474),(#2475,
#2476,#2477,#2478,#2479,#2480,#2481,#2482),(#2483,#2484,#2485,#2486,#2487,
#2488,#2489,#2490),(#2491,#2492,#2493,#2494,#2495,#2496,#2497,#2498),(#2499,
#2500,#2501,#2502,#2503,#2504,#2505,#2506),(#2507,#2508,#2509,#2510,#2511,
#2512,#2513,#2514),(#2515,#2516,#2517,#2518,#2519,#2520,#2521,#2522)),
 .UNSPECIFIED.,.F.,.F.,.F.,(4,1,1,1,1,4),(4,1,1,1,1,4),(0.288534388296776,
0.361752879185868,0.43497137007496,0.471580615519507,0.508189860964053,
0.544799106408599),(0.,0.14285718759941,0.428571562798229,0.714285937997048,
0.857143125596457,1.00000031319587),.UNSPECIFIED.);
#19=CONICAL_SURFACE('',#891,22.5,0.610865238198015);
#20=B_SPLINE_CURVE_WITH_KNOTS('',3,(#1131,#1132,#1133,#1134,#1135,#1136),
 .UNSPECIFIED.,.F.,.F.,(4,2,4),(-3.41040198518798,-2.39869780079066,-1.66951660192517),
 .UNSPECIFIED.);
#21=B_SPLINE_CURVE_WITH_KNOTS('',3,(#1140,#1141,#1142,#1143,#1144,#1145),
 .UNSPECIFIED.,.F.,.F.,(4,2,4),(-3.25230714321433,-2.5732568781314,-1.51034228896338),
 .UNSPECIFIED.);
#22=B_SPLINE_CURVE_WITH_KNOTS('',3,(#1149,#1150,#1151,#1152,#1153,#1154),
 .UNSPECIFIED.,.F.,.F.,(4,2,4),(-3.39965150646902,-2.40045502224173,-1.66096573835968),
 .UNSPECIFIED.);
#23=B_SPLINE_CURVE_WITH_KNOTS('',3,(#1156,#1157,#1158,#1159,#1160,#1161),
 .UNSPECIFIED.,.F.,.F.,(4,2,4),(-3.37662479041035,-2.40674742929528,-1.63844832673099),
 .UNSPECIFIED.);
#24=B_SPLINE_CURVE_WITH_KNOTS('',3,(#1165,#1166,#1167,#1168),
 .UNSPECIFIED.,.F.,.F.,(4,4),(-1.83640528273833,-0.0510703496221137),
 .UNSPECIFIED.);
#25=B_SPLINE_CURVE_WITH_KNOTS('',3,(#1170,#1171,#1172,#1173),
 .UNSPECIFIED.,.F.,.F.,(4,4),(-1.82712763485833,-0.0522292676536128),
 .UNSPECIFIED.);
#26=B_SPLINE_CURVE_WITH_KNOTS('',3,(#1177,#1178,#1179,#1180,#1181,#1182),
 .UNSPECIFIED.,.F.,.F.,(4,2,4),(-3.3932162670258,-2.64135989726068,-1.59261831551241),
 .UNSPECIFIED.);
#27=B_SPLINE_CURVE_WITH_KNOTS('',3,(#1184,#1185,#1186,#1187,#1188,#1189),
 .UNSPECIFIED.,.F.,.F.,(4,2,4),(-3.65798978670114,-2.58142116451948,-1.85054649403652),
 .UNSPECIFIED.);
#28=B_SPLINE_CURVE_WITH_KNOTS('',3,(#1193,#1194,#1195,#1196),
 .UNSPECIFIED.,.F.,.F.,(4,4),(-1.84543216390128,-0.0527066749892441),
 .UNSPECIFIED.);
#29=B_SPLINE_CURVE_WITH_KNOTS('',3,(#1199,#1200,#1201,#1202),
 .UNSPECIFIED.,.F.,.F.,(4,4),(-1.85016084431915,-0.0513713989064402),
 .UNSPECIFIED.);
#30=B_SPLINE_CURVE_WITH_KNOTS('',3,(#1204,#1205,#1206,#1207,#1208,#1209),
 .UNSPECIFIED.,.F.,.F.,(4,2,4),(-3.45328395179068,-2.47055282344995,-1.70386215778542),
 .UNSPECIFIED.);
#31=B_SPLINE_CURVE_WITH_KNOTS('',3,(#1210,#1211,#1212,#1213,#1214,#1215),
 .UNSPECIFIED.,.F.,.F.,(4,2,4),(-3.3635440055079,-2.49340860804074,-1.61123718335455),
 .UNSPECIFIED.);
#32=B_SPLINE_CURVE_WITH_KNOTS('',3,(#1219,#1220,#1221,#1222),
 .UNSPECIFIED.,.F.,.F.,(4,4),(-5.12531133027619,-0.0511561938827745),
 .UNSPECIFIED.);
#33=B_SPLINE_CURVE_WITH_KNOTS('',3,(#1226,#1227,#1228,#1229,#1230,#1231,
#1232,#1233,#1234,#1235,#1236,#1237,#1238,#1239,#1240,#1241,#1242,#1243,
#1244,#1245,#1246,#1247,#1248,#1249,#1250,#1251,#1252,#1253,#1254,#1255,
#1256,#1257,#1258,#1259,#1260,#1261,#1262,#1263,#1264,#1265,#1266,#1267,
#1268,#1269,#1270,#1271,#1272,#1273,#1274),.UNSPECIFIED.,.F.,.F.,(4,3,3,
3,3,3,3,3,3,3,3,3,3,3,3,3,4),(-5.14884094492655,-4.90958436454553,-4.65914622569261,
-4.38245456774485,-4.07645166266486,-3.69191873821445,-3.32431729076989,
-3.01792221740478,-2.74393683543297,-2.65756266656465,-2.26582572321049,
-1.81209163768914,-1.35204420531242,-0.955958210739326,-0.593078137064141,
-0.260560978493859,-0.0519195628904398),.UNSPECIFIED.);
#34=B_SPLINE_CURVE_WITH_KNOTS('',3,(#1278,#1279,#1280,#1281,#1282,#1283,
#1284,#1285,#1286,#1287,#1288,#1289,#1290,#1291,#1292,#1293,#1294,#1295,
#1296,#1297,#1298,#1299,#1300,#1301,#1302,#1303,#1304,#1305,#1306,#1307,
#1308,#1309,#1310,#1311,#1312,#1313,#1314,#1315,#1316,#1317,#1318,#1319,
#1320,#1321,#1322,#1323,#1324,#1325,#1326,#1327,#1328,#1329,#1330,#1331,
#1332,#1333,#1334,#1335,#1336,#1337,#1338,#1339,#1340,#1341,#1342,#1343,
#1344,#1345,#1346,#1347,#1348,#1349,#1350,#1351,#1352,#1353,#1354,#1355,
#1356,#1357,#1358,#1359,#1360,#1361,#1362,#1363,#1364,#1365,#1366,#1367,
#1368,#1369,#1370,#1371,#1372,#1373,#1374,#1375,#1376,#1377,#1378,#1379,
#1380,#1381,#1382,#1383,#1384,#1385,#1386),.UNSPECIFIED.,.F.,.F.,(4,3,3,
3,3,3,3,3,3,3,3,3,3,3,3,3,3,3,3,3,3,3,3,3,3,3,3,3,3,3,3,3,3,3,3,3,4),(-0.148487137698895,
-0.0441705473585423,0.,0.108923933287156,0.176293020892274,0.24350259444655,
0.358558617056442,0.475157254811893,0.506949584917208,0.559689039166367,
0.675870746520528,0.791597950889448,0.870037605887462,0.984467958917046,
1.09902590760991,1.18357658600689,1.29839938079901,1.38284739618057,1.50010857470676,
1.55483114106694,1.67859650590199,1.75277703451887,1.88799513264207,2.01767415081225,
2.05250050808221,2.16777747549116,2.19196840388057,2.30081174056512,2.35830496904194,
2.43230784794641,2.53336790169923,2.63385141147334,2.73519973721552,2.8365480629577,
2.93901976052239,3.0426065304524,3.06411118040349),.UNSPECIFIED.);
#35=B_SPLINE_CURVE_WITH_KNOTS('',3,(#1388,#1389,#1390,#1391,#1392,#1393,
#1394,#1395,#1396,#1397,#1398,#1399,#1400,#1401,#1402,#1403,#1404,#1405,
#1406,#1407,#1408,#1409,#1410,#1411),.UNSPECIFIED.,.F.,.F.,(4,2,2,2,2,2,
2,2,2,2,2,4),(0.547121236890973,0.883333105699685,1.24200557520621,1.63343563267214,
1.90539437057972,2.09121912602763,2.26337550704955,2.47577440043448,2.81600321153134,
3.23274699165509,3.657731225512,3.75481191444553),.UNSPECIFIED.);
#36=B_SPLINE_CURVE_WITH_KNOTS('',3,(#1415,#1416,#1417,#1418,#1419,#1420),
 .UNSPECIFIED.,.F.,.F.,(4,2,4),(-5.24702047037658,-2.69727046214011,-0.0523904387126909),
 .UNSPECIFIED.);
#37=B_SPLINE_CURVE_WITH_KNOTS('',3,(#1422,#1423,#1424,#1425,#1426,#1427),
 .UNSPECIFIED.,.F.,.F.,(4,2,4),(-5.39558046870822,-2.655301266749,-0.0512342615544479),
 .UNSPECIFIED.);
#38=B_SPLINE_CURVE_WITH_KNOTS('',3,(#1430,#1431,#1432,#1433,#1434,#1435,
#1436,#1437,#1438,#1439,#1440,#1441,#1442,#1443,#1444,#1445,#1446,#1447,
#1448,#1449,#1450,#1451),.UNSPECIFIED.,.F.,.F.,(4,2,2,2,2,2,2,2,2,2,4),
(-3.2135383986694,-3.14484804664022,-2.7726268851403,-2.38226271252147,
-2.04893432397122,-1.75421268317393,-1.46249048111719,-1.14162240556113,
-0.776665698962624,-0.392810064463651,-0.0320698353566912),
 .UNSPECIFIED.);
#39=B_SPLINE_CURVE_WITH_KNOTS('',3,(#1452,#1453,#1454,#1455,#1456,#1457,
#1458,#1459,#1460,#1461,#1462,#1463,#1464,#1465,#1466,#1467,#1468,#1469,
#1470,#1471,#1472,#1473,#1474,#1475),.UNSPECIFIED.,.F.,.F.,(4,2,2,2,2,2,
2,2,2,2,2,4),(0.277649066008241,0.308899891707858,0.610195136501064,0.974331489260767,
1.36816538992187,1.67422561098287,1.93648423334473,2.20083844124025,2.5130570257068,
2.88450333091585,3.2805302288049,3.46094435761621),.UNSPECIFIED.);
#40=B_SPLINE_CURVE_WITH_KNOTS('',3,(#1479,#1480,#1481,#1482,#1483,#1484,
#1485,#1486,#1487,#1488),.UNSPECIFIED.,.F.,.F.,(4,3,3,4),(-11.0220931641221,
-11.0049498877809,-10.9204070008691,-10.8323880807674),.UNSPECIFIED.);
#41=B_SPLINE_CURVE_WITH_KNOTS('',3,(#1489,#1490,#1491,#1492,#1493,#1494,
#1495,#1496,#1497,#1498,#1499,#1500,#1501,#1502,#1503,#1504,#1505,#1506,
#1507,#1508,#1509,#1510,#1511,#1512,#1513,#1514,#1515,#1516,#1517,#1518,
#1519,#1520,#1521,#1522,#1523,#1524,#1525,#1526,#1527,#1528,#1529,#1530,
#1531,#1532,#1533,#1534,#1535,#1536),.UNSPECIFIED.,.F.,.F.,(4,2,2,2,2,2,
2,2,2,2,2,2,2,2,2,2,2,2,2,2,2,2,2,4),(-10.8323880807674,-10.8278504129139,
-10.6463369183219,-10.3891393251321,-9.86367126344864,-9.23455129157861,
-8.46762131911237,-7.66100385492974,-6.98488056056633,-6.42053522659971,
-5.97448515451054,-5.61940008051753,-5.42758529324519,-5.27161781866256,
-5.09547456563808,-4.80632457277715,-4.19893493236571,-3.54828894733325,
-2.75533023526172,-1.96809354493857,-1.31523441393453,-0.76954263956193,
-0.247622658770991,0.),.UNSPECIFIED.);
#42=B_SPLINE_CURVE_WITH_KNOTS('',3,(#1540,#1541,#1542,#1543),
 .UNSPECIFIED.,.F.,.F.,(4,4),(-9.25257635850945,-9.21934531260724),
 .UNSPECIFIED.);
#43=B_SPLINE_CURVE_WITH_KNOTS('',3,(#1544,#1545,#1546,#1547,#1548,#1549,
#1550,#1551,#1552,#1553,#1554,#1555,#1556,#1557,#1558,#1559,#1560,#1561,
#1562,#1563,#1564,#1565,#1566,#1567,#1568,#1569,#1570,#1571,#1572,#1573,
#1574,#1575,#1576,#1577,#1578,#1579,#1580,#1581,#1582,#1583,#1584,#1585,
#1586,#1587,#1588,#1589,#1590,#1591),.UNSPECIFIED.,.F.,.F.,(4,2,2,2,2,2,
2,2,2,2,2,2,2,2,2,2,2,2,2,2,2,2,2,4),(-9.21934531260724,-9.15397915730139,
-8.98412344262417,-8.71716676765383,-8.19429093630495,-7.61541204669755,
-6.91282156584535,-6.26811685957883,-5.74404628984327,-5.31085221506989,
-4.91019259155358,-4.7205609658973,-4.58666723793885,-4.45306257617458,
-4.26484396611526,-3.85630258214799,-3.35332968843405,-2.71175247661808,
-2.00778827135143,-1.42315404962167,-0.940369650918832,-0.418120497805831,
-0.166023492650668,0.),.UNSPECIFIED.);
#44=B_SPLINE_CURVE_WITH_KNOTS('',3,(#1595,#1596,#1597,#1598,#1599,#1600,
#1601,#1602,#1603,#1604,#1605,#1606,#1607,#1608,#1609,#1610),
 .UNSPECIFIED.,.F.,.F.,(4,2,2,2,2,2,2,4),(-3.24491850044931,-3.15060215500099,
-2.45344228063421,-1.81978458870543,-1.20783340048186,-0.556652032053484,
-0.239799449635685,0.),.UNSPECIFIED.);
#45=B_SPLINE_CURVE_WITH_KNOTS('',3,(#1614,#1615,#1616,#1617,#1618,#1619,
#1620,#1621,#1622,#1623,#1624,#1625,#1626,#1627,#1628,#1629),
 .UNSPECIFIED.,.F.,.F.,(4,2,2,2,2,2,2,4),(0.,0.20036749468481,0.499306314326901,
1.02617788753191,1.72252943060808,2.42024903253211,3.17838428686803,3.25313049693037),
 .UNSPECIFIED.);
#46=B_SPLINE_CURVE_WITH_KNOTS('',3,(#1768,#1769,#1770,#1771,#1772,#1773),
 .UNSPECIFIED.,.F.,.F.,(4,1,1,4),(-0.128104608885784,-0.127237346174853,
-0.0851232107961218,-0.074344251708811),.UNSPECIFIED.);
#47=B_SPLINE_CURVE_WITH_KNOTS('',3,(#1775,#1776,#1777,#1778,#1779,#1780,
#1781,#1782,#1783,#1784,#1785,#1786,#1787,#1788,#1789,#1790),
 .UNSPECIFIED.,.F.,.F.,(4,2,2,2,2,2,2,4),(-3.18081319662285,-3.14127487034573,
-2.38920300996912,-1.71235544431213,-1.09492014466915,-0.505294261187494,
-0.213756858509155,0.),.UNSPECIFIED.);
#48=B_SPLINE_CURVE_WITH_KNOTS('',3,(#1792,#1793,#1794,#1795,#1796,#1797),
 .UNSPECIFIED.,.F.,.F.,(4,2,4),(-8.27185855634474,-3.40399168915632,-1.0034757514584),
 .UNSPECIFIED.);
#49=B_SPLINE_CURVE_WITH_KNOTS('',3,(#1799,#1800,#1801,#1802,#1803,#1804,
#1805,#1806,#1807,#1808,#1809,#1810,#1811,#1812),.UNSPECIFIED.,.F.,.F.,
(4,2,2,2,2,2,4),(-4.065283868868,-4.03012280685046,-3.77382204500571,-3.45998546293095,
-3.06555103336219,-2.66722688290196,-2.47552966314778),.UNSPECIFIED.);
#50=B_SPLINE_CURVE_WITH_KNOTS('',3,(#1816,#1817,#1818,#1819,#1820,#1821),
 .UNSPECIFIED.,.F.,.F.,(4,1,1,4),(0.515370917206471,0.714285764096445,0.857142916915734,
1.),.UNSPECIFIED.);
#51=B_SPLINE_CURVE_WITH_KNOTS('',3,(#1825,#1826,#1827,#1828,#1829,#1830,
#1831,#1832,#1833,#1834,#1835,#1836,#1837,#1838),.UNSPECIFIED.,.F.,.F.,
(4,2,2,2,2,2,4),(-5.58526390589532,-5.44319593294741,-5.06740783251517,
-4.66583729313227,-4.33243536271786,-4.06550621345139,-3.99308593153748),
 .UNSPECIFIED.);
#52=B_SPLINE_CURVE_WITH_KNOTS('',3,(#1840,#1841,#1842,#1843,#1844,#1845,
#1846,#1847),.UNSPECIFIED.,.F.,.F.,(4,2,2,4),(-9.2245118421656,-7.85434349882432,
-5.5157461114962,-2.04484499303882),.UNSPECIFIED.);
#53=B_SPLINE_CURVE_WITH_KNOTS('',3,(#1849,#1850,#1851,#1852,#1853,#1854,
#1855,#1856,#1857,#1858,#1859,#1860,#1861,#1862),.UNSPECIFIED.,.F.,.F.,
(4,2,2,2,2,2,4),(0.,0.196544830730536,0.472934047641655,1.02280518713393,
1.71574507691319,2.46841943927687,3.20818852255873),.UNSPECIFIED.);
#54=B_SPLINE_CURVE_WITH_KNOTS('',3,(#1864,#1865,#1866,#1867,#1868,#1869,
#1870,#1871,#1872,#1873,#1874,#1875,#1876),.UNSPECIFIED.,.F.,.F.,(4,3,3,
3,4),(-0.790383092742542,-0.790324263145003,-0.748210127766272,-0.706095992387541,
-0.705228724445586),.UNSPECIFIED.);
#55=B_SPLINE_CURVE_WITH_KNOTS('',3,(#1878,#1879,#1880,#1881,#1882,#1883,
#1884,#1885,#1886,#1887,#1888,#1889,#1890,#1891,#1892,#1893),
 .UNSPECIFIED.,.F.,.F.,(4,2,2,2,2,2,2,4),(-3.24735654953423,-3.08875129873812,
-2.33887811951281,-1.68145989470275,-1.07495714993243,-0.495467186233968,
-0.209480043908028,0.),.UNSPECIFIED.);
#56=B_SPLINE_CURVE_WITH_KNOTS('',3,(#1895,#1896,#1897,#1898,#1899,#1900,
#1901,#1902,#1903,#1904,#1905,#1906,#1907,#1908,#1909,#1910,#1911,#1912,
#1913,#1914,#1915,#1916),.UNSPECIFIED.,.F.,.F.,(4,3,3,3,3,3,3,4),(-3.46251738449561,
-3.12983199718389,-2.9208856839104,-2.56920164614129,-2.20202697353618,
-1.82474474930037,-1.42898450592762,-1.18422410175454),.UNSPECIFIED.);
#57=B_SPLINE_CURVE_WITH_KNOTS('',3,(#1918,#1919,#1920,#1921,#1922,#1923,
#1924,#1925,#1926,#1927,#1928,#1929),.UNSPECIFIED.,.F.,.F.,(4,2,2,2,2,4),
(-5.39303371339176,-5.32210576567942,-4.92460357442149,-4.52679137235885,
-4.09855680265117,-3.6893130215501),.UNSPECIFIED.);
#58=B_SPLINE_CURVE_WITH_KNOTS('',3,(#1931,#1932,#1933,#1934,#1935,#1936,
#1937,#1938,#1939,#1940,#1941,#1942,#1943,#1944,#1945,#1946,#1947,#1948,
#1949,#1950,#1951,#1952,#1953,#1954,#1955,#1956,#1957,#1958,#1959,#1960,
#1961,#1962,#1963,#1964,#1965,#1966,#1967,#1968,#1969,#1970,#1971,#1972,
#1973,#1974,#1975,#1976,#1977,#1978,#1979,#1980,#1981,#1982),
 .UNSPECIFIED.,.F.,.F.,(4,3,3,3,3,3,3,3,3,3,3,3,3,3,3,3,3,4),(-3.97978327815717,
-3.87544205589356,-3.82948905142083,-3.58495635557974,-3.33926045320589,
-3.09291922318022,-3.00806780487934,-2.76168767764486,-2.51482387951666,
-2.26848557339096,-2.02395460008502,-1.91429612087509,-1.66792125998925,
-1.42054939207248,-1.27348727810209,-1.0267717990218,-0.779875832833863,
-0.610125403218808),.UNSPECIFIED.);
#59=B_SPLINE_CURVE_WITH_KNOTS('',3,(#1984,#1985,#1986,#1987,#1988,#1989,
#1990,#1991,#1992,#1993,#1994,#1995,#1996,#1997),.UNSPECIFIED.,.F.,.F.,
(4,2,2,2,2,2,4),(-3.88926249736884,-3.78289074440793,-3.37756019386672,
-3.01035586440907,-2.59561500167971,-2.39166376028382,-2.25284669903049),
 .UNSPECIFIED.);
#60=B_SPLINE_CURVE_WITH_KNOTS('',3,(#1998,#1999,#2000,#2001,#2002,#2003),
 .UNSPECIFIED.,.F.,.F.,(4,2,4),(-4.1145216682892,-2.35886264058063,-2.0265733024877),
 .UNSPECIFIED.);
#61=B_SPLINE_CURVE_WITH_KNOTS('',3,(#2010,#2011,#2012,#2013,#2014,#2015,
#2016,#2017,#2018,#2019,#2020,#2021,#2022,#2023,#2024,#2025),
 .UNSPECIFIED.,.F.,.F.,(4,2,2,2,2,2,2,4),(0.,0.0124787681643639,0.224818545508164,
0.521467910849816,1.13964039188649,1.85899406678008,2.63841933956183,3.17868486277758),
 .UNSPECIFIED.);
#62=B_SPLINE_CURVE_WITH_KNOTS('',3,(#2030,#2031,#2032,#2033,#2034,#2035,
#2036,#2037,#2038,#2039,#2040,#2041),.UNSPECIFIED.,.F.,.F.,(4,2,2,2,2,4),
(-3.18416180044801,-3.05003557547761,-2.27515339306646,-1.530008251164,
-0.780791349791267,0.),.UNSPECIFIED.);
#63=B_SPLINE_CURVE_WITH_KNOTS('',3,(#2045,#2046,#2047,#2048,#2049,#2050,
#2051,#2052,#2053,#2054,#2055,#2056),.UNSPECIFIED.,.F.,.F.,(4,2,2,2,2,4),
(1.54418962864001E-9,0.667895864571482,1.41404394810307,2.17696921846016,
2.97486227960087,3.18664872308361),.UNSPECIFIED.);
#64=B_SPLINE_CURVE_WITH_KNOTS('',3,(#2063,#2064,#2065,#2066),
 .UNSPECIFIED.,.F.,.F.,(4,4),(-0.425655748291189,-0.376283573884876),
 .UNSPECIFIED.);
#65=B_SPLINE_CURVE_WITH_KNOTS('',3,(#2096,#2097,#2098,#2099,#2100,#2101),
 .UNSPECIFIED.,.F.,.F.,(4,2,4),(-8.00364910444593,-3.41802768001682,-1.00075087599167),
 .UNSPECIFIED.);
#66=B_SPLINE_CURVE_WITH_KNOTS('',3,(#2103,#2104,#2105,#2106,#2107,#2108,
#2109,#2110,#2111,#2112,#2113,#2114),.UNSPECIFIED.,.F.,.F.,(4,2,2,2,2,4),
(-2.37482174418969,-2.17703361648843,-1.9157660795536,-1.5211305626262,
-1.12396729370371,-0.787340255139273),.UNSPECIFIED.);
#67=B_SPLINE_CURVE_WITH_KNOTS('',3,(#2118,#2119,#2120,#2121,#2122,#2123,
#2124,#2125,#2126,#2127,#2128,#2129,#2130,#2131),.UNSPECIFIED.,.F.,.F.,
(4,2,2,2,2,2,4),(-4.18430637872776,-4.0066999568888,-3.63508998577192,-3.28195616251029,
-2.9412465030374,-2.70638658818119,-2.59464846252778),.UNSPECIFIED.);
#68=B_SPLINE_CURVE_WITH_KNOTS('',3,(#2133,#2134,#2135,#2136,#2137,#2138),
 .UNSPECIFIED.,.F.,.F.,(4,2,4),(-9.39063763973212,-2.66224536637263,-2.02344402527466),
 .UNSPECIFIED.);
#69=B_SPLINE_CURVE_WITH_KNOTS('',3,(#2139,#2140,#2141,#2142,#2143,#2144,
#2145,#2146,#2147,#2148,#2149,#2150),.UNSPECIFIED.,.F.,.F.,(4,2,2,2,2,4),
(0.,0.74141840199451,1.46927209680883,2.19359465193076,2.95053964057877,
3.26996064349862),.UNSPECIFIED.);
#70=B_SPLINE_CURVE_WITH_KNOTS('',3,(#2153,#2154,#2155,#2156,#2157,#2158,
#2159,#2160,#2161,#2162,#2163,#2164),.UNSPECIFIED.,.F.,.F.,(4,2,2,2,2,4),
(-3.2293037079564,-2.95858223335306,-2.25345564838712,-1.56097190818842,
-0.819860197306242,0.),.UNSPECIFIED.);
#71=B_SPLINE_CURVE_WITH_KNOTS('',3,(#2169,#2170,#2171,#2172,#2173,#2174,
#2175,#2176),.UNSPECIFIED.,.F.,.F.,(4,2,2,4),(-8.33547934706713,-6.63530468241966,
-2.6953475291989,-1.00610326468487),.UNSPECIFIED.);
#72=B_SPLINE_CURVE_WITH_KNOTS('',3,(#2180,#2181,#2182,#2183,#2184,#2185,
#2186,#2187,#2188,#2189,#2190,#2191,#2192,#2193,#2194,#2195),
 .UNSPECIFIED.,.F.,.F.,(4,2,2,2,2,2,2,4),(-3.20090893879197,-3.09096046897272,
-2.34629643265808,-1.68632592529599,-1.07838931766994,-0.497726017193319,
-0.210413689591568,0.),.UNSPECIFIED.);
#73=B_SPLINE_CURVE_WITH_KNOTS('',3,(#2204,#2205,#2206,#2207,#2208,#2209,
#2210,#2211,#2212,#2213,#2214,#2215,#2216,#2217,#2218,#2219),
 .UNSPECIFIED.,.F.,.F.,(4,2,2,2,2,2,2,4),(0.,0.00245071076645509,0.215584175653975,
0.506920023671196,1.09598007477168,1.79405215369224,2.54559979609157,3.20743095045117),
 .UNSPECIFIED.);
#74=B_SPLINE_CURVE_WITH_KNOTS('',3,(#2224,#2225,#2226,#2227,#2228,#2229,
#2230,#2231,#2232,#2233,#2234,#2235,#2236,#2237),.UNSPECIFIED.,.F.,.F.,
(4,2,2,2,2,2,4),(-2.33734875893616,-2.16647108667387,-1.91503028906324,
-1.54705993260858,-1.14877055170687,-0.748718367135207,-0.746318099651006),
 .UNSPECIFIED.);
#75=B_SPLINE_CURVE_WITH_KNOTS('',3,(#2246,#2247,#2248,#2249,#2250,#2251,
#2252,#2253,#2254,#2255,#2256,#2257,#2258,#2259),.UNSPECIFIED.,.F.,.F.,
(4,2,2,2,2,2,4),(-3.6001997115883,-3.57331337187823,-3.31327482718666,-2.9973644353843,
-2.60125913250009,-2.2021642761122,-2.00775880827054),.UNSPECIFIED.);
#76=B_SPLINE_CURVE_WITH_KNOTS('',3,(#2264,#2265,#2266,#2267,#2268,#2269,
#2270,#2271,#2272,#2273,#2274,#2275,#2276,#2277),.UNSPECIFIED.,.F.,.F.,
(4,2,2,2,2,2,4),(-5.15518006326427,-5.06066741549002,-4.68428365875491,
-4.32369072448463,-3.96487765940163,-3.6953817529053,-3.56482313690662),
 .UNSPECIFIED.);
#77=B_SPLINE_CURVE_WITH_KNOTS('',3,(#2287,#2288,#2289,#2290,#2291,#2292,
#2293,#2294,#2295,#2296,#2297,#2298,#2299,#2300),.UNSPECIFIED.,.F.,.F.,
(4,2,2,2,2,2,4),(-5.13887664889028,-4.80765357873879,-4.44456199001163,
-4.04664654425665,-3.77495491383314,-3.558459509004,-3.55094643277688),
 .UNSPECIFIED.);
#78=B_SPLINE_CURVE_WITH_KNOTS('',3,(#2304,#2305,#2306,#2307,#2308,#2309,
#2310,#2311,#2312,#2313,#2314,#2315,#2316,#2317),.UNSPECIFIED.,.F.,.F.,
(4,2,2,2,2,2,4),(-4.13113812441747,-4.04516419967918,-3.88622453304986,
-3.60582890813728,-3.21080296061557,-2.78095294694948,-2.4957915624873),
 .UNSPECIFIED.);
#79=B_SPLINE_CURVE_WITH_KNOTS('',3,(#2323,#2324,#2325,#2326,#2327,#2328,
#2329,#2330,#2331,#2332),.UNSPECIFIED.,.F.,.F.,(4,2,2,2,4),(-7.91078029168442,
-7.37663946649683,-6.25262089536327,-4.16841393024218,-4.07845877847768),
 .UNSPECIFIED.);
#80=B_SPLINE_CURVE_WITH_KNOTS('',3,(#2335,#2336,#2337,#2338,#2339,#2340,
#2341,#2342,#2343,#2344,#2345,#2346),.UNSPECIFIED.,.F.,.F.,(4,2,2,2,2,4),
(-4.84129130252006,-4.59255881214839,-4.11771483514045,-3.71183342269546,
-3.33706697052932,-3.14210996439624),.UNSPECIFIED.);
#81=B_SPLINE_CURVE_WITH_KNOTS('',3,(#2349,#2350,#2351,#2352,#2353,#2354),
 .UNSPECIFIED.,.F.,.F.,(4,2,4),(-9.06605776775832,-3.30817704621811,-2.00378724116908),
 .UNSPECIFIED.);
#82=B_SPLINE_CURVE_WITH_KNOTS('',3,(#2356,#2357,#2358,#2359,#2360,#2361),
 .UNSPECIFIED.,.F.,.F.,(4,2,4),(-8.86665840149154,-3.32126705903991,-1.99397847946293),
 .UNSPECIFIED.);
#83=B_SPLINE_CURVE_WITH_KNOTS('',3,(#2430,#2431,#2432,#2433),
 .UNSPECIFIED.,.F.,.F.,(4,4),(-3.28478399816481,-1.13277336771337),
 .UNSPECIFIED.);
#84=B_SPLINE_CURVE_WITH_KNOTS('',3,(#2434,#2435,#2436,#2437),
 .UNSPECIFIED.,.F.,.F.,(4,4),(-4.14957977332729,-2.04594522025301),
 .UNSPECIFIED.);
#85=B_SPLINE_CURVE_WITH_KNOTS('',3,(#2438,#2439,#2440,#2441,#2442,#2443,
#2444,#2445,#2446,#2447),.UNSPECIFIED.,.F.,.F.,(4,2,2,2,4),(-8.3306948677023,
-8.05055981666027,-5.68316465485271,-1.9974637768273,-1.00912935700228),
 .UNSPECIFIED.);
#86=B_SPLINE_CURVE_WITH_KNOTS('',3,(#2451,#2452,#2453,#2454),
 .UNSPECIFIED.,.F.,.F.,(4,4),(0.5,1.),.UNSPECIFIED.);
#87=FACE_BOUND('',#168,.T.);
#88=FACE_BOUND('',#182,.T.);
#89=FACE_BOUND('',#183,.T.);
#90=FACE_BOUND('',#189,.T.);
#91=FACE_BOUND('',#207,.T.);
#92=FACE_BOUND('',#208,.T.);
#93=FACE_BOUND('',#213,.T.);
#94=PLANE('',#880);
#95=PLANE('',#881);
#96=PLANE('',#882);
#97=PLANE('',#883);
#98=PLANE('',#884);
#99=PLANE('',#885);
#100=PLANE('',#886);
#101=PLANE('',#887);
#102=PLANE('',#889);
#103=PLANE('',#895);
#104=PLANE('',#899);
#105=PLANE('',#903);
#106=PLANE('',#905);
#107=PLANE('',#909);
#108=PLANE('',#914);
#109=PLANE('',#919);
#110=PLANE('',#921);
#111=PLANE('',#922);
#112=PLANE('',#925);
#113=PLANE('',#926);
#114=PLANE('',#927);
#115=TOROIDAL_SURFACE('',#869,50.,36.);
#116=TOROIDAL_SURFACE('',#876,50.,40.);
#117=FACE_OUTER_BOUND('',#163,.T.);
#118=FACE_OUTER_BOUND('',#164,.T.);
#119=FACE_OUTER_BOUND('',#165,.T.);
#120=FACE_OUTER_BOUND('',#166,.T.);
#121=FACE_OUTER_BOUND('',#167,.T.);
#122=FACE_OUTER_BOUND('',#169,.T.);
#123=FACE_OUTER_BOUND('',#170,.T.);
#124=FACE_OUTER_BOUND('',#171,.T.);
#125=FACE_OUTER_BOUND('',#172,.T.);
#126=FACE_OUTER_BOUND('',#173,.T.);
#127=FACE_OUTER_BOUND('',#174,.T.);
#128=FACE_OUTER_BOUND('',#175,.T.);
#129=FACE_OUTER_BOUND('',#176,.T.);
#130=FACE_OUTER_BOUND('',#177,.T.);
#131=FACE_OUTER_BOUND('',#178,.T.);
#132=FACE_OUTER_BOUND('',#179,.T.);
#133=FACE_OUTER_BOUND('',#180,.T.);
#134=FACE_OUTER_BOUND('',#181,.T.);
#135=FACE_OUTER_BOUND('',#184,.T.);
#136=FACE_OUTER_BOUND('',#185,.T.);
#137=FACE_OUTER_BOUND('',#186,.T.);
#138=FACE_OUTER_BOUND('',#187,.T.);
#139=FACE_OUTER_BOUND('',#188,.T.);
#140=FACE_OUTER_BOUND('',#190,.T.);
#141=FACE_OUTER_BOUND('',#191,.T.);
#142=FACE_OUTER_BOUND('',#192,.T.);
#143=FACE_OUTER_BOUND('',#193,.T.);
#144=FACE_OUTER_BOUND('',#194,.T.);
#145=FACE_OUTER_BOUND('',#195,.T.);
#146=FACE_OUTER_BOUND('',#196,.T.);
#147=FACE_OUTER_BOUND('',#197,.T.);
#148=FACE_OUTER_BOUND('',#198,.T.);
#149=FACE_OUTER_BOUND('',#199,.T.);
#150=FACE_OUTER_BOUND('',#200,.T.);
#151=FACE_OUTER_BOUND('',#201,.T.);
#152=FACE_OUTER_BOUND('',#202,.T.);
#153=FACE_OUTER_BOUND('',#203,.T.);
#154=FACE_OUTER_BOUND('',#204,.T.);
#155=FACE_OUTER_BOUND('',#205,.T.);
#156=FACE_OUTER_BOUND('',#206,.T.);
#157=FACE_OUTER_BOUND('',#209,.T.);
#158=FACE_OUTER_BOUND('',#210,.T.);
#159=FACE_OUTER_BOUND('',#211,.T.);
#160=FACE_OUTER_BOUND('',#212,.T.);
#161=FACE_OUTER_BOUND('',#214,.T.);
#162=FACE_OUTER_BOUND('',#215,.T.);
#163=EDGE_LOOP('',(#530,#531,#532,#533));
#164=EDGE_LOOP('',(#534,#535,#536,#537,#538));
#165=EDGE_LOOP('',(#539,#540,#541,#542));
#166=EDGE_LOOP('',(#543,#544,#545,#546,#547));
#167=EDGE_LOOP('',(#548));
#168=EDGE_LOOP('',(#549));
#169=EDGE_LOOP('',(#550,#551,#552,#553));
#170=EDGE_LOOP('',(#554,#555,#556,#557));
#171=EDGE_LOOP('',(#558,#559,#560,#561));
#172=EDGE_LOOP('',(#562,#563,#564,#565));
#173=EDGE_LOOP('',(#566,#567,#568,#569));
#174=EDGE_LOOP('',(#570,#571,#572,#573));
#175=EDGE_LOOP('',(#574,#575,#576,#577));
#176=EDGE_LOOP('',(#578,#579,#580,#581));
#177=EDGE_LOOP('',(#582,#583,#584,#585));
#178=EDGE_LOOP('',(#586,#587,#588,#589));
#179=EDGE_LOOP('',(#590,#591,#592,#593,#594,#595));
#180=EDGE_LOOP('',(#596,#597,#598,#599));
#181=EDGE_LOOP('',(#600,#601,#602,#603,#604,#605,#606,#607,#608,#609,#610,
#611,#612,#613,#614,#615,#616,#617,#618));
#182=EDGE_LOOP('',(#619,#620,#621,#622));
#183=EDGE_LOOP('',(#623,#624));
#184=EDGE_LOOP('',(#625,#626,#627,#628));
#185=EDGE_LOOP('',(#629,#630,#631,#632));
#186=EDGE_LOOP('',(#633,#634,#635,#636));
#187=EDGE_LOOP('',(#637,#638,#639,#640));
#188=EDGE_LOOP('',(#641,#642,#643,#644,#645,#646,#647,#648));
#189=EDGE_LOOP('',(#649,#650,#651,#652,#653,#654));
#190=EDGE_LOOP('',(#655,#656,#657,#658));
#191=EDGE_LOOP('',(#659,#660,#661,#662));
#192=EDGE_LOOP('',(#663,#664,#665,#666));
#193=EDGE_LOOP('',(#667,#668,#669,#670));
#194=EDGE_LOOP('',(#671,#672,#673,#674));
#195=EDGE_LOOP('',(#675,#676,#677,#678));
#196=EDGE_LOOP('',(#679,#680,#681,#682));
#197=EDGE_LOOP('',(#683,#684,#685,#686));
#198=EDGE_LOOP('',(#687,#688,#689,#690));
#199=EDGE_LOOP('',(#691,#692,#693,#694));
#200=EDGE_LOOP('',(#695,#696,#697,#698));
#201=EDGE_LOOP('',(#699,#700,#701,#702));
#202=EDGE_LOOP('',(#703,#704,#705,#706));
#203=EDGE_LOOP('',(#707,#708,#709,#710));
#204=EDGE_LOOP('',(#711,#712,#713,#714));
#205=EDGE_LOOP('',(#715,#716,#717,#718));
#206=EDGE_LOOP('',(#719,#720,#721,#722,#723,#724,#725,#726,#727,#728,#729,
#730,#731,#732,#733,#734,#735,#736,#737));
#207=EDGE_LOOP('',(#738,#739,#740,#741));
#208=EDGE_LOOP('',(#742,#743));
#209=EDGE_LOOP('',(#744,#745,#746,#747));
#210=EDGE_LOOP('',(#748,#749,#750,#751));
#211=EDGE_LOOP('',(#752,#753,#754,#755));
#212=EDGE_LOOP('',(#756,#757,#758,#759,#760,#761,#762,#763));
#213=EDGE_LOOP('',(#764,#765,#766,#767,#768,#769));
#214=EDGE_LOOP('',(#770,#771,#772,#773,#774,#775,#776,#777,#778));
#215=EDGE_LOOP('',(#779,#780,#781,#782,#783,#784,#785,#786,#787));
#216=LINE('',#1107,#255);
#217=LINE('',#1119,#256);
#218=LINE('',#1138,#257);
#219=LINE('',#1146,#258);
#220=LINE('',#1162,#259);
#221=LINE('',#1174,#260);
#222=LINE('',#1190,#261);
#223=LINE('',#1198,#262);
#224=LINE('',#1224,#263);
#225=LINE('',#1275,#264);
#226=LINE('',#1412,#265);
#227=LINE('',#1428,#266);
#228=LINE('',#1538,#267);
#229=LINE('',#1612,#268);
#230=LINE('',#1630,#269);
#231=LINE('',#2007,#270);
#232=LINE('',#2026,#271);
#233=LINE('',#2043,#272);
#234=LINE('',#2057,#273);
#235=LINE('',#2062,#274);
#236=LINE('',#2165,#275);
#237=LINE('',#2168,#276);
#238=LINE('',#2196,#277);
#239=LINE('',#2197,#278);
#240=LINE('',#2201,#279);
#241=LINE('',#2220,#280);
#242=LINE('',#2238,#281);
#243=LINE('',#2239,#282);
#244=LINE('',#2243,#283);
#245=LINE('',#2262,#284);
#246=LINE('',#2278,#285);
#247=LINE('',#2282,#286);
#248=LINE('',#2286,#287);
#249=LINE('',#2318,#288);
#250=LINE('',#2319,#289);
#251=LINE('',#2322,#290);
#252=LINE('',#2347,#291);
#253=LINE('',#2525,#292);
#254=LINE('',#2527,#293);
#255=VECTOR('',#937,36.);
#256=VECTOR('',#952,40.);
#257=VECTOR('',#967,10.);
#258=VECTOR('',#968,10.);
#259=VECTOR('',#971,10.);
#260=VECTOR('',#974,10.);
#261=VECTOR('',#977,10.);
#262=VECTOR('',#980,10.);
#263=VECTOR('',#985,10.);
#264=VECTOR('',#986,10.);
#265=VECTOR('',#989,10.);
#266=VECTOR('',#992,10.);
#267=VECTOR('',#997,22.5);
#268=VECTOR('',#1000,10.);
#269=VECTOR('',#1001,10.);
#270=VECTOR('',#1010,10.);
#271=VECTOR('',#1013,10.);
#272=VECTOR('',#1016,10.);
#273=VECTOR('',#1017,10.);
#274=VECTOR('',#1022,10.);
#275=VECTOR('',#1027,10.);
#276=VECTOR('',#1030,10.);
#277=VECTOR('',#1033,10.);
#278=VECTOR('',#1034,10.);
#279=VECTOR('',#1039,10.);
#280=VECTOR('',#1042,10.);
#281=VECTOR('',#1045,10.);
#282=VECTOR('',#1046,10.);
#283=VECTOR('',#1051,10.);
#284=VECTOR('',#1058,10.);
#285=VECTOR('',#1059,10.);
#286=VECTOR('',#1064,10.);
#287=VECTOR('',#1069,10.);
#288=VECTOR('',#1072,10.);
#289=VECTOR('',#1073,10.);
#290=VECTOR('',#1076,10.);
#291=VECTOR('',#1079,10.);
#292=VECTOR('',#1098,40.);
#293=VECTOR('',#1101,40.);
#294=CIRCLE('',#867,36.);
#295=CIRCLE('',#868,36.);
#296=CIRCLE('',#870,36.);
#297=CIRCLE('',#871,14.);
#298=CIRCLE('',#872,36.);
#299=CIRCLE('',#874,40.);
#300=CIRCLE('',#875,40.);
#301=CIRCLE('',#877,9.99999999999998);
#302=CIRCLE('',#878,40.);
#303=CIRCLE('',#879,40.);
#304=CIRCLE('',#893,36.);
#305=CIRCLE('',#894,36.);
#306=CIRCLE('',#896,66.7060771166581);
#307=CIRCLE('',#900,66.7060771166581);
#308=CIRCLE('',#901,40.);
#309=CIRCLE('',#906,66.7060771166581);
#310=CIRCLE('',#910,36.);
#311=CIRCLE('',#911,40.);
#312=CIRCLE('',#915,36.);
#313=CIRCLE('',#916,40.);
#314=CIRCLE('',#923,40.);
#315=CIRCLE('',#924,40.);
#316=CIRCLE('',#928,36.);
#317=VERTEX_POINT('',#1104);
#318=VERTEX_POINT('',#1106);
#319=VERTEX_POINT('',#1110);
#320=VERTEX_POINT('',#1111);
#321=VERTEX_POINT('',#1116);
#322=VERTEX_POINT('',#1118);
#323=VERTEX_POINT('',#1122);
#324=VERTEX_POINT('',#1124);
#325=VERTEX_POINT('',#1129);
#326=VERTEX_POINT('',#1130);
#327=VERTEX_POINT('',#1137);
#328=VERTEX_POINT('',#1139);
#329=VERTEX_POINT('',#1148);
#330=VERTEX_POINT('',#1155);
#331=VERTEX_POINT('',#1164);
#332=VERTEX_POINT('',#1169);
#333=VERTEX_POINT('',#1176);
#334=VERTEX_POINT('',#1183);
#335=VERTEX_POINT('',#1192);
#336=VERTEX_POINT('',#1197);
#337=VERTEX_POINT('',#1217);
#338=VERTEX_POINT('',#1218);
#339=VERTEX_POINT('',#1223);
#340=VERTEX_POINT('',#1225);
#341=VERTEX_POINT('',#1277);
#342=VERTEX_POINT('',#1387);
#343=VERTEX_POINT('',#1414);
#344=VERTEX_POINT('',#1421);
#345=VERTEX_POINT('',#1477);
#346=VERTEX_POINT('',#1478);
#347=VERTEX_POINT('',#1537);
#348=VERTEX_POINT('',#1539);
#349=VERTEX_POINT('',#1593);
#350=VERTEX_POINT('',#1594);
#351=VERTEX_POINT('',#1611);
#352=VERTEX_POINT('',#1613);
#353=VERTEX_POINT('',#1767);
#354=VERTEX_POINT('',#1774);
#355=VERTEX_POINT('',#1791);
#356=VERTEX_POINT('',#1798);
#357=VERTEX_POINT('',#1813);
#358=VERTEX_POINT('',#1815);
#359=VERTEX_POINT('',#1822);
#360=VERTEX_POINT('',#1824);
#361=VERTEX_POINT('',#1839);
#362=VERTEX_POINT('',#1848);
#363=VERTEX_POINT('',#1863);
#364=VERTEX_POINT('',#1877);
#365=VERTEX_POINT('',#1894);
#366=VERTEX_POINT('',#1917);
#367=VERTEX_POINT('',#1930);
#368=VERTEX_POINT('',#1983);
#369=VERTEX_POINT('',#2005);
#370=VERTEX_POINT('',#2009);
#371=VERTEX_POINT('',#2028);
#372=VERTEX_POINT('',#2029);
#373=VERTEX_POINT('',#2042);
#374=VERTEX_POINT('',#2044);
#375=VERTEX_POINT('',#2059);
#376=VERTEX_POINT('',#2061);
#377=VERTEX_POINT('',#2095);
#378=VERTEX_POINT('',#2102);
#379=VERTEX_POINT('',#2115);
#380=VERTEX_POINT('',#2117);
#381=VERTEX_POINT('',#2132);
#382=VERTEX_POINT('',#2152);
#383=VERTEX_POINT('',#2167);
#384=VERTEX_POINT('',#2178);
#385=VERTEX_POINT('',#2179);
#386=VERTEX_POINT('',#2199);
#387=VERTEX_POINT('',#2203);
#388=VERTEX_POINT('',#2222);
#389=VERTEX_POINT('',#2223);
#390=VERTEX_POINT('',#2241);
#391=VERTEX_POINT('',#2261);
#392=VERTEX_POINT('',#2263);
#393=VERTEX_POINT('',#2281);
#394=VERTEX_POINT('',#2285);
#395=VERTEX_POINT('',#2302);
#396=VERTEX_POINT('',#2303);
#397=VERTEX_POINT('',#2321);
#398=VERTEX_POINT('',#2334);
#399=VERTEX_POINT('',#2448);
#400=VERTEX_POINT('',#2450);
#401=EDGE_CURVE('',#317,#317,#294,.T.);
#402=EDGE_CURVE('',#317,#318,#216,.T.);
#403=EDGE_CURVE('',#318,#318,#295,.T.);
#404=EDGE_CURVE('',#319,#320,#296,.T.);
#405=EDGE_CURVE('',#319,#317,#297,.T.);
#406=EDGE_CURVE('',#320,#319,#298,.T.);
#407=EDGE_CURVE('',#321,#321,#299,.T.);
#408=EDGE_CURVE('',#321,#322,#217,.T.);
#409=EDGE_CURVE('',#322,#322,#300,.T.);
#410=EDGE_CURVE('',#322,#323,#301,.T.);
#411=EDGE_CURVE('',#323,#324,#302,.T.);
#412=EDGE_CURVE('',#324,#323,#303,.T.);
#413=EDGE_CURVE('',#325,#326,#20,.T.);
#414=EDGE_CURVE('',#325,#327,#218,.T.);
#415=EDGE_CURVE('',#328,#327,#21,.T.);
#416=EDGE_CURVE('',#326,#328,#219,.T.);
#417=EDGE_CURVE('',#326,#329,#22,.T.);
#418=EDGE_CURVE('',#330,#328,#23,.T.);
#419=EDGE_CURVE('',#329,#330,#220,.T.);
#420=EDGE_CURVE('',#329,#331,#24,.T.);
#421=EDGE_CURVE('',#332,#330,#25,.T.);
#422=EDGE_CURVE('',#331,#332,#221,.T.);
#423=EDGE_CURVE('',#331,#333,#26,.T.);
#424=EDGE_CURVE('',#334,#332,#27,.T.);
#425=EDGE_CURVE('',#333,#334,#222,.T.);
#426=EDGE_CURVE('',#335,#325,#28,.T.);
#427=EDGE_CURVE('',#335,#336,#223,.T.);
#428=EDGE_CURVE('',#327,#336,#29,.T.);
#429=EDGE_CURVE('',#333,#335,#30,.T.);
#430=EDGE_CURVE('',#336,#334,#31,.T.);
#431=EDGE_CURVE('',#337,#338,#32,.T.);
#432=EDGE_CURVE('',#339,#337,#224,.T.);
#433=EDGE_CURVE('',#340,#339,#33,.T.);
#434=EDGE_CURVE('',#340,#338,#225,.T.);
#435=EDGE_CURVE('',#338,#341,#34,.T.);
#436=EDGE_CURVE('',#342,#340,#35,.T.);
#437=EDGE_CURVE('',#342,#341,#226,.T.);
#438=EDGE_CURVE('',#341,#343,#36,.T.);
#439=EDGE_CURVE('',#344,#342,#37,.T.);
#440=EDGE_CURVE('',#344,#343,#227,.T.);
#441=EDGE_CURVE('',#343,#337,#38,.T.);
#442=EDGE_CURVE('',#339,#344,#39,.T.);
#443=EDGE_CURVE('',#345,#346,#40,.T.);
#444=EDGE_CURVE('',#346,#345,#41,.T.);
#445=EDGE_CURVE('',#346,#347,#228,.T.);
#446=EDGE_CURVE('',#348,#347,#42,.T.);
#447=EDGE_CURVE('',#347,#348,#43,.T.);
#448=EDGE_CURVE('',#349,#350,#44,.T.);
#449=EDGE_CURVE('',#350,#351,#229,.T.);
#450=EDGE_CURVE('',#351,#352,#45,.T.);
#451=EDGE_CURVE('',#352,#349,#230,.T.);
#452=EDGE_CURVE('',#353,#351,#46,.T.);
#453=EDGE_CURVE('',#354,#353,#47,.T.);
#454=EDGE_CURVE('',#354,#355,#48,.T.);
#455=EDGE_CURVE('',#356,#355,#49,.T.);
#456=EDGE_CURVE('',#357,#356,#304,.T.);
#457=EDGE_CURVE('',#358,#357,#50,.T.);
#458=EDGE_CURVE('',#359,#357,#305,.T.);
#459=EDGE_CURVE('',#359,#360,#51,.F.);
#460=EDGE_CURVE('',#360,#361,#52,.T.);
#461=EDGE_CURVE('',#362,#361,#53,.T.);
#462=EDGE_CURVE('',#363,#362,#54,.T.);
#463=EDGE_CURVE('',#364,#363,#55,.T.);
#464=EDGE_CURVE('',#364,#365,#56,.T.);
#465=EDGE_CURVE('',#366,#365,#57,.T.);
#466=EDGE_CURVE('',#366,#367,#58,.T.);
#467=EDGE_CURVE('',#367,#368,#59,.F.);
#468=EDGE_CURVE('',#368,#352,#60,.T.);
#469=EDGE_CURVE('',#350,#369,#306,.T.);
#470=EDGE_CURVE('',#353,#369,#231,.T.);
#471=EDGE_CURVE('',#369,#370,#61,.T.);
#472=EDGE_CURVE('',#370,#354,#232,.T.);
#473=EDGE_CURVE('',#371,#372,#62,.T.);
#474=EDGE_CURVE('',#372,#373,#233,.T.);
#475=EDGE_CURVE('',#373,#374,#63,.T.);
#476=EDGE_CURVE('',#374,#371,#234,.T.);
#477=EDGE_CURVE('',#372,#375,#307,.T.);
#478=EDGE_CURVE('',#376,#375,#235,.T.);
#479=EDGE_CURVE('',#376,#373,#64,.T.);
#480=EDGE_CURVE('',#371,#377,#65,.T.);
#481=EDGE_CURVE('',#377,#378,#66,.F.);
#482=EDGE_CURVE('',#378,#379,#308,.T.);
#483=EDGE_CURVE('',#380,#379,#67,.T.);
#484=EDGE_CURVE('',#380,#381,#68,.T.);
#485=EDGE_CURVE('',#375,#381,#69,.T.);
#486=EDGE_CURVE('',#382,#376,#70,.T.);
#487=EDGE_CURVE('',#381,#382,#236,.T.);
#488=EDGE_CURVE('',#383,#380,#237,.T.);
#489=EDGE_CURVE('',#382,#383,#71,.T.);
#490=EDGE_CURVE('',#384,#385,#72,.T.);
#491=EDGE_CURVE('',#385,#362,#238,.T.);
#492=EDGE_CURVE('',#361,#384,#239,.T.);
#493=EDGE_CURVE('',#385,#386,#309,.T.);
#494=EDGE_CURVE('',#363,#386,#240,.T.);
#495=EDGE_CURVE('',#386,#387,#73,.T.);
#496=EDGE_CURVE('',#387,#364,#241,.T.);
#497=EDGE_CURVE('',#388,#389,#74,.F.);
#498=EDGE_CURVE('',#388,#360,#242,.T.);
#499=EDGE_CURVE('',#359,#389,#243,.T.);
#500=EDGE_CURVE('',#390,#359,#310,.T.);
#501=EDGE_CURVE('',#379,#390,#244,.T.);
#502=EDGE_CURVE('',#379,#389,#311,.T.);
#503=EDGE_CURVE('',#390,#383,#75,.T.);
#504=EDGE_CURVE('',#377,#391,#245,.T.);
#505=EDGE_CURVE('',#392,#391,#76,.F.);
#506=EDGE_CURVE('',#392,#378,#246,.T.);
#507=EDGE_CURVE('',#356,#392,#312,.T.);
#508=EDGE_CURVE('',#393,#356,#247,.T.);
#509=EDGE_CURVE('',#393,#378,#313,.T.);
#510=EDGE_CURVE('',#355,#394,#248,.T.);
#511=EDGE_CURVE('',#394,#393,#77,.T.);
#512=EDGE_CURVE('',#395,#396,#78,.F.);
#513=EDGE_CURVE('',#395,#368,#249,.T.);
#514=EDGE_CURVE('',#367,#396,#250,.T.);
#515=EDGE_CURVE('',#397,#366,#251,.T.);
#516=EDGE_CURVE('',#396,#397,#79,.T.);
#517=EDGE_CURVE('',#398,#397,#80,.T.);
#518=EDGE_CURVE('',#365,#398,#252,.T.);
#519=EDGE_CURVE('',#394,#370,#81,.T.);
#520=EDGE_CURVE('',#391,#374,#82,.T.);
#521=EDGE_CURVE('',#349,#395,#83,.T.);
#522=EDGE_CURVE('',#398,#387,#84,.T.);
#523=EDGE_CURVE('',#384,#388,#85,.T.);
#524=EDGE_CURVE('',#389,#399,#314,.T.);
#525=EDGE_CURVE('',#400,#399,#86,.T.);
#526=EDGE_CURVE('',#399,#393,#315,.T.);
#527=EDGE_CURVE('',#392,#390,#316,.T.);
#528=EDGE_CURVE('',#357,#320,#253,.T.);
#529=EDGE_CURVE('',#324,#399,#254,.T.);
#530=ORIENTED_EDGE('',*,*,#401,.F.);
#531=ORIENTED_EDGE('',*,*,#402,.T.);
#532=ORIENTED_EDGE('',*,*,#403,.F.);
#533=ORIENTED_EDGE('',*,*,#402,.F.);
#534=ORIENTED_EDGE('',*,*,#404,.F.);
#535=ORIENTED_EDGE('',*,*,#405,.T.);
#536=ORIENTED_EDGE('',*,*,#401,.T.);
#537=ORIENTED_EDGE('',*,*,#405,.F.);
#538=ORIENTED_EDGE('',*,*,#406,.F.);
#539=ORIENTED_EDGE('',*,*,#407,.F.);
#540=ORIENTED_EDGE('',*,*,#408,.T.);
#541=ORIENTED_EDGE('',*,*,#409,.T.);
#542=ORIENTED_EDGE('',*,*,#408,.F.);
#543=ORIENTED_EDGE('',*,*,#409,.F.);
#544=ORIENTED_EDGE('',*,*,#410,.T.);
#545=ORIENTED_EDGE('',*,*,#411,.T.);
#546=ORIENTED_EDGE('',*,*,#412,.T.);
#547=ORIENTED_EDGE('',*,*,#410,.F.);
#548=ORIENTED_EDGE('',*,*,#407,.T.);
#549=ORIENTED_EDGE('',*,*,#403,.T.);
#550=ORIENTED_EDGE('',*,*,#413,.F.);
#551=ORIENTED_EDGE('',*,*,#414,.T.);
#552=ORIENTED_EDGE('',*,*,#415,.F.);
#553=ORIENTED_EDGE('',*,*,#416,.F.);
#554=ORIENTED_EDGE('',*,*,#417,.F.);
#555=ORIENTED_EDGE('',*,*,#416,.T.);
#556=ORIENTED_EDGE('',*,*,#418,.F.);
#557=ORIENTED_EDGE('',*,*,#419,.F.);
#558=ORIENTED_EDGE('',*,*,#420,.F.);
#559=ORIENTED_EDGE('',*,*,#419,.T.);
#560=ORIENTED_EDGE('',*,*,#421,.F.);
#561=ORIENTED_EDGE('',*,*,#422,.F.);
#562=ORIENTED_EDGE('',*,*,#423,.F.);
#563=ORIENTED_EDGE('',*,*,#422,.T.);
#564=ORIENTED_EDGE('',*,*,#424,.F.);
#565=ORIENTED_EDGE('',*,*,#425,.F.);
#566=ORIENTED_EDGE('',*,*,#426,.F.);
#567=ORIENTED_EDGE('',*,*,#427,.T.);
#568=ORIENTED_EDGE('',*,*,#428,.F.);
#569=ORIENTED_EDGE('',*,*,#414,.F.);
#570=ORIENTED_EDGE('',*,*,#429,.F.);
#571=ORIENTED_EDGE('',*,*,#425,.T.);
#572=ORIENTED_EDGE('',*,*,#430,.F.);
#573=ORIENTED_EDGE('',*,*,#427,.F.);
#574=ORIENTED_EDGE('',*,*,#431,.F.);
#575=ORIENTED_EDGE('',*,*,#432,.F.);
#576=ORIENTED_EDGE('',*,*,#433,.F.);
#577=ORIENTED_EDGE('',*,*,#434,.T.);
#578=ORIENTED_EDGE('',*,*,#435,.F.);
#579=ORIENTED_EDGE('',*,*,#434,.F.);
#580=ORIENTED_EDGE('',*,*,#436,.F.);
#581=ORIENTED_EDGE('',*,*,#437,.T.);
#582=ORIENTED_EDGE('',*,*,#438,.F.);
#583=ORIENTED_EDGE('',*,*,#437,.F.);
#584=ORIENTED_EDGE('',*,*,#439,.F.);
#585=ORIENTED_EDGE('',*,*,#440,.T.);
#586=ORIENTED_EDGE('',*,*,#441,.F.);
#587=ORIENTED_EDGE('',*,*,#440,.F.);
#588=ORIENTED_EDGE('',*,*,#442,.F.);
#589=ORIENTED_EDGE('',*,*,#432,.T.);
#590=ORIENTED_EDGE('',*,*,#443,.F.);
#591=ORIENTED_EDGE('',*,*,#444,.F.);
#592=ORIENTED_EDGE('',*,*,#445,.T.);
#593=ORIENTED_EDGE('',*,*,#446,.F.);
#594=ORIENTED_EDGE('',*,*,#447,.F.);
#595=ORIENTED_EDGE('',*,*,#445,.F.);
#596=ORIENTED_EDGE('',*,*,#448,.T.);
#597=ORIENTED_EDGE('',*,*,#449,.T.);
#598=ORIENTED_EDGE('',*,*,#450,.T.);
#599=ORIENTED_EDGE('',*,*,#451,.T.);
#600=ORIENTED_EDGE('',*,*,#450,.F.);
#601=ORIENTED_EDGE('',*,*,#452,.F.);
#602=ORIENTED_EDGE('',*,*,#453,.F.);
#603=ORIENTED_EDGE('',*,*,#454,.T.);
#604=ORIENTED_EDGE('',*,*,#455,.F.);
#605=ORIENTED_EDGE('',*,*,#456,.F.);
#606=ORIENTED_EDGE('',*,*,#457,.F.);
#607=ORIENTED_EDGE('',*,*,#457,.T.);
#608=ORIENTED_EDGE('',*,*,#458,.F.);
#609=ORIENTED_EDGE('',*,*,#459,.T.);
#610=ORIENTED_EDGE('',*,*,#460,.T.);
#611=ORIENTED_EDGE('',*,*,#461,.F.);
#612=ORIENTED_EDGE('',*,*,#462,.F.);
#613=ORIENTED_EDGE('',*,*,#463,.F.);
#614=ORIENTED_EDGE('',*,*,#464,.T.);
#615=ORIENTED_EDGE('',*,*,#465,.F.);
#616=ORIENTED_EDGE('',*,*,#466,.T.);
#617=ORIENTED_EDGE('',*,*,#467,.T.);
#618=ORIENTED_EDGE('',*,*,#468,.T.);
#619=ORIENTED_EDGE('',*,*,#438,.T.);
#620=ORIENTED_EDGE('',*,*,#441,.T.);
#621=ORIENTED_EDGE('',*,*,#431,.T.);
#622=ORIENTED_EDGE('',*,*,#435,.T.);
#623=ORIENTED_EDGE('',*,*,#446,.T.);
#624=ORIENTED_EDGE('',*,*,#447,.T.);
#625=ORIENTED_EDGE('',*,*,#449,.F.);
#626=ORIENTED_EDGE('',*,*,#469,.T.);
#627=ORIENTED_EDGE('',*,*,#470,.F.);
#628=ORIENTED_EDGE('',*,*,#452,.T.);
#629=ORIENTED_EDGE('',*,*,#453,.T.);
#630=ORIENTED_EDGE('',*,*,#470,.T.);
#631=ORIENTED_EDGE('',*,*,#471,.T.);
#632=ORIENTED_EDGE('',*,*,#472,.T.);
#633=ORIENTED_EDGE('',*,*,#473,.T.);
#634=ORIENTED_EDGE('',*,*,#474,.T.);
#635=ORIENTED_EDGE('',*,*,#475,.T.);
#636=ORIENTED_EDGE('',*,*,#476,.T.);
#637=ORIENTED_EDGE('',*,*,#474,.F.);
#638=ORIENTED_EDGE('',*,*,#477,.T.);
#639=ORIENTED_EDGE('',*,*,#478,.F.);
#640=ORIENTED_EDGE('',*,*,#479,.T.);
#641=ORIENTED_EDGE('',*,*,#473,.F.);
#642=ORIENTED_EDGE('',*,*,#480,.T.);
#643=ORIENTED_EDGE('',*,*,#481,.T.);
#644=ORIENTED_EDGE('',*,*,#482,.T.);
#645=ORIENTED_EDGE('',*,*,#483,.F.);
#646=ORIENTED_EDGE('',*,*,#484,.T.);
#647=ORIENTED_EDGE('',*,*,#485,.F.);
#648=ORIENTED_EDGE('',*,*,#477,.F.);
#649=ORIENTED_EDGE('',*,*,#423,.T.);
#650=ORIENTED_EDGE('',*,*,#429,.T.);
#651=ORIENTED_EDGE('',*,*,#426,.T.);
#652=ORIENTED_EDGE('',*,*,#413,.T.);
#653=ORIENTED_EDGE('',*,*,#417,.T.);
#654=ORIENTED_EDGE('',*,*,#420,.T.);
#655=ORIENTED_EDGE('',*,*,#486,.T.);
#656=ORIENTED_EDGE('',*,*,#478,.T.);
#657=ORIENTED_EDGE('',*,*,#485,.T.);
#658=ORIENTED_EDGE('',*,*,#487,.T.);
#659=ORIENTED_EDGE('',*,*,#487,.F.);
#660=ORIENTED_EDGE('',*,*,#484,.F.);
#661=ORIENTED_EDGE('',*,*,#488,.F.);
#662=ORIENTED_EDGE('',*,*,#489,.F.);
#663=ORIENTED_EDGE('',*,*,#490,.T.);
#664=ORIENTED_EDGE('',*,*,#491,.T.);
#665=ORIENTED_EDGE('',*,*,#461,.T.);
#666=ORIENTED_EDGE('',*,*,#492,.T.);
#667=ORIENTED_EDGE('',*,*,#491,.F.);
#668=ORIENTED_EDGE('',*,*,#493,.T.);
#669=ORIENTED_EDGE('',*,*,#494,.F.);
#670=ORIENTED_EDGE('',*,*,#462,.T.);
#671=ORIENTED_EDGE('',*,*,#463,.T.);
#672=ORIENTED_EDGE('',*,*,#494,.T.);
#673=ORIENTED_EDGE('',*,*,#495,.T.);
#674=ORIENTED_EDGE('',*,*,#496,.T.);
#675=ORIENTED_EDGE('',*,*,#497,.F.);
#676=ORIENTED_EDGE('',*,*,#498,.T.);
#677=ORIENTED_EDGE('',*,*,#459,.F.);
#678=ORIENTED_EDGE('',*,*,#499,.T.);
#679=ORIENTED_EDGE('',*,*,#499,.F.);
#680=ORIENTED_EDGE('',*,*,#500,.F.);
#681=ORIENTED_EDGE('',*,*,#501,.F.);
#682=ORIENTED_EDGE('',*,*,#502,.T.);
#683=ORIENTED_EDGE('',*,*,#503,.T.);
#684=ORIENTED_EDGE('',*,*,#488,.T.);
#685=ORIENTED_EDGE('',*,*,#483,.T.);
#686=ORIENTED_EDGE('',*,*,#501,.T.);
#687=ORIENTED_EDGE('',*,*,#481,.F.);
#688=ORIENTED_EDGE('',*,*,#504,.T.);
#689=ORIENTED_EDGE('',*,*,#505,.F.);
#690=ORIENTED_EDGE('',*,*,#506,.T.);
#691=ORIENTED_EDGE('',*,*,#506,.F.);
#692=ORIENTED_EDGE('',*,*,#507,.F.);
#693=ORIENTED_EDGE('',*,*,#508,.F.);
#694=ORIENTED_EDGE('',*,*,#509,.T.);
#695=ORIENTED_EDGE('',*,*,#455,.T.);
#696=ORIENTED_EDGE('',*,*,#510,.T.);
#697=ORIENTED_EDGE('',*,*,#511,.T.);
#698=ORIENTED_EDGE('',*,*,#508,.T.);
#699=ORIENTED_EDGE('',*,*,#512,.F.);
#700=ORIENTED_EDGE('',*,*,#513,.T.);
#701=ORIENTED_EDGE('',*,*,#467,.F.);
#702=ORIENTED_EDGE('',*,*,#514,.T.);
#703=ORIENTED_EDGE('',*,*,#514,.F.);
#704=ORIENTED_EDGE('',*,*,#466,.F.);
#705=ORIENTED_EDGE('',*,*,#515,.F.);
#706=ORIENTED_EDGE('',*,*,#516,.F.);
#707=ORIENTED_EDGE('',*,*,#517,.T.);
#708=ORIENTED_EDGE('',*,*,#515,.T.);
#709=ORIENTED_EDGE('',*,*,#465,.T.);
#710=ORIENTED_EDGE('',*,*,#518,.T.);
#711=ORIENTED_EDGE('',*,*,#472,.F.);
#712=ORIENTED_EDGE('',*,*,#519,.F.);
#713=ORIENTED_EDGE('',*,*,#510,.F.);
#714=ORIENTED_EDGE('',*,*,#454,.F.);
#715=ORIENTED_EDGE('',*,*,#476,.F.);
#716=ORIENTED_EDGE('',*,*,#520,.F.);
#717=ORIENTED_EDGE('',*,*,#504,.F.);
#718=ORIENTED_EDGE('',*,*,#480,.F.);
#719=ORIENTED_EDGE('',*,*,#448,.F.);
#720=ORIENTED_EDGE('',*,*,#521,.T.);
#721=ORIENTED_EDGE('',*,*,#512,.T.);
#722=ORIENTED_EDGE('',*,*,#516,.T.);
#723=ORIENTED_EDGE('',*,*,#517,.F.);
#724=ORIENTED_EDGE('',*,*,#522,.T.);
#725=ORIENTED_EDGE('',*,*,#495,.F.);
#726=ORIENTED_EDGE('',*,*,#493,.F.);
#727=ORIENTED_EDGE('',*,*,#490,.F.);
#728=ORIENTED_EDGE('',*,*,#523,.T.);
#729=ORIENTED_EDGE('',*,*,#497,.T.);
#730=ORIENTED_EDGE('',*,*,#524,.T.);
#731=ORIENTED_EDGE('',*,*,#525,.F.);
#732=ORIENTED_EDGE('',*,*,#525,.T.);
#733=ORIENTED_EDGE('',*,*,#526,.T.);
#734=ORIENTED_EDGE('',*,*,#511,.F.);
#735=ORIENTED_EDGE('',*,*,#519,.T.);
#736=ORIENTED_EDGE('',*,*,#471,.F.);
#737=ORIENTED_EDGE('',*,*,#469,.F.);
#738=ORIENTED_EDGE('',*,*,#439,.T.);
#739=ORIENTED_EDGE('',*,*,#436,.T.);
#740=ORIENTED_EDGE('',*,*,#433,.T.);
#741=ORIENTED_EDGE('',*,*,#442,.T.);
#742=ORIENTED_EDGE('',*,*,#443,.T.);
#743=ORIENTED_EDGE('',*,*,#444,.T.);
#744=ORIENTED_EDGE('',*,*,#496,.F.);
#745=ORIENTED_EDGE('',*,*,#522,.F.);
#746=ORIENTED_EDGE('',*,*,#518,.F.);
#747=ORIENTED_EDGE('',*,*,#464,.F.);
#748=ORIENTED_EDGE('',*,*,#451,.F.);
#749=ORIENTED_EDGE('',*,*,#468,.F.);
#750=ORIENTED_EDGE('',*,*,#513,.F.);
#751=ORIENTED_EDGE('',*,*,#521,.F.);
#752=ORIENTED_EDGE('',*,*,#492,.F.);
#753=ORIENTED_EDGE('',*,*,#460,.F.);
#754=ORIENTED_EDGE('',*,*,#498,.F.);
#755=ORIENTED_EDGE('',*,*,#523,.F.);
#756=ORIENTED_EDGE('',*,*,#475,.F.);
#757=ORIENTED_EDGE('',*,*,#479,.F.);
#758=ORIENTED_EDGE('',*,*,#486,.F.);
#759=ORIENTED_EDGE('',*,*,#489,.T.);
#760=ORIENTED_EDGE('',*,*,#503,.F.);
#761=ORIENTED_EDGE('',*,*,#527,.F.);
#762=ORIENTED_EDGE('',*,*,#505,.T.);
#763=ORIENTED_EDGE('',*,*,#520,.T.);
#764=ORIENTED_EDGE('',*,*,#424,.T.);
#765=ORIENTED_EDGE('',*,*,#421,.T.);
#766=ORIENTED_EDGE('',*,*,#418,.T.);
#767=ORIENTED_EDGE('',*,*,#415,.T.);
#768=ORIENTED_EDGE('',*,*,#428,.T.);
#769=ORIENTED_EDGE('',*,*,#430,.T.);
#770=ORIENTED_EDGE('',*,*,#456,.T.);
#771=ORIENTED_EDGE('',*,*,#507,.T.);
#772=ORIENTED_EDGE('',*,*,#527,.T.);
#773=ORIENTED_EDGE('',*,*,#500,.T.);
#774=ORIENTED_EDGE('',*,*,#458,.T.);
#775=ORIENTED_EDGE('',*,*,#528,.T.);
#776=ORIENTED_EDGE('',*,*,#406,.T.);
#777=ORIENTED_EDGE('',*,*,#404,.T.);
#778=ORIENTED_EDGE('',*,*,#528,.F.);
#779=ORIENTED_EDGE('',*,*,#411,.F.);
#780=ORIENTED_EDGE('',*,*,#412,.F.);
#781=ORIENTED_EDGE('',*,*,#529,.T.);
#782=ORIENTED_EDGE('',*,*,#524,.F.);
#783=ORIENTED_EDGE('',*,*,#502,.F.);
#784=ORIENTED_EDGE('',*,*,#482,.F.);
#785=ORIENTED_EDGE('',*,*,#509,.F.);
#786=ORIENTED_EDGE('',*,*,#526,.F.);
#787=ORIENTED_EDGE('',*,*,#529,.F.);
#788=CYLINDRICAL_SURFACE('',#866,36.);
#789=CYLINDRICAL_SURFACE('',#873,40.);
#790=CYLINDRICAL_SURFACE('',#888,10.);
#791=CYLINDRICAL_SURFACE('',#890,10.);
#792=CYLINDRICAL_SURFACE('',#892,20.);
#793=CYLINDRICAL_SURFACE('',#897,20.);
#794=CYLINDRICAL_SURFACE('',#898,20.);
#795=CYLINDRICAL_SURFACE('',#902,20.);
#796=CYLINDRICAL_SURFACE('',#904,20.);
#797=CYLINDRICAL_SURFACE('',#907,20.);
#798=CYLINDRICAL_SURFACE('',#908,10.);
#799=CYLINDRICAL_SURFACE('',#912,10.);
#800=CYLINDRICAL_SURFACE('',#913,10.);
#801=CYLINDRICAL_SURFACE('',#917,10.);
#802=CYLINDRICAL_SURFACE('',#918,10.);
#803=CYLINDRICAL_SURFACE('',#920,10.);
#804=CYLINDRICAL_SURFACE('',#929,36.);
#805=CYLINDRICAL_SURFACE('',#930,40.);
#806=ADVANCED_FACE('',(#117),#788,.F.);
#807=ADVANCED_FACE('',(#118),#115,.F.);
#808=ADVANCED_FACE('',(#119),#789,.T.);
#809=ADVANCED_FACE('',(#120),#116,.T.);
#810=ADVANCED_FACE('',(#121,#87),#94,.T.);
#811=ADVANCED_FACE('',(#122),#95,.F.);
#812=ADVANCED_FACE('',(#123),#96,.F.);
#813=ADVANCED_FACE('',(#124),#97,.F.);
#814=ADVANCED_FACE('',(#125),#98,.F.);
#815=ADVANCED_FACE('',(#126),#99,.F.);
#816=ADVANCED_FACE('',(#127),#100,.F.);
#817=ADVANCED_FACE('',(#128),#101,.F.);
#818=ADVANCED_FACE('',(#129),#790,.F.);
#819=ADVANCED_FACE('',(#130),#102,.F.);
#820=ADVANCED_FACE('',(#131),#791,.F.);
#821=ADVANCED_FACE('',(#132),#19,.F.);
#822=ADVANCED_FACE('',(#133),#792,.T.);
#823=ADVANCED_FACE('',(#134,#88,#89),#15,.T.);
#824=ADVANCED_FACE('',(#135),#103,.T.);
#825=ADVANCED_FACE('',(#136),#793,.T.);
#826=ADVANCED_FACE('',(#137),#794,.T.);
#827=ADVANCED_FACE('',(#138),#104,.T.);
#828=ADVANCED_FACE('',(#139,#90),#16,.F.);
#829=ADVANCED_FACE('',(#140),#795,.T.);
#830=ADVANCED_FACE('',(#141),#105,.F.);
#831=ADVANCED_FACE('',(#142),#796,.T.);
#832=ADVANCED_FACE('',(#143),#106,.T.);
#833=ADVANCED_FACE('',(#144),#797,.T.);
#834=ADVANCED_FACE('',(#145),#798,.F.);
#835=ADVANCED_FACE('',(#146),#107,.T.);
#836=ADVANCED_FACE('',(#147),#799,.F.);
#837=ADVANCED_FACE('',(#148),#800,.F.);
#838=ADVANCED_FACE('',(#149),#108,.T.);
#839=ADVANCED_FACE('',(#150),#801,.F.);
#840=ADVANCED_FACE('',(#151),#802,.F.);
#841=ADVANCED_FACE('',(#152),#109,.T.);
#842=ADVANCED_FACE('',(#153),#803,.F.);
#843=ADVANCED_FACE('',(#154),#110,.F.);
#844=ADVANCED_FACE('',(#155),#111,.F.);
#845=ADVANCED_FACE('',(#156,#91,#92),#17,.F.);
#846=ADVANCED_FACE('',(#157),#112,.F.);
#847=ADVANCED_FACE('',(#158),#113,.F.);
#848=ADVANCED_FACE('',(#159),#114,.F.);
#849=ADVANCED_FACE('',(#160,#93),#18,.T.);
#850=ADVANCED_FACE('',(#161),#804,.F.);
#851=ADVANCED_FACE('',(#162),#805,.T.);
#852=CLOSED_SHELL('',(#806,#807,#808,#809,#810,#811,#812,#813,#814,#815,
#816,#817,#818,#819,#820,#821,#822,#823,#824,#825,#826,#827,#828,#829,#830,
#831,#832,#833,#834,#835,#836,#837,#838,#839,#840,#841,#842,#843,#844,#845,
#846,#847,#848,#849,#850,#851));
#853=DERIVED_UNIT_ELEMENT(#855,1.);
#854=DERIVED_UNIT_ELEMENT(#2533,-3.);
#855=(
MASS_UNIT()
NAMED_UNIT(*)
SI_UNIT(.KILO.,.GRAM.)
);
#856=DERIVED_UNIT((#853,#854));
#857=MEASURE_REPRESENTATION_ITEM('density measure',
POSITIVE_RATIO_MEASURE(7850.),#856);
#858=PROPERTY_DEFINITION_REPRESENTATION(#863,#860);
#859=PROPERTY_DEFINITION_REPRESENTATION(#864,#861);
#860=REPRESENTATION('material name',(#862),#2530);
#861=REPRESENTATION('density',(#857),#2530);
#862=DESCRIPTIVE_REPRESENTATION_ITEM('Steel','Steel');
#863=PROPERTY_DEFINITION('material property','material name',#2540);
#864=PROPERTY_DEFINITION('material property','density of part',#2540);
#865=AXIS2_PLACEMENT_3D('placement',#1102,#931,#932);
#866=AXIS2_PLACEMENT_3D('',#1103,#933,#934);
#867=AXIS2_PLACEMENT_3D('',#1105,#935,#936);
#868=AXIS2_PLACEMENT_3D('',#1108,#938,#939);
#869=AXIS2_PLACEMENT_3D('',#1109,#940,#941);
#870=AXIS2_PLACEMENT_3D('',#1112,#942,#943);
#871=AXIS2_PLACEMENT_3D('',#1113,#944,#945);
#872=AXIS2_PLACEMENT_3D('',#1114,#946,#947);
#873=AXIS2_PLACEMENT_3D('',#1115,#948,#949);
#874=AXIS2_PLACEMENT_3D('',#1117,#950,#951);
#875=AXIS2_PLACEMENT_3D('',#1120,#953,#954);
#876=AXIS2_PLACEMENT_3D('',#1121,#955,#956);
#877=AXIS2_PLACEMENT_3D('',#1123,#957,#958);
#878=AXIS2_PLACEMENT_3D('',#1125,#959,#960);
#879=AXIS2_PLACEMENT_3D('',#1126,#961,#962);
#880=AXIS2_PLACEMENT_3D('',#1127,#963,#964);
#881=AXIS2_PLACEMENT_3D('',#1128,#965,#966);
#882=AXIS2_PLACEMENT_3D('',#1147,#969,#970);
#883=AXIS2_PLACEMENT_3D('',#1163,#972,#973);
#884=AXIS2_PLACEMENT_3D('',#1175,#975,#976);
#885=AXIS2_PLACEMENT_3D('',#1191,#978,#979);
#886=AXIS2_PLACEMENT_3D('',#1203,#981,#982);
#887=AXIS2_PLACEMENT_3D('',#1216,#983,#984);
#888=AXIS2_PLACEMENT_3D('',#1276,#987,#988);
#889=AXIS2_PLACEMENT_3D('',#1413,#990,#991);
#890=AXIS2_PLACEMENT_3D('',#1429,#993,#994);
#891=AXIS2_PLACEMENT_3D('',#1476,#995,#996);
#892=AXIS2_PLACEMENT_3D('',#1592,#998,#999);
#893=AXIS2_PLACEMENT_3D('',#1814,#1002,#1003);
#894=AXIS2_PLACEMENT_3D('',#1823,#1004,#1005);
#895=AXIS2_PLACEMENT_3D('',#2004,#1006,#1007);
#896=AXIS2_PLACEMENT_3D('',#2006,#1008,#1009);
#897=AXIS2_PLACEMENT_3D('',#2008,#1011,#1012);
#898=AXIS2_PLACEMENT_3D('',#2027,#1014,#1015);
#899=AXIS2_PLACEMENT_3D('',#2058,#1018,#1019);
#900=AXIS2_PLACEMENT_3D('',#2060,#1020,#1021);
#901=AXIS2_PLACEMENT_3D('',#2116,#1023,#1024);
#902=AXIS2_PLACEMENT_3D('',#2151,#1025,#1026);
#903=AXIS2_PLACEMENT_3D('',#2166,#1028,#1029);
#904=AXIS2_PLACEMENT_3D('',#2177,#1031,#1032);
#905=AXIS2_PLACEMENT_3D('',#2198,#1035,#1036);
#906=AXIS2_PLACEMENT_3D('',#2200,#1037,#1038);
#907=AXIS2_PLACEMENT_3D('',#2202,#1040,#1041);
#908=AXIS2_PLACEMENT_3D('',#2221,#1043,#1044);
#909=AXIS2_PLACEMENT_3D('',#2240,#1047,#1048);
#910=AXIS2_PLACEMENT_3D('',#2242,#1049,#1050);
#911=AXIS2_PLACEMENT_3D('',#2244,#1052,#1053);
#912=AXIS2_PLACEMENT_3D('',#2245,#1054,#1055);
#913=AXIS2_PLACEMENT_3D('',#2260,#1056,#1057);
#914=AXIS2_PLACEMENT_3D('',#2279,#1060,#1061);
#915=AXIS2_PLACEMENT_3D('',#2280,#1062,#1063);
#916=AXIS2_PLACEMENT_3D('',#2283,#1065,#1066);
#917=AXIS2_PLACEMENT_3D('',#2284,#1067,#1068);
#918=AXIS2_PLACEMENT_3D('',#2301,#1070,#1071);
#919=AXIS2_PLACEMENT_3D('',#2320,#1074,#1075);
#920=AXIS2_PLACEMENT_3D('',#2333,#1077,#1078);
#921=AXIS2_PLACEMENT_3D('',#2348,#1080,#1081);
#922=AXIS2_PLACEMENT_3D('',#2355,#1082,#1083);
#923=AXIS2_PLACEMENT_3D('',#2449,#1084,#1085);
#924=AXIS2_PLACEMENT_3D('',#2455,#1086,#1087);
#925=AXIS2_PLACEMENT_3D('',#2456,#1088,#1089);
#926=AXIS2_PLACEMENT_3D('',#2457,#1090,#1091);
#927=AXIS2_PLACEMENT_3D('',#2458,#1092,#1093);
#928=AXIS2_PLACEMENT_3D('',#2523,#1094,#1095);
#929=AXIS2_PLACEMENT_3D('',#2524,#1096,#1097);
#930=AXIS2_PLACEMENT_3D('',#2526,#1099,#1100);
#931=DIRECTION('axis',(0.,0.,1.));
#932=DIRECTION('refdir',(1.,0.,0.));
#933=DIRECTION('center_axis',(-0.965925826289068,0.258819045102521,0.));
#934=DIRECTION('ref_axis',(-0.258819045102521,-0.965925826289068,0.));
#935=DIRECTION('center_axis',(-0.965925826289068,0.258819045102521,0.));
#936=DIRECTION('ref_axis',(-0.258819045102521,-0.965925826289068,0.));
#937=DIRECTION('',(-0.965925826289068,0.258819045102521,0.));
#938=DIRECTION('center_axis',(0.965925826289068,-0.258819045102521,0.));
#939=DIRECTION('ref_axis',(-0.258819045102521,-0.965925826289068,0.));
#940=DIRECTION('center_axis',(0.,0.,-1.));
#941=DIRECTION('ref_axis',(-1.,0.,0.));
#942=DIRECTION('center_axis',(-1.,0.,0.));
#943=DIRECTION('ref_axis',(0.,-1.,0.));
#944=DIRECTION('center_axis',(0.,0.,-1.));
#945=DIRECTION('ref_axis',(-1.,0.,0.));
#946=DIRECTION('center_axis',(-1.,0.,0.));
#947=DIRECTION('ref_axis',(0.,-1.,0.));
#948=DIRECTION('center_axis',(-0.965925826289068,0.258819045102521,0.));
#949=DIRECTION('ref_axis',(-0.258819045102521,-0.965925826289068,0.));
#950=DIRECTION('center_axis',(-0.965925826289068,0.258819045102521,0.));
#951=DIRECTION('ref_axis',(-0.258819045102521,-0.965925826289068,0.));
#952=DIRECTION('',(0.965925826289068,-0.258819045102521,0.));
#953=DIRECTION('center_axis',(-0.965925826289068,0.258819045102521,0.));
#954=DIRECTION('ref_axis',(-0.258819045102521,-0.965925826289068,0.));
#955=DIRECTION('center_axis',(0.,0.,-1.));
#956=DIRECTION('ref_axis',(-1.,0.,0.));
#957=DIRECTION('center_axis',(0.,0.,1.));
#958=DIRECTION('ref_axis',(-1.,0.,0.));
#959=DIRECTION('center_axis',(-1.,0.,0.));
#960=DIRECTION('ref_axis',(0.,-1.,0.));
#961=DIRECTION('center_axis',(-1.,0.,0.));
#962=DIRECTION('ref_axis',(0.,-1.,0.));
#963=DIRECTION('center_axis',(-0.965925826289068,0.258819045102521,0.));
#964=DIRECTION('ref_axis',(0.,0.,1.));
#965=DIRECTION('center_axis',(-0.866025403784439,0.25,0.433012701892219));
#966=DIRECTION('ref_axis',(-0.499999999999999,-0.433012701892219,-0.75));
#967=DIRECTION('',(0.,-0.866025403784439,0.5));
#968=DIRECTION('',(0.,-0.866025403784439,0.5));
#969=DIRECTION('center_axis',(-0.866025403784438,-0.25,-0.43301270189222));
#970=DIRECTION('ref_axis',(0.5,-0.433012701892219,-0.75));
#971=DIRECTION('',(0.,-0.866025403784439,0.5));
#972=DIRECTION('center_axis',(0.,-0.5,-0.866025403784439));
#973=DIRECTION('ref_axis',(1.,0.,0.));
#974=DIRECTION('',(0.,-0.866025403784439,0.5));
#975=DIRECTION('center_axis',(0.866025403784439,-0.25,-0.433012701892219));
#976=DIRECTION('ref_axis',(0.5,0.433012701892219,0.75));
#977=DIRECTION('',(0.,-0.866025403784439,0.5));
#978=DIRECTION('center_axis',(-2.56395024851142E-16,0.5,0.866025403784439));
#979=DIRECTION('ref_axis',(-1.,-1.28197512425571E-16,-2.22044604925031E-16));
#980=DIRECTION('',(0.,-0.866025403784439,0.5));
#981=DIRECTION('center_axis',(0.866025403784439,0.25,0.43301270189222));
#982=DIRECTION('ref_axis',(-0.5,0.433012701892219,0.75));
#983=DIRECTION('center_axis',(0.,0.5,-0.866025403784439));
#984=DIRECTION('ref_axis',(-1.,0.,0.));
#985=DIRECTION('',(0.,0.866025403784439,0.5));
#986=DIRECTION('',(0.,0.866025403784439,0.5));
#987=DIRECTION('center_axis',(0.,0.866025403784439,0.5));
#988=DIRECTION('ref_axis',(0.,0.5,-0.866025403784439));
#989=DIRECTION('',(0.,0.866025403784439,0.5));
#990=DIRECTION('center_axis',(0.,-0.5,0.866025403784439));
#991=DIRECTION('ref_axis',(1.,0.,0.));
#992=DIRECTION('',(0.,0.866025403784439,0.5));
#993=DIRECTION('center_axis',(0.,0.866025403784439,0.5));
#994=DIRECTION('ref_axis',(0.,-0.5,0.866025403784439));
#995=DIRECTION('center_axis',(0.,0.,1.));
#996=DIRECTION('ref_axis',(1.,0.,0.));
#997=DIRECTION('',(0.573576436351046,-7.02428546843654E-17,-0.819152044288992));
#998=DIRECTION('center_axis',(0.,-1.,-1.38193094842121E-16));
#999=DIRECTION('ref_axis',(0.707106781186547,-9.81307786677359E-17,0.707106781186547));
#1000=DIRECTION('',(0.,1.,1.38193094842121E-16));
#1001=DIRECTION('',(0.,-1.,-1.38193094842121E-16));
#1002=DIRECTION('center_axis',(1.,0.,0.));
#1003=DIRECTION('ref_axis',(0.,1.,0.));
#1004=DIRECTION('center_axis',(1.,0.,0.));
#1005=DIRECTION('ref_axis',(0.,1.,0.));
#1006=DIRECTION('center_axis',(1.,0.,0.));
#1007=DIRECTION('ref_axis',(0.,0.,-1.));
#1008=DIRECTION('center_axis',(1.,0.,0.));
#1009=DIRECTION('ref_axis',(0.,1.,0.));
#1010=DIRECTION('',(0.,-0.5,-0.866025403784439));
#1011=DIRECTION('center_axis',(0.,0.5,0.866025403784439));
#1012=DIRECTION('ref_axis',(0.707106781186547,0.612372435695795,-0.353553390593274));
#1013=DIRECTION('',(0.,0.5,0.866025403784439));
#1014=DIRECTION('center_axis',(0.,0.5,-0.866025403784439));
#1015=DIRECTION('ref_axis',(0.707106781186547,-0.612372435695795,-0.353553390593274));
#1016=DIRECTION('',(0.,-0.5,0.866025403784439));
#1017=DIRECTION('',(0.,0.5,-0.866025403784439));
#1018=DIRECTION('center_axis',(1.,0.,0.));
#1019=DIRECTION('ref_axis',(0.,0.,-1.));
#1020=DIRECTION('center_axis',(1.,0.,0.));
#1021=DIRECTION('ref_axis',(0.,1.,0.));
#1022=DIRECTION('',(0.,1.,-1.80933762188176E-15));
#1023=DIRECTION('center_axis',(1.,0.,0.));
#1024=DIRECTION('ref_axis',(0.,1.,0.));
#1025=DIRECTION('center_axis',(0.,-1.,1.80933762188176E-15));
#1026=DIRECTION('ref_axis',(0.707106781186547,1.25607396694702E-15,0.707106781186547));
#1027=DIRECTION('',(0.,-1.,1.80933762188176E-15));
#1028=DIRECTION('center_axis',(0.,-1.80933762188176E-15,-1.));
#1029=DIRECTION('ref_axis',(0.,-1.,1.80933762188176E-15));
#1030=DIRECTION('',(0.,1.,-1.80933762188176E-15));
#1031=DIRECTION('center_axis',(0.,0.5,0.866025403784439));
#1032=DIRECTION('ref_axis',(0.707106781186547,0.612372435695795,-0.353553390593273));
#1033=DIRECTION('',(0.,-0.499999999999999,-0.866025403784439));
#1034=DIRECTION('',(0.,0.499999999999999,0.866025403784439));
#1035=DIRECTION('center_axis',(1.,0.,0.));
#1036=DIRECTION('ref_axis',(0.,0.,-1.));
#1037=DIRECTION('center_axis',(1.,0.,0.));
#1038=DIRECTION('ref_axis',(0.,1.,0.));
#1039=DIRECTION('',(0.,-0.5,0.866025403784439));
#1040=DIRECTION('center_axis',(0.,0.5,-0.866025403784439));
#1041=DIRECTION('ref_axis',(0.707106781186547,-0.612372435695794,-0.353553390593274));
#1042=DIRECTION('',(0.,0.5,-0.866025403784439));
#1043=DIRECTION('center_axis',(0.,0.5,0.866025403784439));
#1044=DIRECTION('ref_axis',(-0.707106781186547,-0.612372435695795,0.353553390593274));
#1045=DIRECTION('',(0.,-0.499999999999999,-0.866025403784439));
#1046=DIRECTION('',(0.,0.499999999999999,0.866025403784439));
#1047=DIRECTION('center_axis',(1.,0.,0.));
#1048=DIRECTION('ref_axis',(0.,0.,-1.));
#1049=DIRECTION('center_axis',(1.,0.,0.));
#1050=DIRECTION('ref_axis',(0.,1.,0.));
#1051=DIRECTION('',(0.,-1.,1.80933762188176E-15));
#1052=DIRECTION('center_axis',(1.,0.,0.));
#1053=DIRECTION('ref_axis',(0.,1.,0.));
#1054=DIRECTION('center_axis',(0.,-1.,1.80933762188176E-15));
#1055=DIRECTION('ref_axis',(-0.707106781186547,-1.25607396694702E-15,-0.707106781186548));
#1056=DIRECTION('center_axis',(0.,0.5,-0.866025403784439));
#1057=DIRECTION('ref_axis',(-0.707106781186547,0.612372435695795,0.353553390593274));
#1058=DIRECTION('',(0.,-0.5,0.866025403784439));
#1059=DIRECTION('',(0.,0.5,-0.866025403784439));
#1060=DIRECTION('center_axis',(1.,0.,0.));
#1061=DIRECTION('ref_axis',(0.,0.,-1.));
#1062=DIRECTION('center_axis',(1.,0.,0.));
#1063=DIRECTION('ref_axis',(0.,1.,0.));
#1064=DIRECTION('',(0.,0.5,0.866025403784439));
#1065=DIRECTION('center_axis',(1.,0.,0.));
#1066=DIRECTION('ref_axis',(0.,1.,0.));
#1067=DIRECTION('center_axis',(0.,0.5,0.866025403784439));
#1068=DIRECTION('ref_axis',(-0.707106781186547,-0.612372435695795,0.353553390593274));
#1069=DIRECTION('',(0.,-0.5,-0.866025403784439));
#1070=DIRECTION('center_axis',(0.,-1.,-1.38193094842121E-16));
#1071=DIRECTION('ref_axis',(-0.707106781186547,0.,-0.707106781186548));
#1072=DIRECTION('',(0.,1.,1.38193094842121E-16));
#1073=DIRECTION('',(0.,-1.,-1.38193094842121E-16));
#1074=DIRECTION('center_axis',(1.,0.,0.));
#1075=DIRECTION('ref_axis',(0.,1.,0.));
#1076=DIRECTION('',(0.,0.5,-0.866025403784438));
#1077=DIRECTION('center_axis',(0.,0.5,-0.866025403784439));
#1078=DIRECTION('ref_axis',(-0.707106781186548,0.612372435695794,0.353553390593274));
#1079=DIRECTION('',(0.,-0.5,0.866025403784438));
#1080=DIRECTION('center_axis',(0.,-0.866025403784439,0.5));
#1081=DIRECTION('ref_axis',(0.,0.5,0.866025403784439));
#1082=DIRECTION('center_axis',(0.,0.866025403784439,0.5));
#1083=DIRECTION('ref_axis',(0.,0.5,-0.866025403784439));
#1084=DIRECTION('center_axis',(1.,0.,0.));
#1085=DIRECTION('ref_axis',(0.,1.,0.));
#1086=DIRECTION('center_axis',(1.,0.,0.));
#1087=DIRECTION('ref_axis',(0.,1.,0.));
#1088=DIRECTION('center_axis',(0.,0.866025403784439,0.5));
#1089=DIRECTION('ref_axis',(0.,0.5,-0.866025403784439));
#1090=DIRECTION('center_axis',(0.,1.38193094842121E-16,-1.));
#1091=DIRECTION('ref_axis',(0.,-1.,-1.38193094842121E-16));
#1092=DIRECTION('center_axis',(0.,-0.866025403784439,0.5));
#1093=DIRECTION('ref_axis',(0.,0.499999999999999,0.866025403784439));
#1094=DIRECTION('center_axis',(1.,0.,0.));
#1095=DIRECTION('ref_axis',(0.,1.,0.));
#1096=DIRECTION('center_axis',(-1.,0.,0.));
#1097=DIRECTION('ref_axis',(0.,1.,0.));
#1098=DIRECTION('',(-1.,0.,0.));
#1099=DIRECTION('center_axis',(-1.,0.,0.));
#1100=DIRECTION('ref_axis',(0.,1.,0.));
#1101=DIRECTION('',(1.,0.,0.));
#1102=CARTESIAN_POINT('',(0.,0.,0.));
#1103=CARTESIAN_POINT('Origin',(-22.940952255126,1.70370868554659,0.));
#1104=CARTESIAN_POINT('',(-13.6234666314353,36.477038431953,-4.40872847693047E-15));
#1105=CARTESIAN_POINT('Origin',(-22.940952255126,1.70370868554659,0.));
#1106=CARTESIAN_POINT('',(-45.6825143763093,45.0672343853028,-4.40872847693047E-15));
#1107=CARTESIAN_POINT('',(-13.6234666314353,36.477038431953,-4.40872847693047E-15));
#1108=CARTESIAN_POINT('Origin',(-55.,10.2939046388964,0.));
#1109=CARTESIAN_POINT('Origin',(-10.,50.,0.));
#1110=CARTESIAN_POINT('',(-10.,36.,-4.40872847693047E-15));
#1111=CARTESIAN_POINT('',(-10.,-36.,4.40872847693047E-15));
#1112=CARTESIAN_POINT('Origin',(-10.,0.,0.));
#1113=CARTESIAN_POINT('Origin',(-10.,50.,4.40872847693047E-15));
#1114=CARTESIAN_POINT('Origin',(-10.,0.,0.));
#1115=CARTESIAN_POINT('Origin',(-22.940952255126,1.70370868554659,0.));
#1116=CARTESIAN_POINT('',(-44.6472381958992,48.9309376904591,-4.89858719658941E-15));
#1117=CARTESIAN_POINT('Origin',(-55.,10.2939046388964,0.));
#1118=CARTESIAN_POINT('',(-12.5881904510252,40.3407417371093,-4.89858719658941E-15));
#1119=CARTESIAN_POINT('',(-12.5881904510252,40.3407417371093,-4.89858719658941E-15));
#1120=CARTESIAN_POINT('Origin',(-22.940952255126,1.70370868554659,0.));
#1121=CARTESIAN_POINT('Origin',(-10.,50.,0.));
#1122=CARTESIAN_POINT('',(-10.,40.,-4.89858719658941E-15));
#1123=CARTESIAN_POINT('Origin',(-10.,50.,4.89858719658941E-15));
#1124=CARTESIAN_POINT('',(-10.,-40.,4.89858719658941E-15));
#1125=CARTESIAN_POINT('Origin',(-10.,0.,0.));
#1126=CARTESIAN_POINT('Origin',(-10.,0.,0.));
#1127=CARTESIAN_POINT('Origin',(-55.,10.2939046388964,0.));
#1128=CARTESIAN_POINT('Origin',(61.3397459621556,63.7916512459885,-19.5096189432334));
#1129=CARTESIAN_POINT('',(61.3397459621556,53.8713683511239,-13.7821409434461));
#1130=CARTESIAN_POINT('',(52.6794919243112,44.7143572101799,-25.8158461719384));
#1131=CARTESIAN_POINT('Ctrl Pts',(61.3397459621556,53.8713683511239,-13.7821409434461));
#1132=CARTESIAN_POINT('Ctrl Pts',(59.6468731693308,52.3873430612261,-16.311084128489));
#1133=CARTESIAN_POINT('Ctrl Pts',(57.9552461013571,50.725912968357,-18.7351111464935));
#1134=CARTESIAN_POINT('Ctrl Pts',(55.0740713888808,47.5944982812416,-22.6895374588955));
#1135=CARTESIAN_POINT('Ctrl Pts',(53.871392188059,46.19533486473,-24.2870884919612));
#1136=CARTESIAN_POINT('Ctrl Pts',(52.6794919243112,44.7143572101799,-25.8158461719384));
#1137=CARTESIAN_POINT('',(61.3397459621556,50.1538526572336,-11.6358322568619));
#1138=CARTESIAN_POINT('',(61.3397459621556,63.7916512459885,-19.5096189432334));
#1139=CARTESIAN_POINT('',(52.6794919243112,41.0692233569322,-23.7113271605336));
#1140=CARTESIAN_POINT('Ctrl Pts',(52.6794919243112,41.0692233569322,-23.7113271605336));
#1141=CARTESIAN_POINT('Ctrl Pts',(53.7874793545774,42.4517502463589,-22.2935545717737));
#1142=CARTESIAN_POINT('Ctrl Pts',(54.9057135634523,43.7581089127298,-20.8113126817114));
#1143=CARTESIAN_POINT('Ctrl Pts',(57.7845587810667,46.9011667699835,-16.8682675464466));
#1144=CARTESIAN_POINT('Ctrl Pts',(59.5622235136687,48.6325504083897,-14.3125528909469));
#1145=CARTESIAN_POINT('Ctrl Pts',(61.3397459621556,50.1538526572336,-11.6358322568619));
#1146=CARTESIAN_POINT('',(52.6794919243112,56.2916512459885,-32.5));
#1147=CARTESIAN_POINT('Origin',(52.6794919243112,56.2916512459885,-32.5));
#1148=CARTESIAN_POINT('',(61.3397459621556,36.7990857671243,-38.5664701492701));
#1149=CARTESIAN_POINT('Ctrl Pts',(52.6794919243112,44.7143572101799,-25.8158461719384));
#1150=CARTESIAN_POINT('Ctrl Pts',(54.333669801936,43.5762874502064,-28.4671370449107));
#1151=CARTESIAN_POINT('Ctrl Pts',(56.0015595034145,42.212044476623,-31.0152703998294));
#1152=CARTESIAN_POINT('Ctrl Pts',(58.8974160636067,39.4680616934968,-35.2227443217242));
#1153=CARTESIAN_POINT('Ctrl Pts',(60.1243544789998,38.187081854149,-36.9370470974363));
#1154=CARTESIAN_POINT('Ctrl Pts',(61.3397459621556,36.7990857671242,-38.5664701492701));
#1155=CARTESIAN_POINT('',(61.3397459621556,32.9586006908816,-36.3491650566826));
#1156=CARTESIAN_POINT('Ctrl Pts',(61.3397459621556,32.9586006908816,-36.3491650566826));
#1157=CARTESIAN_POINT('Ctrl Pts',(59.7485602649601,34.8420379850544,-34.2541966910841));
#1158=CARTESIAN_POINT('Ctrl Pts',(58.1349329790557,36.5271422261627,-31.9998375064917));
#1159=CARTESIAN_POINT('Ctrl Pts',(55.2353168716878,39.1605450403978,-27.7210011154393));
#1160=CARTESIAN_POINT('Ctrl Pts',(53.9530284793445,40.1872701518333,-25.7492043502238));
#1161=CARTESIAN_POINT('Ctrl Pts',(52.6794919243112,41.0692233569322,-23.7113271605337));
#1162=CARTESIAN_POINT('',(61.3397459621556,48.7916512459885,-45.4903810567666));
#1163=CARTESIAN_POINT('Origin',(61.3397459621556,48.7916512459885,-45.4903810567666));
#1164=CARTESIAN_POINT('',(78.6602540378444,40.7251554773697,-40.8331875533375));
#1165=CARTESIAN_POINT('Ctrl Pts',(61.3397459621556,36.7990857671243,-38.5664701492701));
#1166=CARTESIAN_POINT('Ctrl Pts',(67.0250141920117,38.2740356298534,-39.4180328495579));
#1167=CARTESIAN_POINT('Ctrl Pts',(72.8343014612009,39.6588932806244,-40.2175807870199));
#1168=CARTESIAN_POINT('Ctrl Pts',(78.6602540378444,40.7251554773697,-40.8331875533375));
#1169=CARTESIAN_POINT('',(78.6602540378444,36.968682166108,-38.6643866758769));
#1170=CARTESIAN_POINT('Ctrl Pts',(78.6602540378444,36.968682166108,-38.6643866758769));
#1171=CARTESIAN_POINT('Ctrl Pts',(72.8396663053953,35.8712554244837,-38.0307870511842));
#1172=CARTESIAN_POINT('Ctrl Pts',(67.0083873285093,34.4496204667708,-37.2100057256593));
#1173=CARTESIAN_POINT('Ctrl Pts',(61.3397459621556,32.9586006908816,-36.3491650566826));
#1174=CARTESIAN_POINT('',(78.6602540378444,48.7916512459885,-45.4903810567666));
#1175=CARTESIAN_POINT('Origin',(78.6602540378444,48.7916512459885,-45.4903810567666));
#1176=CARTESIAN_POINT('',(87.3205080756888,52.3820177500263,-30.2427720486734));
#1177=CARTESIAN_POINT('Ctrl Pts',(78.6602540378444,40.7251554773697,-40.8331875533375));
#1178=CARTESIAN_POINT('Ctrl Pts',(79.8224129973312,42.550160642189,-39.5625368575448));
#1179=CARTESIAN_POINT('Ctrl Pts',(81.0071499562961,44.2972313308293,-38.2017346719947));
#1180=CARTESIAN_POINT('Ctrl Pts',(83.8833838468048,48.2728831343665,-34.7446105299539));
#1181=CARTESIAN_POINT('Ctrl Pts',(85.5929554810358,50.4229346331687,-32.5668000730968));
#1182=CARTESIAN_POINT('Ctrl Pts',(87.3205080756888,52.3820177500263,-30.2427720486734));
#1183=CARTESIAN_POINT('',(87.3205080756888,48.8653043585988,-28.21239662547));
#1184=CARTESIAN_POINT('Ctrl Pts',(87.3205080756888,48.8653043585988,-28.21239662547));
#1185=CARTESIAN_POINT('Ctrl Pts',(85.5476153506878,46.8305556078212,-30.5834193364771));
#1186=CARTESIAN_POINT('Ctrl Pts',(83.7958094809222,44.5844280006358,-32.7902286973657));
#1187=CARTESIAN_POINT('Ctrl Pts',(80.9240831377199,40.5106655417045,-36.1816935314918));
#1188=CARTESIAN_POINT('Ctrl Pts',(79.7801743262454,38.7778094336794,-37.4690462140055));
#1189=CARTESIAN_POINT('Ctrl Pts',(78.6602540378444,36.968682166108,-38.6643866758769));
#1190=CARTESIAN_POINT('',(87.3205080756888,56.2916512459885,-32.5));
#1191=CARTESIAN_POINT('Origin',(78.6602540378444,63.7916512459885,-19.5096189432334));
#1192=CARTESIAN_POINT('',(78.6602540378444,58.206832176352,-16.2852221500034));
#1193=CARTESIAN_POINT('Ctrl Pts',(78.6602540378444,58.206832176352,-16.2852221500034));
#1194=CARTESIAN_POINT('Ctrl Pts',(72.8197719970894,57.0367192414836,-15.6096571320749));
#1195=CARTESIAN_POINT('Ctrl Pts',(67.0125998043405,55.5122034702,-14.7294775411405));
#1196=CARTESIAN_POINT('Ctrl Pts',(61.3397459621556,53.8713683511239,-13.7821409434461));
#1197=CARTESIAN_POINT('',(78.6602540378444,54.6098813809256,-14.2085216400021));
#1198=CARTESIAN_POINT('',(78.6602540378444,63.7916512459885,-19.5096189432334));
#1199=CARTESIAN_POINT('Ctrl Pts',(61.3397459621556,50.1538526572336,-11.6358322568619));
#1200=CARTESIAN_POINT('Ctrl Pts',(66.9983157757002,51.8242283082339,-12.6002240886147));
#1201=CARTESIAN_POINT('Ctrl Pts',(72.8245691883445,53.3979126322636,-13.5087911567127));
#1202=CARTESIAN_POINT('Ctrl Pts',(78.6602540378444,54.6098813809256,-14.2085216400021));
#1203=CARTESIAN_POINT('Origin',(87.3205080756888,56.2916512459885,-32.5));
#1204=CARTESIAN_POINT('Ctrl Pts',(87.3205080756888,52.3820177500263,-30.2427720486734));
#1205=CARTESIAN_POINT('Ctrl Pts',(85.6871122105319,53.836563095261,-27.8157624649794));
#1206=CARTESIAN_POINT('Ctrl Pts',(84.0510686632421,55.094533960061,-25.269965187825));
#1207=CARTESIAN_POINT('Ctrl Pts',(81.1571008852173,56.962646251102,-20.5605847658843));
#1208=CARTESIAN_POINT('Ctrl Pts',(79.8999529737322,57.6512715102014,-18.4438669216258));
#1209=CARTESIAN_POINT('Ctrl Pts',(78.6602540378444,58.206832176352,-16.2852221500034));
#1210=CARTESIAN_POINT('Ctrl Pts',(78.6602540378444,54.6098813809256,-14.2085216400021));
#1211=CARTESIAN_POINT('Ctrl Pts',(80.0609504678778,54.0164824122749,-16.6673154457816));
#1212=CARTESIAN_POINT('Ctrl Pts',(81.4866418468026,53.2406262800647,-19.0707574568473));
#1213=CARTESIAN_POINT('Ctrl Pts',(84.3869827516593,51.3210249329792,-23.7631569120841));
#1214=CARTESIAN_POINT('Ctrl Pts',(85.8550927589796,50.1769646676043,-26.0388534245415));
#1215=CARTESIAN_POINT('Ctrl Pts',(87.3205080756888,48.8653043585988,-28.21239662547));
#1216=CARTESIAN_POINT('Origin',(80.,-51.2916512459885,-41.1602540378444));
#1217=CARTESIAN_POINT('',(30.,-28.9904696804047,-28.2846608577078));
#1218=CARTESIAN_POINT('',(80.,-42.1938785853753,-35.9076525432133));
#1219=CARTESIAN_POINT('Ctrl Pts',(30.,-28.9904696804047,-28.2846608577079));
#1220=CARTESIAN_POINT('Ctrl Pts',(46.8786998641555,-33.0190520188848,-30.6105639552819));
#1221=CARTESIAN_POINT('Ctrl Pts',(63.4678992284487,-39.0366916485751,-34.0848498153698));
#1222=CARTESIAN_POINT('Ctrl Pts',(80.,-42.1938785853753,-35.9076525432133));
#1223=CARTESIAN_POINT('',(30.,-32.7111597674643,-30.4328022810429));
#1224=CARTESIAN_POINT('',(30.,-51.2916512459885,-41.1602540378444));
#1225=CARTESIAN_POINT('',(80.,-45.8711299634426,-38.0307146162184));
#1226=CARTESIAN_POINT('Ctrl Pts',(80.,-45.8713888233277,-38.0311055484695));
#1227=CARTESIAN_POINT('Ctrl Pts',(79.1893070738003,-45.72115249514,-37.944359232689));
#1228=CARTESIAN_POINT('Ctrl Pts',(78.3775548590849,-45.5638362907594,-37.8535101568641));
#1229=CARTESIAN_POINT('Ctrl Pts',(77.5653307495136,-45.4000651024949,-37.7589273295128));
#1230=CARTESIAN_POINT('Ctrl Pts',(76.7151476782328,-45.2286401346993,-37.6599242123923));
#1231=CARTESIAN_POINT('Ctrl Pts',(75.8644475690767,-45.0501429908976,-37.556830367864));
#1232=CARTESIAN_POINT('Ctrl Pts',(75.01390320594,-44.8653406761015,-37.4500962296315));
#1233=CARTESIAN_POINT('Ctrl Pts',(74.0741959749554,-44.6611654689715,-37.3321731137577));
#1234=CARTESIAN_POINT('Ctrl Pts',(73.1346788538157,-44.4492939012622,-37.2098065622964));
#1235=CARTESIAN_POINT('Ctrl Pts',(72.1962581617734,-44.2308188100965,-37.083634850803));
#1236=CARTESIAN_POINT('Ctrl Pts',(71.1584261574332,-43.9891996262,-36.9440971771983));
#1237=CARTESIAN_POINT('Ctrl Pts',(70.121935174222,-43.7395043458404,-36.7999058944261));
#1238=CARTESIAN_POINT('Ctrl Pts',(69.0880100860571,-43.483274329304,-36.6519561046147));
#1239=CARTESIAN_POINT('Ctrl Pts',(67.7887471339267,-43.1612875901097,-36.4660377214768));
#1240=CARTESIAN_POINT('Ctrl Pts',(66.4935360149241,-42.8289831634891,-36.2741854543911));
#1241=CARTESIAN_POINT('Ctrl Pts',(65.2048060129946,-42.4895018461129,-36.0782113495789));
#1242=CARTESIAN_POINT('Ctrl Pts',(63.9728204430942,-42.1649683258006,-35.8908662355197));
#1243=CARTESIAN_POINT('Ctrl Pts',(62.7467577243556,-41.8338810032079,-35.6997570504355));
#1244=CARTESIAN_POINT('Ctrl Pts',(61.5287401354867,-41.498992862138,-35.5064610021924));
#1245=CARTESIAN_POINT('Ctrl Pts',(60.5135249041653,-41.2198642643985,-35.3453491314575));
#1246=CARTESIAN_POINT('Ctrl Pts',(59.5038987551618,-40.9380965223558,-35.1827185767799));
#1247=CARTESIAN_POINT('Ctrl Pts',(58.5010911802163,-40.6552539135009,-35.0194598936359));
#1248=CARTESIAN_POINT('Ctrl Pts',(57.6043580394119,-40.4023296762606,-34.8734702986658));
#1249=CARTESIAN_POINT('Ctrl Pts',(56.713077255628,-40.1485463509194,-34.726978583784));
#1250=CARTESIAN_POINT('Ctrl Pts',(55.8281286579378,-39.8949861836371,-34.5805974963174));
#1251=CARTESIAN_POINT('Ctrl Pts',(55.549147717179,-39.8150510843646,-34.5344507103941));
#1252=CARTESIAN_POINT('Ctrl Pts',(55.2707960951905,-39.735137847048,-34.488314716014));
#1253=CARTESIAN_POINT('Ctrl Pts',(54.9931013749754,-39.6552794357314,-34.4422081118817));
#1254=CARTESIAN_POINT('Ctrl Pts',(53.733658775299,-39.2930936330031,-34.2330985496775));
#1255=CARTESIAN_POINT('Ctrl Pts',(52.4770073926693,-38.928973001593,-34.0227992495937));
#1256=CARTESIAN_POINT('Ctrl Pts',(51.2223584080443,-38.5647686598374,-33.8124330126507));
#1257=CARTESIAN_POINT('Ctrl Pts',(49.7691459414978,-38.1429245454314,-33.5687737567056));
#1258=CARTESIAN_POINT('Ctrl Pts',(48.3186198566244,-37.7209663289973,-33.3250245275966));
#1259=CARTESIAN_POINT('Ctrl Pts',(46.8695556516394,-37.3017187833929,-33.082872494257));
#1260=CARTESIAN_POINT('Ctrl Pts',(45.4003288773573,-36.8766377435501,-32.8373511090723));
#1261=CARTESIAN_POINT('Ctrl Pts',(43.9326050108566,-36.4543395733836,-32.5934698356801));
#1262=CARTESIAN_POINT('Ctrl Pts',(42.4651081824881,-36.0377654572416,-32.3529502268337));
#1263=CARTESIAN_POINT('Ctrl Pts',(41.2016407661083,-35.6791085851598,-32.1458706046476));
#1264=CARTESIAN_POINT('Ctrl Pts',(39.938341676615,-35.3246933144594,-31.9412815391316));
#1265=CARTESIAN_POINT('Ctrl Pts',(38.6743963675832,-34.9764272769637,-31.7402763658054));
#1266=CARTESIAN_POINT('Ctrl Pts',(37.516414078012,-34.6573581680416,-31.5561224873419));
#1267=CARTESIAN_POINT('Ctrl Pts',(36.3578893934639,-34.3434497743106,-31.3749761802313));
#1268=CARTESIAN_POINT('Ctrl Pts',(35.1981953963851,-34.0362101133435,-31.1976852450981));
#1269=CARTESIAN_POINT('Ctrl Pts',(34.13553535883,-33.7546778207869,-31.0352286037242));
#1270=CARTESIAN_POINT('Ctrl Pts',(33.0718935056422,-33.4787447552218,-30.8760088669578));
#1271=CARTESIAN_POINT('Ctrl Pts',(32.0067868832366,-33.2096129514466,-30.7206901992764));
#1272=CARTESIAN_POINT('Ctrl Pts',(31.3384744435935,-33.0407433485516,-30.6232338549662));
#1273=CARTESIAN_POINT('Ctrl Pts',(30.6695853021023,-32.8745522883062,-30.5273136378285));
#1274=CARTESIAN_POINT('Ctrl Pts',(29.9999999999999,-32.7113468211055,-30.4330970388033));
#1275=CARTESIAN_POINT('',(80.,-51.2916512459885,-41.1602540378444));
#1276=CARTESIAN_POINT('Origin',(80.,-56.2916512459885,-32.5));
#1277=CARTESIAN_POINT('',(80.,-54.1938028261769,-19.7418012663102));
#1278=CARTESIAN_POINT('Ctrl Pts',(80.0000861692166,-42.194476030681,-35.9075615451368));
#1279=CARTESIAN_POINT('Ctrl Pts',(80.3380196619107,-42.2590616270185,-35.9448731008311));
#1280=CARTESIAN_POINT('Ctrl Pts',(80.675483618321,-42.3352609221787,-35.9691125088693));
#1281=CARTESIAN_POINT('Ctrl Pts',(81.0111893885314,-42.4226661076299,-35.9802056707989));
#1282=CARTESIAN_POINT('Ctrl Pts',(81.1533365539366,-42.4596758955338,-35.9849028242696));
#1283=CARTESIAN_POINT('Ctrl Pts',(81.29516855661,-42.498694228687,-35.9872426584487));
#1284=CARTESIAN_POINT('Ctrl Pts',(81.4365878524457,-42.5396876626115,-35.9872183293937));
#1285=CARTESIAN_POINT('Ctrl Pts',(81.7853309842407,-42.6407783832614,-35.9871583334025));
#1286=CARTESIAN_POINT('Ctrl Pts',(82.1302531133548,-42.7534940898108,-35.972731273973));
#1287=CARTESIAN_POINT('Ctrl Pts',(82.4700028720456,-42.8770746499125,-35.9441157631054));
#1288=CARTESIAN_POINT('Ctrl Pts',(82.6801369588924,-42.9535088120708,-35.9264171655583));
#1289=CARTESIAN_POINT('Ctrl Pts',(82.888292538076,-43.0340980852144,-35.9032907785869));
#1290=CARTESIAN_POINT('Ctrl Pts',(83.094151045794,-43.1186528280207,-35.874778708762));
#1291=CARTESIAN_POINT('Ctrl Pts',(83.2995221292996,-43.2030073652132,-35.8463341487686));
#1292=CARTESIAN_POINT('Ctrl Pts',(83.502607007517,-43.291308559633,-35.8125293132504));
#1293=CARTESIAN_POINT('Ctrl Pts',(83.7030902475026,-43.3833616205757,-35.773407132044));
#1294=CARTESIAN_POINT('Ctrl Pts',(84.0462973677509,-43.5409471921101,-35.7064338970212));
#1295=CARTESIAN_POINT('Ctrl Pts',(84.3811379717569,-43.7091843694943,-35.6240259713512));
#1296=CARTESIAN_POINT('Ctrl Pts',(84.7061607005732,-43.8870025270042,-35.5265378464342));
#1297=CARTESIAN_POINT('Ctrl Pts',(85.0355411759268,-44.0672047838137,-35.4277426481924));
#1298=CARTESIAN_POINT('Ctrl Pts',(85.3548387605044,-44.2572459936088,-35.3134594451003));
#1299=CARTESIAN_POINT('Ctrl Pts',(85.6625496265409,-44.4559705356121,-35.1840896312529));
#1300=CARTESIAN_POINT('Ctrl Pts',(85.7464515109741,-44.5101556990156,-35.1488150525213));
#1301=CARTESIAN_POINT('Ctrl Pts',(85.8294920059885,-44.5649862307738,-35.1124190614672));
#1302=CARTESIAN_POINT('Ctrl Pts',(85.9116407083778,-44.6204382774597,-35.0749103058603));
#1303=CARTESIAN_POINT('Ctrl Pts',(86.0479150146943,-44.7124262088107,-35.0126880247717));
#1304=CARTESIAN_POINT('Ctrl Pts',(86.1815807266766,-44.8060170292605,-34.9474772652419));
#1305=CARTESIAN_POINT('Ctrl Pts',(86.3125148339917,-44.9010983355587,-34.8793304800051));
#1306=CARTESIAN_POINT('Ctrl Pts',(86.6009544539182,-45.1105564852582,-34.7292073895743));
#1307=CARTESIAN_POINT('Ctrl Pts',(86.8761375872477,-45.3272491020125,-34.5648327695885));
#1308=CARTESIAN_POINT('Ctrl Pts',(87.1367540759081,-45.5499613874694,-34.3868041799499));
#1309=CARTESIAN_POINT('Ctrl Pts',(87.3963510325371,-45.7718024221856,-34.2094720383779));
#1310=CARTESIAN_POINT('Ctrl Pts',(87.6414951489526,-45.9996157036172,-34.0185923957453));
#1311=CARTESIAN_POINT('Ctrl Pts',(87.870894374123,-46.2321851971246,-33.8148050306836));
#1312=CARTESIAN_POINT('Ctrl Pts',(88.0263806850324,-46.3898203092252,-33.6766783845284));
#1313=CARTESIAN_POINT('Ctrl Pts',(88.1746336941755,-46.5496401852164,-33.532622832777));
#1314=CARTESIAN_POINT('Ctrl Pts',(88.3152515880687,-46.7112632362941,-33.3828508955421));
#1315=CARTESIAN_POINT('Ctrl Pts',(88.5203896045589,-46.9470442681332,-33.1643586590304));
#1316=CARTESIAN_POINT('Ctrl Pts',(88.708560429454,-47.1858528573717,-32.9344459295397));
#1317=CARTESIAN_POINT('Ctrl Pts',(88.8787857237444,-47.4264671187263,-32.6940009285637));
#1318=CARTESIAN_POINT('Ctrl Pts',(89.0492008278952,-47.6673496772193,-32.4532878191831));
#1319=CARTESIAN_POINT('Ctrl Pts',(89.2016304331026,-47.910041972496,-32.2020189431948));
#1320=CARTESIAN_POINT('Ctrl Pts',(89.3350916764501,-48.1533158047499,-31.9411377177933));
#1321=CARTESIAN_POINT('Ctrl Pts',(89.4335941268998,-48.3328665717459,-31.7485916322496));
#1322=CARTESIAN_POINT('Ctrl Pts',(89.5217638658927,-48.5127341208511,-31.5508104662097));
#1323=CARTESIAN_POINT('Ctrl Pts',(89.5992049132092,-48.6924232453137,-31.3481916519188));
#1324=CARTESIAN_POINT('Ctrl Pts',(89.7043725789583,-48.9364473957491,-31.0730281762916));
#1325=CARTESIAN_POINT('Ctrl Pts',(89.7893630439476,-49.1792708624512,-30.7899202084185));
#1326=CARTESIAN_POINT('Ctrl Pts',(89.8535467695823,-49.4196584960155,-30.5000873366116));
#1327=CARTESIAN_POINT('Ctrl Pts',(89.9007515799116,-49.5964549118624,-30.2869257352001));
#1328=CARTESIAN_POINT('Ctrl Pts',(89.9367017863216,-49.7719338337702,-30.0701276612428));
#1329=CARTESIAN_POINT('Ctrl Pts',(89.9611448831183,-49.9456033164893,-29.8501961561867));
#1330=CARTESIAN_POINT('Ctrl Pts',(89.9950856018462,-50.1867539003801,-29.5448079553936));
#1331=CARTESIAN_POINT('Ctrl Pts',(90.0067261797072,-50.4236322011803,-29.2343674498173));
#1332=CARTESIAN_POINT('Ctrl Pts',(89.9957968498486,-50.6549907787991,-28.9203775879533));
#1333=CARTESIAN_POINT('Ctrl Pts',(89.9906964322511,-50.7629594626881,-28.7738471567549));
#1334=CARTESIAN_POINT('Ctrl Pts',(89.9806805366929,-50.869726060658,-28.6265444647317));
#1335=CARTESIAN_POINT('Ctrl Pts',(89.965721018109,-50.9751637999359,-28.4786260777654));
#1336=CARTESIAN_POINT('Ctrl Pts',(89.9318872563096,-51.2136310564462,-28.1440808554487));
#1337=CARTESIAN_POINT('Ctrl Pts',(89.8728940591887,-51.4443880374857,-27.8076622368779));
#1338=CARTESIAN_POINT('Ctrl Pts',(89.7889833163375,-51.6661418914386,-27.4712729542847));
#1339=CARTESIAN_POINT('Ctrl Pts',(89.7386902212569,-51.7990532122349,-27.2696532617554));
#1340=CARTESIAN_POINT('Ctrl Pts',(89.6794455439868,-51.9287304279903,-27.0680450835675));
#1341=CARTESIAN_POINT('Ctrl Pts',(89.6112988640431,-52.0548968648152,-26.8668665387732));
#1342=CARTESIAN_POINT('Ctrl Pts',(89.4870794141794,-52.2848761592815,-26.5001533228188));
#1343=CARTESIAN_POINT('Ctrl Pts',(89.3340135490165,-52.5018379455284,-26.1370194385762));
#1344=CARTESIAN_POINT('Ctrl Pts',(89.1534095994519,-52.7045725186773,-25.7799271636818));
#1345=CARTESIAN_POINT('Ctrl Pts',(88.9802039177993,-52.8990022641035,-25.4374628320043));
#1346=CARTESIAN_POINT('Ctrl Pts',(88.7816699051658,-53.0803458519751,-25.1005561357913));
#1347=CARTESIAN_POINT('Ctrl Pts',(88.5589446005489,-53.2475769903759,-24.7713980340573));
#1348=CARTESIAN_POINT('Ctrl Pts',(88.499129904686,-53.2924882755999,-24.6829999430551));
#1349=CARTESIAN_POINT('Ctrl Pts',(88.4375703585024,-53.3363819869417,-24.5951607751377));
#1350=CARTESIAN_POINT('Ctrl Pts',(88.3742877896781,-53.3792388622161,-24.5079230757511));
#1351=CARTESIAN_POINT('Ctrl Pts',(88.1648193526733,-53.5210972419476,-24.219161970159));
#1352=CARTESIAN_POINT('Ctrl Pts',(87.937833073523,-53.6507086250809,-23.9388075054161));
#1353=CARTESIAN_POINT('Ctrl Pts',(87.6947470346039,-53.7678106750271,-23.6681487932943));
#1354=CARTESIAN_POINT('Ctrl Pts',(87.6437353096069,-53.7923845978859,-23.611350929245));
#1355=CARTESIAN_POINT('Ctrl Pts',(87.5920145747229,-53.8164077965382,-23.5549799419529));
#1356=CARTESIAN_POINT('Ctrl Pts',(87.5395979030313,-53.8398780981529,-23.499047580805));
#1357=CARTESIAN_POINT('Ctrl Pts',(87.3037572046926,-53.9454790862427,-23.24738858211));
#1358=CARTESIAN_POINT('Ctrl Pts',(87.0538281481517,-54.0398841431985,-23.0046116542698));
#1359=CARTESIAN_POINT('Ctrl Pts',(86.7909993132777,-54.1229233781015,-22.7717726467273));
#1360=CARTESIAN_POINT('Ctrl Pts',(86.6521678632872,-54.1667863636572,-22.6487824236533));
#1361=CARTESIAN_POINT('Ctrl Pts',(86.5097371071186,-54.207478739514,-22.5285645295489));
#1362=CARTESIAN_POINT('Ctrl Pts',(86.3638819170708,-54.2449799782223,-22.4112707021676));
#1363=CARTESIAN_POINT('Ctrl Pts',(86.1761432171812,-54.2932500041092,-22.2602949936555));
#1364=CARTESIAN_POINT('Ctrl Pts',(85.9827309751147,-54.3362326846944,-22.1141641312109));
#1365=CARTESIAN_POINT('Ctrl Pts',(85.7840186707238,-54.3738934826646,-21.9731947788688));
#1366=CARTESIAN_POINT('Ctrl Pts',(85.5126525230768,-54.4253239448789,-21.7806837504319));
#1367=CARTESIAN_POINT('Ctrl Pts',(85.2327942481582,-54.4665839770715,-21.5987535773558));
#1368=CARTESIAN_POINT('Ctrl Pts',(84.9455953482288,-54.4978285698081,-21.4280016816047));
#1369=CARTESIAN_POINT('Ctrl Pts',(84.6600349077133,-54.5288949132649,-21.2582239192891));
#1370=CARTESIAN_POINT('Ctrl Pts',(84.3672172991335,-54.5500598936403,-21.0994974069209));
#1371=CARTESIAN_POINT('Ctrl Pts',(84.0682773472105,-54.5615041004981,-20.95236658701));
#1372=CARTESIAN_POINT('Ctrl Pts',(83.7667645547836,-54.5730468024508,-20.8039694789018));
#1373=CARTESIAN_POINT('Ctrl Pts',(83.4590235202256,-54.5747008800485,-20.6673687501302));
#1374=CARTESIAN_POINT('Ctrl Pts',(83.1462225217596,-54.5666781217957,-20.5430762973641));
#1375=CARTESIAN_POINT('Ctrl Pts',(82.8334215232937,-54.558655363543,-20.418783844598));
#1376=CARTESIAN_POINT('Ctrl Pts',(82.5155605147718,-54.5409561281047,-20.3067997867651));
#1377=CARTESIAN_POINT('Ctrl Pts',(82.1938124555674,-54.5138143674117,-20.2075869550053));
#1378=CARTESIAN_POINT('Ctrl Pts',(81.8684989312996,-54.4863718341212,-20.1072746919502));
#1379=CARTESIAN_POINT('Ctrl Pts',(81.5404944473538,-54.4493699638041,-20.0204445353269));
#1380=CARTESIAN_POINT('Ctrl Pts',(81.2110221481538,-54.4031946643443,-19.9473593754193));
#1381=CARTESIAN_POINT('Ctrl Pts',(80.8779646106422,-54.3565168963825,-19.8734789203809));
#1382=CARTESIAN_POINT('Ctrl Pts',(80.5434071105895,-54.3004655346746,-19.8136441659639));
#1383=CARTESIAN_POINT('Ctrl Pts',(80.2086196582862,-54.2354387604505,-19.7680740142133));
#1384=CARTESIAN_POINT('Ctrl Pts',(80.1391176651777,-54.2219391792001,-19.7586136346467));
#1385=CARTESIAN_POINT('Ctrl Pts',(80.0696057845089,-54.2080527572784,-19.749767852729));
#1386=CARTESIAN_POINT('Ctrl Pts',(80.0000954153653,-54.1937830176195,-19.7415383520341));
#1387=CARTESIAN_POINT('',(80.,-57.7549186047431,-21.7978124196808));
#1388=CARTESIAN_POINT('Ctrl Pts',(80.,-57.7549186047431,-21.7978124196808));
#1389=CARTESIAN_POINT('Ctrl Pts',(81.0906642476783,-57.9707470847788,-21.9224210507282));
#1390=CARTESIAN_POINT('Ctrl Pts',(82.178011716788,-58.0910473458574,-22.1979063903704));
#1391=CARTESIAN_POINT('Ctrl Pts',(84.3279034278658,-58.1187662636887,-23.0577151022251));
#1392=CARTESIAN_POINT('Ctrl Pts',(85.3684755678786,-58.0110050029351,-23.6552001379999));
#1393=CARTESIAN_POINT('Ctrl Pts',(87.2939612501872,-57.5207538805193,-25.1706869701217));
#1394=CARTESIAN_POINT('Ctrl Pts',(88.1357291401964,-57.1190141238147,-26.0970163619853));
#1395=CARTESIAN_POINT('Ctrl Pts',(89.1994379161164,-56.2139999224816,-27.8090413659569));
#1396=CARTESIAN_POINT('Ctrl Pts',(89.5256286805112,-55.7846532047211,-28.5410209285584));
#1397=CARTESIAN_POINT('Ctrl Pts',(89.8750831986678,-54.9820131627835,-29.7894078211689));
#1398=CARTESIAN_POINT('Ctrl Pts',(89.9605474586969,-54.6363921529276,-30.2970282267306));
#1399=CARTESIAN_POINT('Ctrl Pts',(90.0157154485867,-53.9410549659531,-31.2641512478573));
#1400=CARTESIAN_POINT('Ctrl Pts',(89.993343091536,-53.5951612764722,-31.7221532626872));
#1401=CARTESIAN_POINT('Ctrl Pts',(89.8364576523783,-52.8056604857569,-32.7187269767629));
#1402=CARTESIAN_POINT('Ctrl Pts',(89.6774725845949,-52.3606596234103,-33.2478782768418));
#1403=CARTESIAN_POINT('Ctrl Pts',(89.086795976364,-51.1997045327128,-34.5491293533529));
#1404=CARTESIAN_POINT('Ctrl Pts',(88.5526911495138,-50.4897042348709,-35.2668678513787));
#1405=CARTESIAN_POINT('Ctrl Pts',(87.0454464335516,-48.9904424464687,-36.6252789717049));
#1406=CARTESIAN_POINT('Ctrl Pts',(86.0120765278903,-48.2307301607707,-37.2020525138742));
#1407=CARTESIAN_POINT('Ctrl Pts',(83.6429827273715,-46.9369637435115,-37.9677960837135));
#1408=CARTESIAN_POINT('Ctrl Pts',(82.3180510603629,-46.4171064620701,-38.1438900140392));
#1409=CARTESIAN_POINT('Ctrl Pts',(80.6303561574936,-45.9978871872755,-38.0866817868452));
#1410=CARTESIAN_POINT('Ctrl Pts',(80.3152770926906,-45.929557996672,-38.0644480569316));
#1411=CARTESIAN_POINT('Ctrl Pts',(80.,-45.8711299634426,-38.0307146162184));
#1412=CARTESIAN_POINT('',(80.,-61.2916512459885,-23.8397459621556));
#1413=CARTESIAN_POINT('Origin',(30.,-61.2916512459885,-23.8397459621556));
#1414=CARTESIAN_POINT('',(30.,-39.6515177196629,-11.3458090454321));
#1415=CARTESIAN_POINT('Ctrl Pts',(80.,-54.1938028261769,-19.7418012663102));
#1416=CARTESIAN_POINT('Ctrl Pts',(71.7690403727972,-52.506426782192,-18.7675942530914));
#1417=CARTESIAN_POINT('Ctrl Pts',(63.5086114631343,-50.0405951235402,-17.3439456811925));
#1418=CARTESIAN_POINT('Ctrl Pts',(46.7269501830426,-44.7332366329628,-14.2797408279718));
#1419=CARTESIAN_POINT('Ctrl Pts',(38.4119704006074,-41.9458860904221,-12.67046324191));
#1420=CARTESIAN_POINT('Ctrl Pts',(30.,-39.6515177196629,-11.3458090454321));
#1421=CARTESIAN_POINT('',(30.,-43.348704243573,-13.4803806802558));
#1422=CARTESIAN_POINT('Ctrl Pts',(30.,-43.348704243573,-13.4803806802558));
#1423=CARTESIAN_POINT('Ctrl Pts',(38.2803902445355,-45.635047775533,-14.8004017338929));
#1424=CARTESIAN_POINT('Ctrl Pts',(46.4936664094627,-48.3872704597014,-16.3893982360251));
#1425=CARTESIAN_POINT('Ctrl Pts',(63.0162334414166,-53.5685931057414,-19.3808362604746));
#1426=CARTESIAN_POINT('Ctrl Pts',(71.5279821069335,-56.0784148148851,-20.8298825053088));
#1427=CARTESIAN_POINT('Ctrl Pts',(80.,-57.7549186047431,-21.7978124196808));
#1428=CARTESIAN_POINT('',(30.,-61.2916512459885,-23.8397459621556));
#1429=CARTESIAN_POINT('Origin',(30.,-56.2916512459885,-32.5));
#1430=CARTESIAN_POINT('Ctrl Pts',(30.,-39.6515177196629,-11.3458090454321));
#1431=CARTESIAN_POINT('Ctrl Pts',(29.7818204509944,-39.5920091583455,-11.3114517615364));
#1432=CARTESIAN_POINT('Ctrl Pts',(29.5629857361809,-39.5303976857889,-11.2841247430811));
#1433=CARTESIAN_POINT('Ctrl Pts',(28.1562827344918,-39.1221105587524,-11.1552128023683));
#1434=CARTESIAN_POINT('Ctrl Pts',(26.9786765494596,-38.7267444816737,-11.2614723640455));
#1435=CARTESIAN_POINT('Ctrl Pts',(24.6992580228635,-37.8269391675949,-11.9369199060252));
#1436=CARTESIAN_POINT('Ctrl Pts',(23.6387813066725,-37.3310484602521,-12.5186075125121));
#1437=CARTESIAN_POINT('Ctrl Pts',(21.9839935837037,-36.3261959933787,-13.9520475969877));
#1438=CARTESIAN_POINT('Ctrl Pts',(21.359629176235,-35.83738397213,-14.7381561304308));
#1439=CARTESIAN_POINT('Ctrl Pts',(20.4930861405995,-34.8550239140655,-16.3675325577394));
#1440=CARTESIAN_POINT('Ctrl Pts',(20.2199355018282,-34.373802119144,-17.1840488041087));
#1441=CARTESIAN_POINT('Ctrl Pts',(19.9597406221723,-33.3826993464264,-18.8465264733659));
#1442=CARTESIAN_POINT('Ctrl Pts',(19.9712682203913,-32.8786045213298,-19.6826419431085));
#1443=CARTESIAN_POINT('Ctrl Pts',(20.2905354318041,-31.826770104028,-21.4011509610718));
#1444=CARTESIAN_POINT('Ctrl Pts',(20.6256077828482,-31.2867243483685,-22.2682528661133));
#1445=CARTESIAN_POINT('Ctrl Pts',(21.6730297658784,-30.2258043180837,-23.9967298303244));
#1446=CARTESIAN_POINT('Ctrl Pts',(22.4223032171621,-29.7272482295707,-24.826960495319));
#1447=CARTESIAN_POINT('Ctrl Pts',(24.2769962712673,-28.9574056329257,-26.3016811807944));
#1448=CARTESIAN_POINT('Ctrl Pts',(25.3767115718044,-28.7099872078362,-26.918248515942));
#1449=CARTESIAN_POINT('Ctrl Pts',(27.6815871812266,-28.5987876021572,-27.8275071902876));
#1450=CARTESIAN_POINT('Ctrl Pts',(28.8432926915019,-28.7143885443391,-28.1252653394822));
#1451=CARTESIAN_POINT('Ctrl Pts',(30.,-28.9904696804047,-28.2846608577079));
#1452=CARTESIAN_POINT('Ctrl Pts',(30.,-32.7111597674643,-30.4328022810429));
#1453=CARTESIAN_POINT('Ctrl Pts',(29.8998230316597,-32.6867436969622,-30.4187056561659));
#1454=CARTESIAN_POINT('Ctrl Pts',(29.7994817331274,-32.6634536179527,-30.4035209785084));
#1455=CARTESIAN_POINT('Ctrl Pts',(28.7303121190761,-32.4278081617862,-30.2302944685335));
#1456=CARTESIAN_POINT('Ctrl Pts',(27.7619435839921,-32.3242044076266,-29.9743629208379));
#1457=CARTESIAN_POINT('Ctrl Pts',(25.6893596183191,-32.3492043924538,-29.187073614233));
#1458=CARTESIAN_POINT('Ctrl Pts',(24.6274974629241,-32.5305274456795,-28.6202379742487));
#1459=CARTESIAN_POINT('Ctrl Pts',(22.6736927606845,-33.1978911844871,-27.1699793277137));
#1460=CARTESIAN_POINT('Ctrl Pts',(21.8293822959552,-33.6973458906021,-26.2825307566998));
#1461=CARTESIAN_POINT('Ctrl Pts',(20.720485642128,-34.7382656715042,-24.5176176635423));
#1462=CARTESIAN_POINT('Ctrl Pts',(20.37527651542,-35.238898965424,-23.6924324985604));
#1463=CARTESIAN_POINT('Ctrl Pts',(20.0160831335661,-36.2004341748909,-22.1024432589297));
#1464=CARTESIAN_POINT('Ctrl Pts',(19.9633168482078,-36.6526885741691,-21.3528044718815));
#1465=CARTESIAN_POINT('Ctrl Pts',(20.0869815554467,-37.5543019382253,-19.8537729188782));
#1466=CARTESIAN_POINT('Ctrl Pts',(20.2646905130807,-37.9996313404753,-19.1111566914735));
#1467=CARTESIAN_POINT('Ctrl Pts',(20.8941960212046,-38.9438090120679,-17.5629379483344));
#1468=CARTESIAN_POINT('Ctrl Pts',(21.3858322191735,-39.4319261503458,-16.780211403895));
#1469=CARTESIAN_POINT('Ctrl Pts',(22.7518634775995,-40.452492485627,-15.2733364938323));
#1470=CARTESIAN_POINT('Ctrl Pts',(23.6667476535875,-40.966475304067,-14.6048507468434));
#1471=CARTESIAN_POINT('Ctrl Pts',(25.8122650895179,-41.9606114092866,-13.6325076983636));
#1472=CARTESIAN_POINT('Ctrl Pts',(27.0268312376234,-42.4230033394437,-13.3703189959228));
#1473=CARTESIAN_POINT('Ctrl Pts',(28.8542461772762,-43.0182021383353,-13.3460346465938));
#1474=CARTESIAN_POINT('Ctrl Pts',(29.4288892830037,-43.19101176106,-13.3893368830277));
#1475=CARTESIAN_POINT('Ctrl Pts',(30.,-43.348704243573,-13.4803806802558));
#1476=CARTESIAN_POINT('Origin',(70.,-4.61817430245779E-29,75.));
#1477=CARTESIAN_POINT('',(57.2699020707042,-1.8911961905307,61.2466637289313));
#1478=CARTESIAN_POINT('',(57.1609602322059,2.01525832814723E-10,61.2027189011603));
#1479=CARTESIAN_POINT('Ctrl Pts',(57.2699020707041,-1.89119023391292,61.246409041312));
#1480=CARTESIAN_POINT('Ctrl Pts',(57.2630461148361,-1.83449889442702,61.2441945410912));
#1481=CARTESIAN_POINT('Ctrl Pts',(57.2565109931791,-1.77776643108949,61.2420603486699));
#1482=CARTESIAN_POINT('Ctrl Pts',(57.2502973168415,-1.72099525586336,61.2400063140283));
#1483=CARTESIAN_POINT('Ctrl Pts',(57.2196542747502,-1.44102548957513,61.2298767439378));
#1484=CARTESIAN_POINT('Ctrl Pts',(57.1968525345598,-1.16031787675912,61.2217034276247));
#1485=CARTESIAN_POINT('Ctrl Pts',(57.181926983061,-0.879168115925396,61.215467189216));
#1486=CARTESIAN_POINT('Ctrl Pts',(57.1663877582625,-0.586458708435813,61.2089745440002));
#1487=CARTESIAN_POINT('Ctrl Pts',(57.1593857053518,-0.293270007856261,61.2045813861012));
#1488=CARTESIAN_POINT('Ctrl Pts',(57.1609602322059,6.72846070637334E-5,
61.2022929490998));
#1489=CARTESIAN_POINT('Ctrl Pts',(57.1609602322059,4.03037984930688E-10,
61.2027189011603));
#1490=CARTESIAN_POINT('Ctrl Pts',(57.1610414113245,0.015122328634457,61.2026029653645));
#1491=CARTESIAN_POINT('Ctrl Pts',(57.161145381618,0.0302450573334717,61.2024926369536));
#1492=CARTESIAN_POINT('Ctrl Pts',(57.1663429904549,0.650314086105115,61.1981989733854));
#1493=CARTESIAN_POINT('Ctrl Pts',(57.2078823199451,1.25412359816847,61.2029697368837));
#1494=CARTESIAN_POINT('Ctrl Pts',(57.3955930753515,2.70371739085495,61.2363964537403));
#1495=CARTESIAN_POINT('Ctrl Pts',(57.5776425768217,3.54130982690827,61.2740492018191));
#1496=CARTESIAN_POINT('Ctrl Pts',(58.3408686485094,6.02944674169991,61.4459361743493));
#1497=CARTESIAN_POINT('Ctrl Pts',(59.1312849459152,7.58845063870897,61.6377582431773));
#1498=CARTESIAN_POINT('Ctrl Pts',(61.3641636936448,10.6666354497097,62.2450638577995));
#1499=CARTESIAN_POINT('Ctrl Pts',(62.8734441090372,12.0773194434364,62.6911504982873));
#1500=CARTESIAN_POINT('Ctrl Pts',(66.6284605909257,14.5560481177585,63.9220681556629));
#1501=CARTESIAN_POINT('Ctrl Pts',(68.9267375572756,15.4588326369608,64.7492357843184));
#1502=CARTESIAN_POINT('Ctrl Pts',(73.7635006431166,16.3769058527739,66.6119753097879));
#1503=CARTESIAN_POINT('Ctrl Pts',(76.3129982405813,16.3441667232003,67.6544237692366));
#1504=CARTESIAN_POINT('Ctrl Pts',(80.7989205463959,15.3578981370567,69.5257268593453));
#1505=CARTESIAN_POINT('Ctrl Pts',(82.7709685860402,14.5535713545462,70.361720029747));
#1506=CARTESIAN_POINT('Ctrl Pts',(86.0479066049693,12.4257697035562,71.7481327693146));
#1507=CARTESIAN_POINT('Ctrl Pts',(87.3948493411741,11.2190783469458,72.3169862861327));
#1508=CARTESIAN_POINT('Ctrl Pts',(89.4230235229034,8.66329965342407,73.1724231286047));
#1509=CARTESIAN_POINT('Ctrl Pts',(90.1726152895722,7.41164013838082,73.488442565141));
#1510=CARTESIAN_POINT('Ctrl Pts',(91.202131866367,4.98491391757304,73.9279286698663));
#1511=CARTESIAN_POINT('Ctrl Pts',(91.5417497967487,3.85750872309582,74.0755259024011));
#1512=CARTESIAN_POINT('Ctrl Pts',(91.8694118423412,2.06975033265382,74.2258226462525));
#1513=CARTESIAN_POINT('Ctrl Pts',(91.9468298211085,1.43556375641742,74.2637141628005));
#1514=CARTESIAN_POINT('Ctrl Pts',(92.0178148634225,0.278871697829934,74.3051355967572));
#1515=CARTESIAN_POINT('Ctrl Pts',(92.0242810834526,-0.24125957365101,74.3137229308907));
#1516=CARTESIAN_POINT('Ctrl Pts',(91.9838651259498,-1.34776008425511,74.3106465996707));
#1517=CARTESIAN_POINT('Ctrl Pts',(91.9300221595333,-1.93265913303322,74.2962244691279));
#1518=CARTESIAN_POINT('Ctrl Pts',(91.7031131731169,-3.46541917908283,74.2244575583002));
#1519=CARTESIAN_POINT('Ctrl Pts',(91.4764710151472,-4.40035804085011,74.1457676337157));
#1520=CARTESIAN_POINT('Ctrl Pts',(90.5213670336272,-7.21104597885064,73.7987911241406));
#1521=CARTESIAN_POINT('Ctrl Pts',(89.5298759532696,-8.94898034140451,73.4222781124111));
#1522=CARTESIAN_POINT('Ctrl Pts',(86.9132113704952,-12.0683013360293,72.3919049274522));
#1523=CARTESIAN_POINT('Ctrl Pts',(85.2835982149938,-13.3747010824501,71.7333127133595));
#1524=CARTESIAN_POINT('Ctrl Pts',(81.2969069946718,-15.5470673524935,70.0956083027241));
#1525=CARTESIAN_POINT('Ctrl Pts',(78.8888847337933,-16.2384707404697,69.0903679097963));
#1526=CARTESIAN_POINT('Ctrl Pts',(74.0118052243604,-16.6435252014888,67.0882074559366));
#1527=CARTESIAN_POINT('Ctrl Pts',(71.533116242151,-16.3650503557963,66.090147677252));
#1528=CARTESIAN_POINT('Ctrl Pts',(67.2183868911948,-14.9860776621865,64.4489275306966));
#1529=CARTESIAN_POINT('Ctrl Pts',(65.3452994461395,-14.0343074760544,63.7754290116319));
#1530=CARTESIAN_POINT('Ctrl Pts',(62.2643185914708,-11.6942590112254,62.7381074041073));
#1531=CARTESIAN_POINT('Ctrl Pts',(61.0139096626762,-10.4149304951718,62.3463587342776));
#1532=CARTESIAN_POINT('Ctrl Pts',(59.0057446719283,-7.53386245366428,61.7445839965701));
#1533=CARTESIAN_POINT('Ctrl Pts',(58.2475508232341,-5.97397640343934,61.5317258388607));
#1534=CARTESIAN_POINT('Ctrl Pts',(57.5346410207016,-3.51799286955039,61.3271829700187));
#1535=CARTESIAN_POINT('Ctrl Pts',(57.3689315669715,-2.71001990243984,61.278611781977));
#1536=CARTESIAN_POINT('Ctrl Pts',(57.2699020707042,-1.89119619053069,61.2466637289313));
#1537=CARTESIAN_POINT('',(59.4769563926717,2.60663085117009E-9,57.8951336009686));
#1538=CARTESIAN_POINT('',(47.5,2.7554552980815E-15,75.));
#1539=CARTESIAN_POINT('',(59.4832754900178,0.332182689574682,57.8935994537972));
#1540=CARTESIAN_POINT('Ctrl Pts',(59.4810700534417,0.332341597663537,57.8955459874485));
#1541=CARTESIAN_POINT('Ctrl Pts',(59.4774971214802,0.221629978833783,57.8956547488494));
#1542=CARTESIAN_POINT('Ctrl Pts',(59.4753907006728,0.110894690516993,57.8961648079771));
#1543=CARTESIAN_POINT('Ctrl Pts',(59.4747499320567,0.000161817371760268,
57.8970752448409));
#1544=CARTESIAN_POINT('Ctrl Pts',(59.4769563926717,5.21325878299894E-9,
57.8951336009687));
#1545=CARTESIAN_POINT('Ctrl Pts',(59.4756967959805,-0.217815941507112,57.8969324913185));
#1546=CARTESIAN_POINT('Ctrl Pts',(59.4801084769939,-0.435622841955083,57.9002898839452));
#1547=CARTESIAN_POINT('Ctrl Pts',(59.516362891501,-1.218658031308,57.9179846901889));
#1548=CARTESIAN_POINT('Ctrl Pts',(59.5807110161641,-1.78103916201397,57.9412328451265));
#1549=CARTESIAN_POINT('Ctrl Pts',(59.8421202982004,-3.21074528786527,58.0281818532391));
#1550=CARTESIAN_POINT('Ctrl Pts',(60.0928590769673,-4.06229929896623,58.1069699613389));
#1551=CARTESIAN_POINT('Ctrl Pts',(61.0821036034514,-6.48251795988015,58.4181975643377));
#1552=CARTESIAN_POINT('Ctrl Pts',(62.0416322423042,-7.91938683065446,58.7211388041189));
#1553=CARTESIAN_POINT('Ctrl Pts',(64.5272175167801,-10.49840853641,59.5657919544569));
#1554=CARTESIAN_POINT('Ctrl Pts',(66.0707932093377,-11.5613304356385,60.1206058588283));
#1555=CARTESIAN_POINT('Ctrl Pts',(69.7522610041187,-13.245749020548,61.535538273497));
#1556=CARTESIAN_POINT('Ctrl Pts',(71.9311286599894,-13.7176895679669,62.429273169347));
#1557=CARTESIAN_POINT('Ctrl Pts',(76.0828645236786,-13.7709659462958,64.1955445663185));
#1558=CARTESIAN_POINT('Ctrl Pts',(78.0706302660499,-13.4224841504504,65.0667071597908));
#1559=CARTESIAN_POINT('Ctrl Pts',(81.4415487974264,-12.1006845061226,66.5461853797232));
#1560=CARTESIAN_POINT('Ctrl Pts',(82.8662806853398,-11.2570625867997,67.1718973255157));
#1561=CARTESIAN_POINT('Ctrl Pts',(85.1608216634855,-9.26133393403089,68.1665981695647));
#1562=CARTESIAN_POINT('Ctrl Pts',(86.0722183531999,-8.1978758772634,68.5563298069106));
#1563=CARTESIAN_POINT('Ctrl Pts',(87.4884428349349,-5.87583534507602,69.1501459491387));
#1564=CARTESIAN_POINT('Ctrl Pts',(88.0065443310219,-4.65712008007923,69.3611004915337));
#1565=CARTESIAN_POINT('Ctrl Pts',(88.488057571606,-2.75687956201874,69.54720493078));
#1566=CARTESIAN_POINT('Ctrl Pts',(88.5987169101343,-2.13496323385035,69.5875777821184));
#1567=CARTESIAN_POINT('Ctrl Pts',(88.709874875707,-1.06214218237612,69.6225727262776));
#1568=CARTESIAN_POINT('Ctrl Pts',(88.7330556284726,-0.616016804959971,69.6271094299387));
#1569=CARTESIAN_POINT('Ctrl Pts',(88.7335377900938,0.276125778355337,69.6162727165635));
#1570=CARTESIAN_POINT('Ctrl Pts',(88.7109377414597,0.721056057145733,69.6009554689969));
#1571=CARTESIAN_POINT('Ctrl Pts',(88.602025974496,1.78716234950173,69.5404493337977));
#1572=CARTESIAN_POINT('Ctrl Pts',(88.493706247801,2.40352124300567,69.4857556680006));
#1573=CARTESIAN_POINT('Ctrl Pts',(88.0141893951014,4.32120800273942,69.2532242022878));
#1574=CARTESIAN_POINT('Ctrl Pts',(87.4888914778819,5.56007004402694,69.0086526993128));
#1575=CARTESIAN_POINT('Ctrl Pts',(85.9483210253783,8.08647606574765,68.3000939110433));
#1576=CARTESIAN_POINT('Ctrl Pts',(84.8665699607646,9.28986175754486,67.8065808474997));
#1577=CARTESIAN_POINT('Ctrl Pts',(82.0477017206044,11.538814942503,66.5264671029113));
#1578=CARTESIAN_POINT('Ctrl Pts',(80.2351732777898,12.4323514291606,65.7066437737705));
#1579=CARTESIAN_POINT('Ctrl Pts',(76.2392563625186,13.5291299975079,63.9378169839431));
#1580=CARTESIAN_POINT('Ctrl Pts',(74.0301572363617,13.6586206837707,62.9829177564572));
#1581=CARTESIAN_POINT('Ctrl Pts',(70.0719122026833,13.0712341356376,61.3681819650694));
#1582=CARTESIAN_POINT('Ctrl Pts',(68.3025064630478,12.4934281254276,60.6845973148163));
#1583=CARTESIAN_POINT('Ctrl Pts',(65.3172766966798,10.8538315169188,59.6117307623657));
#1584=CARTESIAN_POINT('Ctrl Pts',(64.0705210155584,9.89996305806538,59.1959272059088));
#1585=CARTESIAN_POINT('Ctrl Pts',(61.8396292534476,7.48932215609836,58.5003360235218));
#1586=CARTESIAN_POINT('Ctrl Pts',(60.912353601433,6.02571250927964,58.2417077319107));
#1587=CARTESIAN_POINT('Ctrl Pts',(60.0026819032712,3.62118566463856,58.0051564516003));
#1588=CARTESIAN_POINT('Ctrl Pts',(59.7832640357445,2.81048918881351,57.9521081581665));
#1589=CARTESIAN_POINT('Ctrl Pts',(59.5555373203808,1.43629890622549,57.902568110618));
#1590=CARTESIAN_POINT('Ctrl Pts',(59.5011246175809,0.885306150522245,57.8930597476843));
#1591=CARTESIAN_POINT('Ctrl Pts',(59.4832754900178,0.332182689574672,57.8935994537972));
#1592=CARTESIAN_POINT('Origin',(80.,-0.482804980890913,-20.));
#1593=CARTESIAN_POINT('',(80.,-64.3748334333094,-7.69347882954458E-15));
#1594=CARTESIAN_POINT('',(100.,-61.4002285616487,-20.));
#1595=CARTESIAN_POINT('Ctrl Pts',(80.,-64.3748334333094,-1.42938503915058E-14));
#1596=CARTESIAN_POINT('Ctrl Pts',(80.3031885252634,-64.4530031904635,-1.42802159932876E-14));
#1597=CARTESIAN_POINT('Ctrl Pts',(80.6070636783074,-64.5292032022178,-0.00689384747352026));
#1598=CARTESIAN_POINT('Ctrl Pts',(83.161059162899,-65.1509288768493,-0.123401840081662));
#1599=CARTESIAN_POINT('Ctrl Pts',(85.403786886763,-65.5754560548651,-0.606548292827662));
#1600=CARTESIAN_POINT('Ctrl Pts',(89.4770256328237,-66.0476154890268,-2.26387523384954));
#1601=CARTESIAN_POINT('Ctrl Pts',(91.2845078156733,-66.1205973145577,-3.35408941400343));
#1602=CARTESIAN_POINT('Ctrl Pts',(94.4462181296876,-65.9260668729905,-6.02018713955282));
#1603=CARTESIAN_POINT('Ctrl Pts',(95.776127041995,-65.6726506351529,-7.5463481700299));
#1604=CARTESIAN_POINT('Ctrl Pts',(97.9940951037861,-64.8382672194188,-11.0156376685031));
#1605=CARTESIAN_POINT('Ctrl Pts',(98.8237737254812,-64.2471077137708,-12.9401233976214));
#1606=CARTESIAN_POINT('Ctrl Pts',(99.5959355112708,-63.1675383713779,-15.878337610246));
#1607=CARTESIAN_POINT('Ctrl Pts',(99.7738701125046,-62.7840995034234,-16.8471317692258));
#1608=CARTESIAN_POINT('Ctrl Pts',(99.9606681021774,-62.0636945476546,-18.54608541218));
#1609=CARTESIAN_POINT('Ctrl Pts',(99.9999999999992,-61.7385956348578,-19.2758186906873));
#1610=CARTESIAN_POINT('Ctrl Pts',(100.,-61.4002285616591,-19.9999999999778));
#1611=CARTESIAN_POINT('',(100.,-56.9539525732408,-20.));
#1612=CARTESIAN_POINT('',(100.,-0.482804980890913,-20.));
#1613=CARTESIAN_POINT('',(80.0000000000001,-60.2116980270103,-1.04992445754182E-14));
#1614=CARTESIAN_POINT('Ctrl Pts',(100.,-56.9539525732519,-19.999999999978));
#1615=CARTESIAN_POINT('Ctrl Pts',(99.9999999999993,-57.2547145633177,-19.403659929156));
#1616=CARTESIAN_POINT('Ctrl Pts',(99.9733292807585,-57.5458357666383,-18.8027342227623));
#1617=CARTESIAN_POINT('Ctrl Pts',(99.8373347546785,-58.2449960771471,-17.2985571688106));
#1618=CARTESIAN_POINT('Ctrl Pts',(99.6939302593338,-58.6394333530235,-16.3934374077436));
#1619=CARTESIAN_POINT('Ctrl Pts',(99.1169683457941,-59.6537369407143,-13.9002210116051));
#1620=CARTESIAN_POINT('Ctrl Pts',(98.5481384305474,-60.2115607105279,-12.3290412730168));
#1621=CARTESIAN_POINT('Ctrl Pts',(96.7409958077611,-61.2620682311543,-8.83018640942891));
#1622=CARTESIAN_POINT('Ctrl Pts',(95.3684126660748,-61.6627560823747,-6.99404852822303));
#1623=CARTESIAN_POINT('Ctrl Pts',(91.993297061822,-62.0330479003404,-3.82827402157228));
#1624=CARTESIAN_POINT('Ctrl Pts',(90.0443686720006,-61.9952441175985,-2.55129857704649));
#1625=CARTESIAN_POINT('Ctrl Pts',(85.6141839175144,-61.5053119740285,-0.640416781269053));
#1626=CARTESIAN_POINT('Ctrl Pts',(83.1706589008568,-61.026511788833,-0.101597958586174));
#1627=CARTESIAN_POINT('Ctrl Pts',(80.4815430699965,-60.3390287195228,-0.00433962718081553));
#1628=CARTESIAN_POINT('Ctrl Pts',(80.2405492431222,-60.2759940528362,-1.66936672412051E-14));
#1629=CARTESIAN_POINT('Ctrl Pts',(80.0000000000002,-60.2116980270103,-1.42637637812193E-14));
#1630=CARTESIAN_POINT('',(80.,-0.482804980890916,0.));
#1631=CARTESIAN_POINT('Ctrl Pts',(100.,44.2382787360728,51.6962435347355));
#1632=CARTESIAN_POINT('Ctrl Pts',(95.5830074485809,44.2382787360728,51.6962435347355));
#1633=CARTESIAN_POINT('Ctrl Pts',(82.1831098310337,43.2317657872919,50.1674138771419));
#1634=CARTESIAN_POINT('Ctrl Pts',(58.9630131852915,37.5863638684394,41.8004749758215));
#1635=CARTESIAN_POINT('Ctrl Pts',(35.0341715654876,30.574373571585,31.5852550870366));
#1636=CARTESIAN_POINT('Ctrl Pts',(15.294291547934,26.7686143783706,26.10928644677));
#1637=CARTESIAN_POINT('Ctrl Pts',(5.13951077005397,25.9518701048516,24.9499576977234));
#1638=CARTESIAN_POINT('Ctrl Pts',(-7.52649238481346E-6,25.9518705036401,
24.9499582637392));
#1639=CARTESIAN_POINT('Ctrl Pts',(100.,40.4050612780404,55.6833910093558));
#1640=CARTESIAN_POINT('Ctrl Pts',(95.5896461584295,40.4050612780404,55.6833910093558));
#1641=CARTESIAN_POINT('Ctrl Pts',(82.2056520665569,39.4932263633709,54.0646880140357));
#1642=CARTESIAN_POINT('Ctrl Pts',(58.9892761229637,34.3587535032283,45.1782161242309));
#1643=CARTESIAN_POINT('Ctrl Pts',(35.0600195808207,27.9703526847026,34.3102619647866));
#1644=CARTESIAN_POINT('Ctrl Pts',(15.3117568506647,24.4979379807529,28.4763663258838));
#1645=CARTESIAN_POINT('Ctrl Pts',(5.1461494710887,23.7511930302848,27.2390070737611));
#1646=CARTESIAN_POINT('Ctrl Pts',(-7.53621312001446E-6,23.7511933949057,
27.2390076778701));
#1647=CARTESIAN_POINT('Ctrl Pts',(100.,31.6778202174918,62.6371084113454));
#1648=CARTESIAN_POINT('Ctrl Pts',(95.6015804476462,31.6778202174918,62.6371084113454));
#1649=CARTESIAN_POINT('Ctrl Pts',(82.2459940555969,30.9772569197625,60.8643195463083));
#1650=CARTESIAN_POINT('Ctrl Pts',(59.0354944903937,27.0001226105627,51.075303040752));
#1651=CARTESIAN_POINT('Ctrl Pts',(35.1057946694524,22.0335944706605,39.067821212262));
#1652=CARTESIAN_POINT('Ctrl Pts',(15.3430695008834,19.3258492649013,32.6064090941051));
#1653=CARTESIAN_POINT('Ctrl Pts',(5.1580837444579,18.7408226217166,31.231185085307));
#1654=CARTESIAN_POINT('Ctrl Pts',(-7.5536908710361E-6,18.7408229072853,
31.2311857566535));
#1655=CARTESIAN_POINT('Ctrl Pts',(100.,16.3146020681749,69.2817719277765));
#1656=CARTESIAN_POINT('Ctrl Pts',(95.6142157393109,16.3146020681749,69.2817719277765));
#1657=CARTESIAN_POINT('Ctrl Pts',(82.28840985228,15.9751691110139,67.3663098227676));
#1658=CARTESIAN_POINT('Ctrl Pts',(59.0829537666819,14.0200873226549,56.7202156579257));
#1659=CARTESIAN_POINT('Ctrl Pts',(35.1532173367686,11.5617188738199,43.6221189710964));
#1660=CARTESIAN_POINT('Ctrl Pts',(15.3760802752929,10.214020863044,36.5557470391035));
#1661=CARTESIAN_POINT('Ctrl Pts',(5.17071901934378,9.92069114677413,35.0459330886425));
#1662=CARTESIAN_POINT('Ctrl Pts',(-7.57219585301485E-6,9.92069128995454,
35.0459338255927));
#1663=CARTESIAN_POINT('Ctrl Pts',(100.,-0.25224490728918,71.6753981300704));
#1664=CARTESIAN_POINT('Ctrl Pts',(95.6207047871579,-0.25224490728918,71.6753981300704));
#1665=CARTESIAN_POINT('Ctrl Pts',(82.3100904601518,-0.2092935988953,69.7113235241886));
#1666=CARTESIAN_POINT('Ctrl Pts',(59.106855554629,0.00730955325865906,58.7596286876905));
#1667=CARTESIAN_POINT('Ctrl Pts',(35.1772344681813,0.256559842255547,45.2676130046753));
#1668=CARTESIAN_POINT('Ctrl Pts',(15.3929827620976,0.384099951002272,37.9800633395198));
#1669=CARTESIAN_POINT('Ctrl Pts',(5.17720805857747,0.409547908640254,36.4201307057076));
#1670=CARTESIAN_POINT('Ctrl Pts',(-7.58169556567465E-6,0.409547896194458,
36.4201314671111));
#1671=CARTESIAN_POINT('Ctrl Pts',(100.,-16.8671763094349,69.6535922595752));
#1672=CARTESIAN_POINT('Ctrl Pts',(95.6205928309142,-16.8671763094349,69.6535922595752));
#1673=CARTESIAN_POINT('Ctrl Pts',(82.3097175990003,-16.442377782616,67.7358519983809));
#1674=CARTESIAN_POINT('Ctrl Pts',(59.106443317425,-14.0500592550995,57.048816697788));
#1675=CARTESIAN_POINT('Ctrl Pts',(35.1768200296229,-11.0846203704553,43.8873671648697));
#1676=CARTESIAN_POINT('Ctrl Pts',(15.3926925698183,-9.47554196018769,36.7802442431474));
#1677=CARTESIAN_POINT('Ctrl Pts',(5.17709610248105,-9.12920093616462,35.2593977514594));
#1678=CARTESIAN_POINT('Ctrl Pts',(-7.58153301296492E-6,-9.12920110518987,
35.2593984937756));
#1679=CARTESIAN_POINT('Ctrl Pts',(100.,-32.377976588818,63.3576018964749));
#1680=CARTESIAN_POINT('Ctrl Pts',(95.6138954582778,-32.377976588818,63.3576018964749));
#1681=CARTESIAN_POINT('Ctrl Pts',(82.2873339475526,-31.5935689269691,61.5786645814348));
#1682=CARTESIAN_POINT('Ctrl Pts',(59.0817651453668,-27.1657856107945,51.7086249290708));
#1683=CARTESIAN_POINT('Ctrl Pts',(35.1520257132414,-21.6660229828293,39.5788821765978));
#1684=CARTESIAN_POINT('Ctrl Pts',(15.3752405510122,-18.6777139851305,33.0403504638423));
#1685=CARTESIAN_POINT('Ctrl Pts',(5.17039873874094,-18.0340603473624,31.6448254538031));
#1686=CARTESIAN_POINT('Ctrl Pts',(-7.57172174413812E-6,-18.0340606616085,
31.644826135024));
#1687=CARTESIAN_POINT('Ctrl Pts',(100.,-44.2172526456963,54.3489011457449));
#1688=CARTESIAN_POINT('Ctrl Pts',(95.6024882556121,-44.2172526456963,54.3489011457449));
#1689=CARTESIAN_POINT('Ctrl Pts',(82.2490390014401,-43.1512482091028,52.7698858782339));
#1690=CARTESIAN_POINT('Ctrl Pts',(59.0388782196322,-37.1614214839431,44.0705801550378));
#1691=CARTESIAN_POINT('Ctrl Pts',(35.1091828993099,-29.7301472831729,33.4166262154573));
#1692=CARTESIAN_POINT('Ctrl Pts',(15.3454421351552,-25.6977767867848,27.690188282212));
#1693=CARTESIAN_POINT('Ctrl Pts',(5.15899155121504,-24.8310719102824,26.4728670650148));
#1694=CARTESIAN_POINT('Ctrl Pts',(-7.55502367789566E-6,-24.8310723332955,
26.4728676592461));
#1695=CARTESIAN_POINT('Ctrl Pts',(100.,-54.9538211303789,41.6099910346852));
#1696=CARTESIAN_POINT('Ctrl Pts',(95.5853149408036,-54.9538211303789,41.6099910346852));
#1697=CARTESIAN_POINT('Ctrl Pts',(82.1910238896993,-53.6246971116287,40.3187051186317));
#1698=CARTESIAN_POINT('Ctrl Pts',(58.9725678521665,-46.2064314145108,33.2802701899263));
#1699=CARTESIAN_POINT('Ctrl Pts',(35.0434538990074,-37.0274309217736,24.7113263694745));
#1700=CARTESIAN_POINT('Ctrl Pts',(15.3003980705001,-32.058460439241,20.1274695988304));
#1701=CARTESIAN_POINT('Ctrl Pts',(5.14181825921508,-30.9950113111169,19.1593692756049));
#1702=CARTESIAN_POINT('Ctrl Pts',(-7.52986916042443E-6,-30.9950118304116,
19.1593697482705));
#1703=CARTESIAN_POINT('Ctrl Pts',(100.,-61.2697833556265,28.0303154516526));
#1704=CARTESIAN_POINT('Ctrl Pts',(95.5661028181371,-61.2697833556265,28.0303154516526));
#1705=CARTESIAN_POINT('Ctrl Pts',(82.1256364748671,-59.7751118335632,27.0529095072971));
#1706=CARTESIAN_POINT('Ctrl Pts',(58.8957860287737,-51.5014603755334,21.7943250238093));
#1707=CARTESIAN_POINT('Ctrl Pts',(34.9681042098429,-41.2996733492955,15.4449676595931));
#1708=CARTESIAN_POINT('Ctrl Pts',(15.2497826295489,-35.7940471274789,12.0702544327227));
#1709=CARTESIAN_POINT('Ctrl Pts',(5.12260616205623,-34.6210496029565,11.3631821199469));
#1710=CARTESIAN_POINT('Ctrl Pts',(-7.50173705245921E-6,-34.6210501757207,
11.3631824651832));
#1711=CARTESIAN_POINT('Ctrl Pts',(100.,-64.4150084623641,9.78823555663513));
#1712=CARTESIAN_POINT('Ctrl Pts',(95.5393595896762,-64.4150084623641,9.78823555663513));
#1713=CARTESIAN_POINT('Ctrl Pts',(82.0337921537558,-62.8231941387516,9.24459134600633));
#1714=CARTESIAN_POINT('Ctrl Pts',(58.784010947972,-54.0997231005747,6.39435230018463));
#1715=CARTESIAN_POINT('Ctrl Pts',(34.8598805616848,-43.3969995249465,3.02064141646609));
#1716=CARTESIAN_POINT('Ctrl Pts',(15.1789330847059,-37.6450033553049,1.25421463346367));
#1717=CARTESIAN_POINT('Ctrl Pts',(5.09586296910418,-36.4267454406826,0.890275889657485));
#1718=CARTESIAN_POINT('Ctrl Pts',(-7.46257481245166E-6,-36.4267460356596,
0.890276067309122));
#1719=CARTESIAN_POINT('Ctrl Pts',(100.,-62.8401865941203,-6.98739698892455));
#1720=CARTESIAN_POINT('Ctrl Pts',(95.5139855996042,-62.8401865941203,-6.98739698892455));
#1721=CARTESIAN_POINT('Ctrl Pts',(81.9459304099496,-61.2670070112605,-7.1214120903994));
#1722=CARTESIAN_POINT('Ctrl Pts',(58.6732735710843,-52.7197808132139,-7.74020777538475));
#1723=CARTESIAN_POINT('Ctrl Pts',(34.7540560017078,-42.2852235914168,-8.38339582697072));
#1724=CARTESIAN_POINT('Ctrl Pts',(15.1113693619996,-36.6994299020343,-8.68579553365123));
#1725=CARTESIAN_POINT('Ctrl Pts',(5.0704890127274,-35.5226291476193,-8.74073261775063));
#1726=CARTESIAN_POINT('Ctrl Pts',(-7.4254133873435E-6,-35.5226297224782,
-8.74073259101629));
#1727=CARTESIAN_POINT('Ctrl Pts',(100.,-55.5456072968663,-24.0992855586858));
#1728=CARTESIAN_POINT('Ctrl Pts',(95.4871017425593,-55.5456072968663,-24.0992855586858));
#1729=CARTESIAN_POINT('Ctrl Pts',(81.8520895368765,-54.1349726737676,-23.8044562632753));
#1730=CARTESIAN_POINT('Ctrl Pts',(58.550150957486,-46.530288409606,-22.1269531674586));
#1731=CARTESIAN_POINT('Ctrl Pts',(34.6381478476735,-37.2932036034242,-19.9921733170606));
#1732=CARTESIAN_POINT('Ctrl Pts',(15.0394350555393,-32.3676973517943,-18.8180897380091));
#1733=CARTESIAN_POINT('Ctrl Pts',(5.04360519137732,-31.3347599271625,-18.5647880744742));
#1734=CARTESIAN_POINT('Ctrl Pts',(-7.38604612175699E-6,-31.334760431714,
-18.5647881983437));
#1735=CARTESIAN_POINT('Ctrl Pts',(100.,-45.1925171333519,-37.2488523182715));
#1736=CARTESIAN_POINT('Ctrl Pts',(95.4656119765857,-45.1925171333519,-37.2488523182715));
#1737=CARTESIAN_POINT('Ctrl Pts',(81.7766775365708,-44.0288520882836,-36.6186523619714));
#1738=CARTESIAN_POINT('Ctrl Pts',(58.4482548288791,-37.7897237695703,-33.1650258197706));
#1739=CARTESIAN_POINT('Ctrl Pts',(34.5432697093552,-30.2420704744386,-28.8998512364695));
#1740=CARTESIAN_POINT('Ctrl Pts',(14.9817428540452,-26.2295212391693,-26.6006431106461));
#1741=CARTESIAN_POINT('Ctrl Pts',(5.02211545393903,-25.3909781268534,-26.1140467423063));
#1742=CARTESIAN_POINT('Ctrl Pts',(-7.35457511218019E-6,-25.3909785364898,
-26.1140469801426));
#1743=CARTESIAN_POINT('Ctrl Pts',(100.,-31.7547476169458,-47.2323271670906));
#1744=CARTESIAN_POINT('Ctrl Pts',(95.4483183620494,-31.7547476169458,-47.2323271670906));
#1745=CARTESIAN_POINT('Ctrl Pts',(81.7157511707945,-30.9217339403981,-46.343945937757));
#1746=CARTESIAN_POINT('Ctrl Pts',(58.3639213389234,-26.474444974259,-41.5342725064175));
#1747=CARTESIAN_POINT('Ctrl Pts',(34.4654441774117,-21.1125205638341,-35.6545187895971));
#1748=CARTESIAN_POINT('Ctrl Pts',(14.9352022435469,-18.2690261608149,-32.5071694291293));
#1749=CARTESIAN_POINT('Ctrl Pts',(5.00482186236642,-17.6762602350203,-31.8456297997462));
#1750=CARTESIAN_POINT('Ctrl Pts',(-7.32924902492761E-6,-17.6762605245395,
-31.845630123015));
#1751=CARTESIAN_POINT('Ctrl Pts',(100.,-21.3696010144581,-51.3134667608932));
#1752=CARTESIAN_POINT('Ctrl Pts',(95.440389381462,-21.3696010144581,-51.3134667608932));
#1753=CARTESIAN_POINT('Ctrl Pts',(81.6877498280505,-20.7966427859523,-50.3184226154183));
#1754=CARTESIAN_POINT('Ctrl Pts',(58.3245040415126,-17.7426769765797,-44.9516580340322));
#1755=CARTESIAN_POINT('Ctrl Pts',(34.4292947901247,-14.0667113881704,-38.4129109912294));
#1756=CARTESIAN_POINT('Ctrl Pts',(14.9138324732491,-12.1194679378388,-34.9209000218104));
#1757=CARTESIAN_POINT('Ctrl Pts',(4.99689289230537,-11.7140746041456,-34.1886407161493));
#1758=CARTESIAN_POINT('Ctrl Pts',(-7.31763953513988E-6,-11.7140748021889,
-34.1886410739881));
#1759=CARTESIAN_POINT('Ctrl Pts',(100.,-16.0000212402169,-52.6395565440507));
#1760=CARTESIAN_POINT('Ctrl Pts',(95.4374649719131,-16.0000212402169,-52.6395565440507));
#1761=CARTESIAN_POINT('Ctrl Pts',(81.6774136788591,-15.5619796834056,-51.6095679315398));
#1762=CARTESIAN_POINT('Ctrl Pts',(58.3099045969438,-13.2296942088289,-46.0614028601278));
#1763=CARTESIAN_POINT('Ctrl Pts',(34.4159232122925,-10.4250064460183,-39.3087006838847));
#1764=CARTESIAN_POINT('Ctrl Pts',(14.905945270461,-8.94030657273243,-35.7051206856716));
#1765=CARTESIAN_POINT('Ctrl Pts',(4.99396848664163,-8.63136112875307,-34.9499581783377));
#1766=CARTESIAN_POINT('Ctrl Pts',(-7.31335481863422E-6,-8.63136127965321,
-34.9499585473306));
#1767=CARTESIAN_POINT('',(100.,-44.4321905289614,-36.9588114877418));
#1768=CARTESIAN_POINT('Ctrl Pts',(100.,-44.4327868387477,-36.9586890848704));
#1769=CARTESIAN_POINT('Ctrl Pts',(100.,-44.5148763024309,-36.8797406209026));
#1770=CARTESIAN_POINT('Ctrl Pts',(100.,-48.5724796079655,-32.9559270657264));
#1771=CARTESIAN_POINT('Ctrl Pts',(100.,-52.9778557765653,-27.3606132883733));
#1772=CARTESIAN_POINT('Ctrl Pts',(100.,-56.3163065952092,-21.2637398652021));
#1773=CARTESIAN_POINT('Ctrl Pts',(100.,-56.9539165543153,-19.9996917022661));
#1774=CARTESIAN_POINT('',(79.9999999999994,-26.8689347114687,-46.5383600655148));
#1775=CARTESIAN_POINT('Ctrl Pts',(79.9999999999993,-26.8689347114688,-46.5383600655149));
#1776=CARTESIAN_POINT('Ctrl Pts',(80.1291663157631,-26.8815176846499,-46.5601544143748));
#1777=CARTESIAN_POINT('Ctrl Pts',(80.258399493127,-26.8951473384091,-46.5812590924867));
#1778=CARTESIAN_POINT('Ctrl Pts',(82.846817591419,-27.1890006953743,-46.9898607472644));
#1779=CARTESIAN_POINT('Ctrl Pts',(85.2864511217464,-27.8441021712248,-47.1219981932699));
#1780=CARTESIAN_POINT('Ctrl Pts',(89.6445815368288,-29.7283222582771,-46.8156554898426));
#1781=CARTESIAN_POINT('Ctrl Pts',(91.5619690700264,-30.880322748392,-46.4337090142308));
#1782=CARTESIAN_POINT('Ctrl Pts',(94.7851974341016,-33.4721500514706,-45.2232533031874));
#1783=CARTESIAN_POINT('Ctrl Pts',(96.1046420706384,-34.8572666436764,-44.4460601991154));
#1784=CARTESIAN_POINT('Ctrl Pts',(98.1672668071285,-37.7454300799754,-42.5581268574904));
#1785=CARTESIAN_POINT('Ctrl Pts',(98.916094483484,-39.2155247654474,-41.4802325221719));
#1786=CARTESIAN_POINT('Ctrl Pts',(99.6262054013917,-41.4230466356144,-39.6797514870796));
#1787=CARTESIAN_POINT('Ctrl Pts',(99.7928049287994,-42.1507536817409,-39.0566921714986));
#1788=CARTESIAN_POINT('Ctrl Pts',(99.9641162738275,-43.3971408244342,-37.9373939037645));
#1789=CARTESIAN_POINT('Ctrl Pts',(100.,-43.9186291370134,-37.4527178808383));
#1790=CARTESIAN_POINT('Ctrl Pts',(100.,-44.4321905289614,-36.9588114877418));
#1791=CARTESIAN_POINT('',(9.99999999999704,-18.2681460917422,-31.6413571909883));
#1792=CARTESIAN_POINT('Ctrl Pts',(79.9999999999993,-26.8689347114688,-46.5383600655149));
#1793=CARTESIAN_POINT('Ctrl Pts',(64.6223013497158,-25.3708880376215,-43.9436671143019));
#1794=CARTESIAN_POINT('Ctrl Pts',(49.1249174490572,-22.5899400977966,-39.1269239893212));
#1795=CARTESIAN_POINT('Ctrl Pts',(25.7988638180416,-19.5299299345684,-33.8268309149327));
#1796=CARTESIAN_POINT('Ctrl Pts',(17.9422341730803,-18.6803765027209,-32.3553612072285));
#1797=CARTESIAN_POINT('Ctrl Pts',(9.999999999997,-18.2681460917423,-31.6413571909885));
#1798=CARTESIAN_POINT('',(0.,-8.6313624279462,-34.9499582637439));
#1799=CARTESIAN_POINT('Ctrl Pts',(3.38271077815477E-15,-8.63136242794477,
-34.9499582637442));
#1800=CARTESIAN_POINT('Ctrl Pts',(-1.26174237054988E-14,-8.74521436259205,
-34.9218409966606));
#1801=CARTESIAN_POINT('Ctrl Pts',(0.00190368421687822,-8.85897726414945,
-34.8931552661628));
#1802=CARTESIAN_POINT('Ctrl Pts',(0.0336415176896274,-9.80089195313389,
-34.6507453057972));
#1803=CARTESIAN_POINT('Ctrl Pts',(0.163379982354933,-10.6130202951306,-34.4097296981622));
#1804=CARTESIAN_POINT('Ctrl Pts',(0.684676318625809,-12.3498971235884,-33.8326332074581));
#1805=CARTESIAN_POINT('Ctrl Pts',(1.12316777000745,-13.2411429965787,-33.4932018097169));
#1806=CARTESIAN_POINT('Ctrl Pts',(2.43383128610238,-15.0603606934367,-32.7493402116453));
#1807=CARTESIAN_POINT('Ctrl Pts',(3.37103043001036,-15.9144560734142,-32.362094241004));
#1808=CARTESIAN_POINT('Ctrl Pts',(5.56786110824037,-17.2666919495448,-31.7835513480205));
#1809=CARTESIAN_POINT('Ctrl Pts',(6.80533016548611,-17.7473029183993,-31.602902311821));
#1810=CARTESIAN_POINT('Ctrl Pts',(8.7325179211688,-18.1530561545325,-31.5623653987864));
#1811=CARTESIAN_POINT('Ctrl Pts',(9.36660248737248,-18.2352704913441,-31.5844149807699));
#1812=CARTESIAN_POINT('Ctrl Pts',(9.99999999999708,-18.2681460917423,-31.6413571909886));
#1813=CARTESIAN_POINT('',(0.,-36.,-5.38844591624835E-15));
#1814=CARTESIAN_POINT('Origin',(0.,0.,0.));
#1815=CARTESIAN_POINT('',(49.9999999999995,-49.5040613260343,3.9288930080939));
#1816=CARTESIAN_POINT('Ctrl Pts',(50.0009185023319,-49.5041272123544,3.92898670181906));
#1817=CARTESIAN_POINT('Ctrl Pts',(43.3724526532882,-46.7490264078925,3.11047617778663));
#1818=CARTESIAN_POINT('Ctrl Pts',(31.8603538723955,-42.0233524183375,1.72133698047235));
#1819=CARTESIAN_POINT('Ctrl Pts',(15.1723675371213,-37.2027323822961,0.33630143213768));
#1820=CARTESIAN_POINT('Ctrl Pts',(5.0934178460969,-35.9994293151146,5.10682240376727E-5));
#1821=CARTESIAN_POINT('Ctrl Pts',(-1.11069923607722E-12,-35.999429315416,
5.10682129616203E-5));
#1822=CARTESIAN_POINT('',(0.,25.951870503635,24.9499582637439));
#1823=CARTESIAN_POINT('Origin',(0.,0.,0.));
#1824=CARTESIAN_POINT('',(9.99999999999671,18.4346246943445,31.9297065890685));
#1825=CARTESIAN_POINT('Ctrl Pts',(10.0000000000058,18.4346246943455,31.9297065890703));
#1826=CARTESIAN_POINT('Ctrl Pts',(9.53380737535118,18.3953157325335,31.8616214700197));
#1827=CARTESIAN_POINT('Ctrl Pts',(9.06637038726978,18.3866054472108,31.7813399118402));
#1828=CARTESIAN_POINT('Ctrl Pts',(7.37047436989321,18.4689259096641,31.4447406423926));
#1829=CARTESIAN_POINT('Ctrl Pts',(6.18193564852646,18.7472242431495,31.12395780723));
#1830=CARTESIAN_POINT('Ctrl Pts',(3.93095867504758,19.7210920061346,30.2759404879682));
#1831=CARTESIAN_POINT('Ctrl Pts',(2.91224963265561,20.4306697492906,29.7449196270464));
#1832=CARTESIAN_POINT('Ctrl Pts',(1.41883854176662,21.9668864780724,28.5523296866218));
#1833=CARTESIAN_POINT('Ctrl Pts',(0.894653283529818,22.7383359404254,27.9376998807141));
#1834=CARTESIAN_POINT('Ctrl Pts',(0.255642799780567,24.1722763412251,26.6909075455302));
#1835=CARTESIAN_POINT('Ctrl Pts',(0.0844995561819202,24.8152929424554,26.0958798155986));
#1836=CARTESIAN_POINT('Ctrl Pts',(0.00806750372032681,25.6153688485053,
25.2964623897956));
#1837=CARTESIAN_POINT('Ctrl Pts',(-1.63381210160353E-13,25.7845452054751,
25.1240028222127));
#1838=CARTESIAN_POINT('Ctrl Pts',(-6.41847686111419E-15,25.9518705036398,
24.9499582637388));
#1839=CARTESIAN_POINT('',(80.,32.7646220813533,56.7499901356971));
#1840=CARTESIAN_POINT('Ctrl Pts',(9.99999999999662,18.4346246943447,31.929706589069));
#1841=CARTESIAN_POINT('Ctrl Pts',(14.6762516509356,18.8289222182601,32.6126499337889));
#1842=CARTESIAN_POINT('Ctrl Pts',(19.2764115630862,19.4674209587314,33.7185621928541));
#1843=CARTESIAN_POINT('Ctrl Pts',(31.4533061119317,21.583029390808,37.3829034861318));
#1844=CARTESIAN_POINT('Ctrl Pts',(39.0651931311844,23.374334564068,40.485535069071));
#1845=CARTESIAN_POINT('Ctrl Pts',(57.8611185333074,28.0077973924023,48.5109281027279));
#1846=CARTESIAN_POINT('Ctrl Pts',(68.9910204059478,30.9388187503753,53.5876060018148));
#1847=CARTESIAN_POINT('Ctrl Pts',(80.,32.7646220813533,56.7499901356971));
#1848=CARTESIAN_POINT('',(100.,16.442271951303,68.4788504101017));
#1849=CARTESIAN_POINT('Ctrl Pts',(100.,16.4422719505389,68.4788504101452));
#1850=CARTESIAN_POINT('Ctrl Pts',(99.9999999999992,17.0716698448003,68.2969738754106));
#1851=CARTESIAN_POINT('Ctrl Pts',(99.9696585675798,17.6978286593809,68.1053550541059));
#1852=CARTESIAN_POINT('Ctrl Pts',(99.8222668426597,19.1911816773813,67.622397654035));
#1853=CARTESIAN_POINT('Ctrl Pts',(99.6752013869456,20.0508436682186,67.3228709626709));
#1854=CARTESIAN_POINT('Ctrl Pts',(99.0517263765222,22.5618243353411,66.3812709663392));
#1855=CARTESIAN_POINT('Ctrl Pts',(98.3973113092765,24.1389229057194,65.6996213230599));
#1856=CARTESIAN_POINT('Ctrl Pts',(96.4010995496257,27.377896886638,64.0689011935632));
#1857=CARTESIAN_POINT('Ctrl Pts',(94.9508186038739,28.9132208061196,63.1164186478152));
#1858=CARTESIAN_POINT('Ctrl Pts',(91.3573214813742,31.4181563637413,61.1171382788123));
#1859=CARTESIAN_POINT('Ctrl Pts',(89.2193941498125,32.290230383185,60.0987033545283));
#1860=CARTESIAN_POINT('Ctrl Pts',(84.6874048313623,33.1532859366762,58.2433875233817));
#1861=CARTESIAN_POINT('Ctrl Pts',(82.338526013569,33.1524589874604,57.4217433621249));
#1862=CARTESIAN_POINT('Ctrl Pts',(80.,32.7646220813533,56.7499901356972));
#1863=CARTESIAN_POINT('',(100.,-16.7061261537764,68.9358592959863));
#1864=CARTESIAN_POINT('Ctrl Pts',(100.,-16.705591733171,68.9354144069385));
#1865=CARTESIAN_POINT('Ctrl Pts',(100.,-16.6981130000821,68.9373537203928));
#1866=CARTESIAN_POINT('Ctrl Pts',(100.,-16.6906339074074,68.9392916439707));
#1867=CARTESIAN_POINT('Ctrl Pts',(100.,-16.6831544556411,68.9412281774744));
#1868=CARTESIAN_POINT('Ctrl Pts',(100.,-11.328865842053,70.3275275497403));
#1869=CARTESIAN_POINT('Ctrl Pts',(100.,-5.79055537467107,71.0014628399054));
#1870=CARTESIAN_POINT('Ctrl Pts',(100.,-0.260258978402788,70.9394927846056));
#1871=CARTESIAN_POINT('Ctrl Pts',(100.,5.27003741786549,70.8775227293058));
#1872=CARTESIAN_POINT('Ctrl Pts',(100.,10.7923197430202,70.0796473285412));
#1873=CARTESIAN_POINT('Ctrl Pts',(100.,16.113997263817,68.5732657087537));
#1874=CARTESIAN_POINT('Ctrl Pts',(100.,16.2235880287633,68.54224437885));
#1875=CARTESIAN_POINT('Ctrl Pts',(100.,16.333093720633,68.5109225835413));
#1876=CARTESIAN_POINT('Ctrl Pts',(100.,16.4425127838473,68.4793009998365));
#1877=CARTESIAN_POINT('',(79.9999999999973,-33.2363810263726,57.5671005973956));
#1878=CARTESIAN_POINT('Ctrl Pts',(79.999999999997,-33.236381026373,57.5671005973963));
#1879=CARTESIAN_POINT('Ctrl Pts',(80.4902472010051,-33.3205863658434,57.7129485236275));
#1880=CARTESIAN_POINT('Ctrl Pts',(80.9819250652541,-33.387645323683,57.8651439128281));
#1881=CARTESIAN_POINT('Ctrl Pts',(83.8012090765313,-33.6701386186062,58.7711679376651));
#1882=CARTESIAN_POINT('Ctrl Pts',(86.1174026444887,-33.5044332370143,59.6454117689979));
#1883=CARTESIAN_POINT('Ctrl Pts',(90.2264302252499,-32.3626725490126,61.4201155169438));
#1884=CARTESIAN_POINT('Ctrl Pts',(92.0156217810353,-31.4976977972005,62.2891622824098));
#1885=CARTESIAN_POINT('Ctrl Pts',(95.0577414949939,-29.2093777926735,63.9667803400959));
#1886=CARTESIAN_POINT('Ctrl Pts',(96.309625301057,-27.8580155543667,64.7578113412334));
#1887=CARTESIAN_POINT('Ctrl Pts',(98.2665983594956,-24.8049859833099,66.2331764046338));
#1888=CARTESIAN_POINT('Ctrl Pts',(98.975943211679,-23.1489962817505,66.9081124784916));
#1889=CARTESIAN_POINT('Ctrl Pts',(99.6468442258968,-20.5167365733733,67.8239776112342));
#1890=CARTESIAN_POINT('Ctrl Pts',(99.804239367246,-19.6247581889908,68.1102243100644));
#1891=CARTESIAN_POINT('Ctrl Pts',(99.966025945423,-18.053511522196,68.5744131993583));
#1892=CARTESIAN_POINT('Ctrl Pts',(100.000000000001,-17.3820356844112,68.7605799517574));
#1893=CARTESIAN_POINT('Ctrl Pts',(100.,-16.7061261537357,68.9358592959956));
#1894=CARTESIAN_POINT('',(59.9999999999999,-28.8703291409459,50.0048769033545));
#1895=CARTESIAN_POINT('Ctrl Pts',(80.0000579213426,-33.2358859628643,57.5666455779152));
#1896=CARTESIAN_POINT('Ctrl Pts',(79.0343999711777,-33.0696595430025,57.2787908256508));
#1897=CARTESIAN_POINT('Ctrl Pts',(78.0673182333574,-32.8945992518563,56.9756259489279));
#1898=CARTESIAN_POINT('Ctrl Pts',(77.0987559941443,-32.7116000572899,56.6586998028078));
#1899=CARTESIAN_POINT('Ctrl Pts',(76.4904410011271,-32.59666562225,56.45965123519));
#1900=CARTESIAN_POINT('Ctrl Pts',(75.8815418797902,-32.4785991642591,56.2551733669718));
#1901=CARTESIAN_POINT('Ctrl Pts',(75.2720433510999,-32.3576181412875,56.0456405260911));
#1902=CARTESIAN_POINT('Ctrl Pts',(74.246177423025,-32.1539912192063,55.6929692854663));
#1903=CARTESIAN_POINT('Ctrl Pts',(73.2191986508122,-31.9422230278519,55.3261823676182));
#1904=CARTESIAN_POINT('Ctrl Pts',(72.1911513639332,-31.7233740290236,54.9471192411696));
#1905=CARTESIAN_POINT('Ctrl Pts',(71.117821654752,-31.4948853833504,54.5513595125412));
#1906=CARTESIAN_POINT('Ctrl Pts',(70.0433272291947,-31.2586785475169,54.1422181462167));
#1907=CARTESIAN_POINT('Ctrl Pts',(68.967712442697,-31.0159327131634,53.7217381638491));
#1908=CARTESIAN_POINT('Ctrl Pts',(67.8624882283155,-30.7665045931379,53.2896832460392));
#1909=CARTESIAN_POINT('Ctrl Pts',(66.7560811012336,-30.5101725658278,52.8456564998734));
#1910=CARTESIAN_POINT('Ctrl Pts',(65.64853305674,-30.248185955735,52.3918264778237));
#1911=CARTESIAN_POINT('Ctrl Pts',(64.4867410202251,-29.9733681193507,51.9157693819984));
#1912=CARTESIAN_POINT('Ctrl Pts',(63.3236935658252,-29.6923284197306,51.4289249023119));
#1913=CARTESIAN_POINT('Ctrl Pts',(62.1594327018976,-29.4064744519351,50.9337492883393));
#1914=CARTESIAN_POINT('Ctrl Pts',(61.4393882699726,-29.2296862730724,50.6275048248235));
#1915=CARTESIAN_POINT('Ctrl Pts',(60.7188795964518,-29.0510560053813,50.3180728999791));
#1916=CARTESIAN_POINT('Ctrl Pts',(59.9979155042742,-28.8709101418819,50.0060272197391));
#1917=CARTESIAN_POINT('',(50.,-34.3011282419869,39.411296872057));
#1918=CARTESIAN_POINT('Ctrl Pts',(50.,-34.3011282419869,39.411296872057));
#1919=CARTESIAN_POINT('Ctrl Pts',(50.,-34.1305096189495,39.5738939612325));
#1920=CARTESIAN_POINT('Ctrl Pts',(50.0078714160678,-33.9612393608666,39.7382949542136));
#1921=CARTESIAN_POINT('Ctrl Pts',(50.111431595798,-32.8544751995543,40.8338065677867));
#1922=CARTESIAN_POINT('Ctrl Pts',(50.4429782407275,-31.983675174724,41.7925148841546));
#1923=CARTESIAN_POINT('Ctrl Pts',(51.5239993978452,-30.4763034993047,43.6899086650014));
#1924=CARTESIAN_POINT('Ctrl Pts',(52.2637496115833,-29.8535805705808,44.6131233061916));
#1925=CARTESIAN_POINT('Ctrl Pts',(54.1081305072769,-28.9016686548244,46.4307728600376));
#1926=CARTESIAN_POINT('Ctrl Pts',(55.2199437230869,-28.6072189189644,47.3028483502402));
#1927=CARTESIAN_POINT('Ctrl Pts',(57.5634647666953,-28.4475884881914,48.8244213589649));
#1928=CARTESIAN_POINT('Ctrl Pts',(58.7780124131449,-28.5647465824775,49.4755923861808));
#1929=CARTESIAN_POINT('Ctrl Pts',(60.0000000000014,-28.8703291409462,50.0048769033552));
#1930=CARTESIAN_POINT('',(50.,-49.1264744673931,9.99999999999999));
#1931=CARTESIAN_POINT('Ctrl Pts',(50.0010547217105,-34.3020325112324,39.4124482489793));
#1932=CARTESIAN_POINT('Ctrl Pts',(50.0010554315875,-34.5535596322493,39.1728817901258));
#1933=CARTESIAN_POINT('Ctrl Pts',(50.0010561614884,-34.8026526350497,38.9305367342685));
#1934=CARTESIAN_POINT('Ctrl Pts',(50.0010568738732,-35.0492576901637,38.6854392512489));
#1935=CARTESIAN_POINT('Ctrl Pts',(50.0010571876153,-35.157865227576,38.5774956649164));
#1936=CARTESIAN_POINT('Ctrl Pts',(50.0010574978285,-35.2659901769507,38.4690181996185));
#1937=CARTESIAN_POINT('Ctrl Pts',(50.0010578050007,-35.3736285029148,38.360010006478));
#1938=CARTESIAN_POINT('Ctrl Pts',(50.0010594395763,-35.9464112910231,37.7799376555345));
#1939=CARTESIAN_POINT('Ctrl Pts',(50.0010610660139,-36.5040302679157,37.1862444165242));
#1940=CARTESIAN_POINT('Ctrl Pts',(50.0010626138035,-37.0460553793527,36.5796016901285));
#1941=CARTESIAN_POINT('Ctrl Pts',(50.0010641689557,-37.5906588255535,35.9700732523559));
#1942=CARTESIAN_POINT('Ctrl Pts',(50.0010656436127,-38.1195200032739,35.3474715309587));
#1943=CARTESIAN_POINT('Ctrl Pts',(50.0010666307204,-38.6321708484308,34.7124355066142));
#1944=CARTESIAN_POINT('Ctrl Pts',(50.0010676204207,-39.1461681863983,34.0757315411178));
#1945=CARTESIAN_POINT('Ctrl Pts',(50.0010681188044,-39.6438702287322,33.4265275471749));
#1946=CARTESIAN_POINT('Ctrl Pts',(50.001067396599,-40.1247687178476,32.7654301301039));
#1947=CARTESIAN_POINT('Ctrl Pts',(50.0010671478377,-40.2904126048086,32.5377173210557));
#1948=CARTESIAN_POINT('Ctrl Pts',(50.0010667515704,-40.4540625208907,32.3085931312679));
#1949=CARTESIAN_POINT('Ctrl Pts',(50.0010661696605,-40.6156965960382,32.0780814326366));
#1950=CARTESIAN_POINT('Ctrl Pts',(50.001064479989,-41.0850278670729,31.4087525896414));
#1951=CARTESIAN_POINT('Ctrl Pts',(50.0010612458047,-41.5373662700992,30.7277273486565));
#1952=CARTESIAN_POINT('Ctrl Pts',(50.0010574230755,-41.9724328146934,30.035712510716));
#1953=CARTESIAN_POINT('Ctrl Pts',(50.0010535928419,-42.4083534420693,29.3423391726444));
#1954=CARTESIAN_POINT('Ctrl Pts',(50.0010491696808,-42.8269345247685,28.6379326629419));
#1955=CARTESIAN_POINT('Ctrl Pts',(50.0010448493772,-43.2278497281118,27.9231787668754));
#1956=CARTESIAN_POINT('Ctrl Pts',(50.00104053827,-43.6279115145724,27.2099463472628));
#1957=CARTESIAN_POINT('Ctrl Pts',(50.0010363273735,-44.0103827175297,26.4864101498558));
#1958=CARTESIAN_POINT('Ctrl Pts',(50.0010326759346,-44.3748909759811,25.7532324170831));
#1959=CARTESIAN_POINT('Ctrl Pts',(50.0010290512855,-44.7367249132968,25.0254338565552));
#1960=CARTESIAN_POINT('Ctrl Pts',(50.0010259756182,-45.0808586431856,24.28813432196));
#1961=CARTESIAN_POINT('Ctrl Pts',(50.0010237030495,-45.4068783958672,23.5419685996941));
#1962=CARTESIAN_POINT('Ctrl Pts',(50.0010226839295,-45.553080039725,23.2073549626728));
#1963=CARTESIAN_POINT('Ctrl Pts',(50.0010218238982,-45.6956382464823,22.8709581775402));
#1964=CARTESIAN_POINT('Ctrl Pts',(50.0010211348439,-45.8345123256556,22.5328349545633));
#1965=CARTESIAN_POINT('Ctrl Pts',(50.0010195867132,-46.1465272485642,21.7731576124792));
#1966=CARTESIAN_POINT('Ctrl Pts',(50.0010188200227,-46.4391909422646,21.0066106122175));
#1967=CARTESIAN_POINT('Ctrl Pts',(50.0010182345825,-46.7122838489905,20.2339349330114));
#1968=CARTESIAN_POINT('Ctrl Pts',(50.0010176467732,-46.9864818828675,19.4581324612339));
#1969=CARTESIAN_POINT('Ctrl Pts',(50.0010172396002,-47.2409506080145,18.6761512212538));
#1970=CARTESIAN_POINT('Ctrl Pts',(50.0010161300241,-47.4754224061239,17.8887148563112));
#1971=CARTESIAN_POINT('Ctrl Pts',(50.0010154703832,-47.6148154526606,17.4205854064233));
#1972=CARTESIAN_POINT('Ctrl Pts',(50.0010145574009,-47.7471401471377,16.9505274886538));
#1973=CARTESIAN_POINT('Ctrl Pts',(50.001013164283,-47.8723322776347,16.4786896158377));
#1974=CARTESIAN_POINT('Ctrl Pts',(50.0010108271497,-48.0823580661862,15.6871213206649));
#1975=CARTESIAN_POINT('Ctrl Pts',(50.0010071494867,-48.2723124812579,14.8905441238417));
#1976=CARTESIAN_POINT('Ctrl Pts',(50.0010026764781,-48.4421126092075,14.0897524913288));
#1977=CARTESIAN_POINT('Ctrl Pts',(50.0009982001973,-48.6120369560919,13.2883750319107));
#1978=CARTESIAN_POINT('Ctrl Pts',(50.0009929245113,-48.761777587791,12.482776531701));
#1979=CARTESIAN_POINT('Ctrl Pts',(50.0009872112753,-48.891200382413,11.6737427197144));
#1980=CARTESIAN_POINT('Ctrl Pts',(50.0009832832069,-48.9801835089026,11.1175009986435));
#1981=CARTESIAN_POINT('Ctrl Pts',(50.0009791444675,-49.0595611536416,10.5596351566384));
#1982=CARTESIAN_POINT('Ctrl Pts',(50.0009748729007,-49.1292754782474,10.0003993171335));
#1983=CARTESIAN_POINT('',(60.,-53.3756227930545,-1.34975178603074E-14));
#1984=CARTESIAN_POINT('Ctrl Pts',(60.,-53.3756227930545,2.22044604925031E-15));
#1985=CARTESIAN_POINT('Ctrl Pts',(59.6703368924838,-53.2458484428299,4.26744593708559E-15));
#1986=CARTESIAN_POINT('Ctrl Pts',(59.3401077355657,-53.1169728617506,0.0163024872801363));
#1987=CARTESIAN_POINT('Ctrl Pts',(57.7548268029344,-52.5034442303183,0.173929616865607));
#1988=CARTESIAN_POINT('Ctrl Pts',(56.5234231636578,-52.0438502640682,0.536280497021335));
#1989=CARTESIAN_POINT('Ctrl Pts',(54.3525224294743,-51.239564906523,1.66579217390511));
#1990=CARTESIAN_POINT('Ctrl Pts',(53.4136207591327,-50.8937729862767,2.38298597088262));
#1991=CARTESIAN_POINT('Ctrl Pts',(51.7149436737213,-50.2288961573073,4.24301483382216));
#1992=CARTESIAN_POINT('Ctrl Pts',(51.0137408620337,-49.9251386387061,5.40813536360193));
#1993=CARTESIAN_POINT('Ctrl Pts',(50.3437700615954,-49.5373544071767,7.31639916152873));
#1994=CARTESIAN_POINT('Ctrl Pts',(50.1856620608513,-49.4213169359654,7.96807850656656));
#1995=CARTESIAN_POINT('Ctrl Pts',(50.031505993107,-49.2478075145044,9.08481277789354));
#1996=CARTESIAN_POINT('Ctrl Pts',(50.,-49.1836968176245,9.54174267754764));
#1997=CARTESIAN_POINT('Ctrl Pts',(50.,-49.1264744673931,10.));
#1998=CARTESIAN_POINT('Ctrl Pts',(59.9999999999999,-53.3756227930545,-1.12889309346534E-14));
#1999=CARTESIAN_POINT('Ctrl Pts',(65.6245801662642,-55.5897808826962,-1.15949122935307E-14));
#2000=CARTESIAN_POINT('Ctrl Pts',(71.2285824585611,-57.6558065860719,-1.92426050116849E-14));
#2001=CARTESIAN_POINT('Ctrl Pts',(77.8682156018363,-59.6251904445958,-1.95466851032671E-14));
#2002=CARTESIAN_POINT('Ctrl Pts',(78.9313033563238,-59.9260477954398,-3.64677871023866E-15));
#2003=CARTESIAN_POINT('Ctrl Pts',(80.0000000000002,-60.2116980270103,-3.68625359978175E-15));
#2004=CARTESIAN_POINT('Origin',(100.,-0.965609961781834,8.23752111964088));
#2005=CARTESIAN_POINT('',(100.,-46.4886078959066,-40.5206308488578));
#2006=CARTESIAN_POINT('Origin',(100.,-0.965609961781834,8.23752111964088));
#2007=CARTESIAN_POINT('',(100.,-32.5361519544598,-16.3542682679059));
#2008=CARTESIAN_POINT('Origin',(80.,-32.5361519544598,-16.3542682679059));
#2009=CARTESIAN_POINT('',(80.,-28.9105828248337,-50.0745983290401));
#2010=CARTESIAN_POINT('Ctrl Pts',(100.,-46.488607895931,-40.520630848835));
#2011=CARTESIAN_POINT('Ctrl Pts',(100.,-46.4582037857991,-40.5490176146751));
#2012=CARTESIAN_POINT('Ctrl Pts',(99.9998768347208,-46.427773207652,-40.577375863715));
#2013=CARTESIAN_POINT('Ctrl Pts',(99.9954360750309,-45.8790640536195,-41.0877596730981));
#2014=CARTESIAN_POINT('Ctrl Pts',(99.9555387940513,-45.3537586638081,-41.5609846956871));
#2015=CARTESIAN_POINT('Ctrl Pts',(99.772933657126,-44.0828243450511,-42.6696396546596));
#2016=CARTESIAN_POINT('Ctrl Pts',(99.5960181751827,-43.3347706367192,-43.2929033435131));
#2017=CARTESIAN_POINT('Ctrl Pts',(98.8320744545284,-41.024724053254,-45.1295320518502));
#2018=CARTESIAN_POINT('Ctrl Pts',(98.0151196061067,-39.479299561047,-46.2340414008122));
#2019=CARTESIAN_POINT('Ctrl Pts',(95.6401859070996,-36.2986792852522,-48.2577058404856));
#2020=CARTESIAN_POINT('Ctrl Pts',(94.011564563588,-34.7288065514412,-49.0922682439074));
#2021=CARTESIAN_POINT('Ctrl Pts',(90.050087051756,-31.9287189928655,-50.2705350954202));
#2022=CARTESIAN_POINT('Ctrl Pts',(87.715423923492,-30.7706700613455,-50.5547974193148));
#2023=CARTESIAN_POINT('Ctrl Pts',(83.5254166800171,-29.4383440771831,-50.5225288052427));
#2024=CARTESIAN_POINT('Ctrl Pts',(81.7629992920794,-29.0776929488832,-50.3640415543529));
#2025=CARTESIAN_POINT('Ctrl Pts',(80.,-28.9105828248337,-50.0745983290401));
#2026=CARTESIAN_POINT('',(80.,-15.2156438787711,-26.3542682679059));
#2027=CARTESIAN_POINT('Origin',(80.,15.4163311920111,13.2981311091279));
#2028=CARTESIAN_POINT('',(80.,28.5211903576627,-49.4001507918154));
#2029=CARTESIAN_POINT('',(100.,45.8007998098051,-39.3293122978735));
#2030=CARTESIAN_POINT('Ctrl Pts',(80.,28.5211903576627,-49.4001507918154));
#2031=CARTESIAN_POINT('Ctrl Pts',(80.438761955624,28.561079815444,-49.4692413593789));
#2032=CARTESIAN_POINT('Ctrl Pts',(80.8781198949211,28.6128701560206,-49.5300694309857));
#2033=CARTESIAN_POINT('Ctrl Pts',(83.8551319748383,29.0444837317282,-49.8846054791912));
#2034=CARTESIAN_POINT('Ctrl Pts',(86.3493462208192,29.804640169988,-49.8992002049315));
#2035=CARTESIAN_POINT('Ctrl Pts',(90.8842677527535,31.9707422448797,-49.2934223961286));
#2036=CARTESIAN_POINT('Ctrl Pts',(92.897258944821,33.3301998195822,-48.7015925432478));
#2037=CARTESIAN_POINT('Ctrl Pts',(96.299460269195,36.4905586806387,-46.9142945962806));
#2038=CARTESIAN_POINT('Ctrl Pts',(97.6425291004078,38.253553946951,-45.7376508829439));
#2039=CARTESIAN_POINT('Ctrl Pts',(99.5241422445556,42.004497871521,-42.8469710456803));
#2040=CARTESIAN_POINT('Ctrl Pts',(99.9999999999968,43.9449083290937,-41.1539740473042));
#2041=CARTESIAN_POINT('Ctrl Pts',(100.,45.8007998097864,-39.3293122978918));
#2042=CARTESIAN_POINT('',(100.,43.7304347622332,-35.7433348731035));
#2043=CARTESIAN_POINT('',(100.,15.4163311920111,13.2981311091279));
#2044=CARTESIAN_POINT('',(79.9999999999999,26.4853034441177,-45.8738912190908));
#2045=CARTESIAN_POINT('Ctrl Pts',(100.,43.7304347595881,-35.7433348705007));
#2046=CARTESIAN_POINT('Ctrl Pts',(99.9999999984005,42.1689363566077,-37.3302253682119));
#2047=CARTESIAN_POINT('Ctrl Pts',(99.6548432597268,40.5367567951338,-38.819240700964));
#2048=CARTESIAN_POINT('Ctrl Pts',(98.1680068581559,37.0750446544596,-41.6466515246479));
#2049=CARTESIAN_POINT('Ctrl Pts',(96.9574490706885,35.2913053289263,-42.9085998857236));
#2050=CARTESIAN_POINT('Ctrl Pts',(93.7417607005486,31.9841026687553,-44.901754310424));
#2051=CARTESIAN_POINT('Ctrl Pts',(91.7638020493304,30.5138458090883,-45.5929886644965));
#2052=CARTESIAN_POINT('Ctrl Pts',(87.2196625515651,28.1110194408146,-46.365342270115));
#2053=CARTESIAN_POINT('Ctrl Pts',(84.6805405975162,27.2336086540284,-46.4102776509215));
#2054=CARTESIAN_POINT('Ctrl Pts',(81.3846930590178,26.6440932004081,-46.0771467369928));
#2055=CARTESIAN_POINT('Ctrl Pts',(80.6917771574659,26.5498945140966,-45.9857662340094));
#2056=CARTESIAN_POINT('Ctrl Pts',(79.9999999999999,26.4853034441177,-45.8738912190908));
#2057=CARTESIAN_POINT('',(80.,-1.90417688367769,3.29813110912793));
#2058=CARTESIAN_POINT('Origin',(100.,-0.965609961781834,8.23752111964088));
#2059=CARTESIAN_POINT('',(100.,59.469008638085,-20.0000000000001));
#2060=CARTESIAN_POINT('Origin',(100.,-0.965609961781834,8.23752111964088));
#2061=CARTESIAN_POINT('',(100.,55.0227326496771,-20.0000000000001));
#2062=CARTESIAN_POINT('',(100.,32.1321390934674,-20.0000000000001));
#2063=CARTESIAN_POINT('Ctrl Pts',(100.,55.0241476328937,-19.9984302151181));
#2064=CARTESIAN_POINT('Ctrl Pts',(100.,52.0993256834861,-25.7847537376781));
#2065=CARTESIAN_POINT('Ctrl Pts',(100.,48.2727690143156,-31.1165392719608));
#2066=CARTESIAN_POINT('Ctrl Pts',(100.,43.7298078607078,-35.741319480125));
#2067=CARTESIAN_POINT('Ctrl Pts',(100.,16.8860414162163,-56.0354846243879));
#2068=CARTESIAN_POINT('Ctrl Pts',(66.5522115448969,16.8860414162163,-56.0354846243879));
#2069=CARTESIAN_POINT('Ctrl Pts',(33.4477794678976,10.7046615782981,-38.5410165071355));
#2070=CARTESIAN_POINT('Ctrl Pts',(-9.04913441423815E-6,10.7046626931928,
-38.5410196624973));
#2071=CARTESIAN_POINT('Ctrl Pts',(100.,21.6378311255785,-54.7156880421194));
#2072=CARTESIAN_POINT('Ctrl Pts',(66.5522115448969,21.6378311255785,-54.7156880421194));
#2073=CARTESIAN_POINT('Ctrl Pts',(33.4477794678977,13.5540506252275,-37.7496065009944));
#2074=CARTESIAN_POINT('Ctrl Pts',(-9.04913441423815E-6,13.5540520830394,
-37.7496095605598));
#2075=CARTESIAN_POINT('Ctrl Pts',(100.,35.4597169891366,-49.1824021648821));
#2076=CARTESIAN_POINT('Ctrl Pts',(66.552211544897,35.4597169891366,-49.1824021648821));
#2077=CARTESIAN_POINT('Ctrl Pts',(33.4477794678974,21.8422815008103,-34.4315968375009));
#2078=CARTESIAN_POINT('Ctrl Pts',(-9.04913441423815E-6,21.8422839569576,
-34.4315994982619));
#2079=CARTESIAN_POINT('Ctrl Pts',(100.,54.5510924543837,-32.6275824780986));
#2080=CARTESIAN_POINT('Ctrl Pts',(66.5522115448969,54.5510924543837,-32.6275824780986));
#2081=CARTESIAN_POINT('Ctrl Pts',(33.4477794678978,33.2903378047892,-24.5045746482551));
#2082=CARTESIAN_POINT('Ctrl Pts',(-9.04913441423815E-6,33.2903416395341,
-24.5045761130719));
#2083=CARTESIAN_POINT('Ctrl Pts',(100.,66.7114406047171,-4.84173463822551));
#2084=CARTESIAN_POINT('Ctrl Pts',(66.552211544897,66.7114406047171,-4.84173463822551));
#2085=CARTESIAN_POINT('Ctrl Pts',(33.4477794678974,40.5822351619803,-7.8429176025449));
#2086=CARTESIAN_POINT('Ctrl Pts',(-9.04913441423815E-6,40.5822398748731,
-7.84291706136026));
#2087=CARTESIAN_POINT('Ctrl Pts',(100.,66.0881052667279,15.3639137687819));
#2088=CARTESIAN_POINT('Ctrl Pts',(66.5522115448969,66.0881052667279,15.3639137687819));
#2089=CARTESIAN_POINT('Ctrl Pts',(33.4477794678977,40.2084549665269,4.27330739318529));
#2090=CARTESIAN_POINT('Ctrl Pts',(-9.04913441423815E-6,40.2084596347914,
4.27330939379245));
#2091=CARTESIAN_POINT('Ctrl Pts',(100.,63.6222687046518,24.914051144307));
#2092=CARTESIAN_POINT('Ctrl Pts',(66.5522115448969,63.6222687046518,24.914051144307));
#2093=CARTESIAN_POINT('Ctrl Pts',(33.4477794678976,38.7298273086864,10.0000037535439));
#2094=CARTESIAN_POINT('Ctrl Pts',(-9.04913441423815E-6,38.7298317983718,
10.0000064434922));
#2095=CARTESIAN_POINT('',(10.,20.2659290546904,-35.1016187853101));
#2096=CARTESIAN_POINT('Ctrl Pts',(80.,28.5211903576627,-49.4001507918154));
#2097=CARTESIAN_POINT('Ctrl Pts',(64.6804825950595,27.1284368727232,-46.9878309934816));
#2098=CARTESIAN_POINT('Ctrl Pts',(49.408804942636,24.532293602425,-42.491178945597));
#2099=CARTESIAN_POINT('Ctrl Pts',(26.0848491299443,21.5355562766733,-37.300677640457));
#2100=CARTESIAN_POINT('Ctrl Pts',(18.0467327338627,20.6789455653273,-35.816984366098));
#2101=CARTESIAN_POINT('Ctrl Pts',(10.,20.2659290546904,-35.1016187853101));
#2102=CARTESIAN_POINT('',(0.,10.7046626931927,-38.5410196624969));
#2103=CARTESIAN_POINT('Ctrl Pts',(3.81639164714898E-16,10.7046626931928,
-38.5410196624968));
#2104=CARTESIAN_POINT('Ctrl Pts',(5.06620306951532E-15,11.3403503538276,
-38.3644591551488));
#2105=CARTESIAN_POINT('Ctrl Pts',(0.0611596178953356,11.9697053676924,-38.1725210952696));
#2106=CARTESIAN_POINT('Ctrl Pts',(0.348632427686259,13.3982521937705,-37.6996321060469));
#2107=CARTESIAN_POINT('Ctrl Pts',(0.619694348643526,14.177476388016,-37.4129025814346));
#2108=CARTESIAN_POINT('Ctrl Pts',(1.56313110665456,16.0134880289585,-36.6867671310426));
#2109=CARTESIAN_POINT('Ctrl Pts',(2.35705500539373,16.9834021808235,-36.2543680722809));
#2110=CARTESIAN_POINT('Ctrl Pts',(4.32031807144179,18.5950222689293,-35.5358879136131));
#2111=CARTESIAN_POINT('Ctrl Pts',(5.46966145897986,19.2175881429954,-35.2610615557714));
#2112=CARTESIAN_POINT('Ctrl Pts',(7.77651311933538,19.9997810187148,-35.0129811546662));
#2113=CARTESIAN_POINT('Ctrl Pts',(8.88559414758163,20.2087296879653,-35.0025465759767));
#2114=CARTESIAN_POINT('Ctrl Pts',(10.0000000000217,20.2659290546915,-35.1016187853121));
#2115=CARTESIAN_POINT('',(0.,38.7298334620742,9.99999999999993));
#2116=CARTESIAN_POINT('Origin',(0.,0.,0.));
#2117=CARTESIAN_POINT('',(10.0000000000002,40.7166593360916,-5.63785129692462E-14));
#2118=CARTESIAN_POINT('Ctrl Pts',(10.0000000000028,40.7166593360919,-6.78450351454529E-14));
#2119=CARTESIAN_POINT('Ctrl Pts',(9.41604647261447,40.6359413116557,-2.33907436468407E-13));
#2120=CARTESIAN_POINT('Ctrl Pts',(8.83095891853359,40.5617762205888,0.0511413972101556));
#2121=CARTESIAN_POINT('Ctrl Pts',(7.03887303599573,40.3531737327647,0.369403072348152));
#2122=CARTESIAN_POINT('Ctrl Pts',(5.87607628669345,40.2460072648944,0.806660853479571));
#2123=CARTESIAN_POINT('Ctrl Pts',(3.81647697955958,40.0559441182576,2.05390188247031));
#2124=CARTESIAN_POINT('Ctrl Pts',(2.9285467973795,39.9724729071564,2.83295625571546));
#2125=CARTESIAN_POINT('Ctrl Pts',(1.48948246182324,39.7550957444557,4.62894635778209));
#2126=CARTESIAN_POINT('Ctrl Pts',(0.940425710198075,39.6237493446786,5.62035839743154));
#2127=CARTESIAN_POINT('Ctrl Pts',(0.311182583124969,39.3154745275549,7.40689849861011));
#2128=CARTESIAN_POINT('Ctrl Pts',(0.141480708523573,39.1670991161013,8.15803684941589));
#2129=CARTESIAN_POINT('Ctrl Pts',(0.0194501386873778,38.9107565407911,9.27844603056229));
#2130=CARTESIAN_POINT('Ctrl Pts',(4.70276473565563E-15,38.8228235062636,
9.6398511074911));
#2131=CARTESIAN_POINT('Ctrl Pts',(4.11996825544492E-15,38.7298334620742,
9.99999999999991));
#2132=CARTESIAN_POINT('',(80.0000000000009,62.6438497348972,-1.12513371202793E-13));
#2133=CARTESIAN_POINT('Ctrl Pts',(10.0000000000002,40.7166593360916,-6.44623243672982E-14));
#2134=CARTESIAN_POINT('Ctrl Pts',(31.1699300380616,43.6429109125954,-6.97569014357573E-14));
#2135=CARTESIAN_POINT('Ctrl Pts',(52.3679764244307,54.7907108736237,-1.15177741346308E-13));
#2136=CARTESIAN_POINT('Ctrl Pts',(75.8747282587226,61.5984227889449,-1.27190723809513E-13));
#2137=CARTESIAN_POINT('Ctrl Pts',(77.9302568077212,62.1485365685349,-1.14217473411298E-13));
#2138=CARTESIAN_POINT('Ctrl Pts',(80.0000000000009,62.643849734897,-1.15113662157811E-13));
#2139=CARTESIAN_POINT('Ctrl Pts',(100.,59.4690086380676,-20.0000000000372));
#2140=CARTESIAN_POINT('Ctrl Pts',(100.000000000004,60.5151810754117,-17.76095670822));
#2141=CARTESIAN_POINT('Ctrl Pts',(99.6241104184389,61.4291238205867,-15.4797585916984));
#2142=CARTESIAN_POINT('Ctrl Pts',(98.0533660957286,62.8979219438112,-11.0885766790329));
#2143=CARTESIAN_POINT('Ctrl Pts',(96.8915666771386,63.441244009456,-9.02942950614964));
#2144=CARTESIAN_POINT('Ctrl Pts',(93.8484528515166,64.1125104241251,-5.37659985566203));
#2145=CARTESIAN_POINT('Ctrl Pts',(92.0163974908056,64.2318298138414,-3.83608174796196));
#2146=CARTESIAN_POINT('Ctrl Pts',(87.79389395581,64.0638663975368,-1.41389888317875));
#2147=CARTESIAN_POINT('Ctrl Pts',(85.4492607898753,63.7613047816707,-0.603357344531345));
#2148=CARTESIAN_POINT('Ctrl Pts',(82.028505852578,63.1065431232629,-0.0766442900368114));
#2149=CARTESIAN_POINT('Ctrl Pts',(81.0111118055502,62.8858203290368,-1.64362068897511E-13));
#2150=CARTESIAN_POINT('Ctrl Pts',(80.000000000001,62.643849734897,-1.14994819222503E-13));
#2151=CARTESIAN_POINT('Origin',(80.,32.1321390934674,-20.0000000000001));
#2152=CARTESIAN_POINT('',(79.9999999999966,58.4993798860451,-1.08386832720489E-13));
#2153=CARTESIAN_POINT('Ctrl Pts',(79.9999999999964,58.4993798860459,-1.11152406723214E-13));
#2154=CARTESIAN_POINT('Ctrl Pts',(80.8885928714388,58.7192538345985,4.88087762386767E-14));
#2155=CARTESIAN_POINT('Ctrl Pts',(81.7808787089878,58.9220597384226,-0.0592083982860422));
#2156=CARTESIAN_POINT('Ctrl Pts',(84.9894173287255,59.578667920224,-0.491581422013629));
#2157=CARTESIAN_POINT('Ctrl Pts',(87.2514027818435,59.9043332566693,-1.21062026533129));
#2158=CARTESIAN_POINT('Ctrl Pts',(91.4067202511865,60.1466072674825,-3.40751640558674));
#2159=CARTESIAN_POINT('Ctrl Pts',(93.2469729283033,60.0664057596361,-4.84020485510756));
#2160=CARTESIAN_POINT('Ctrl Pts',(96.4541385186972,59.4561429894558,-8.36669673333905));
#2161=CARTESIAN_POINT('Ctrl Pts',(97.7236915486099,58.9062918434843,-10.4380687411306));
#2162=CARTESIAN_POINT('Ctrl Pts',(99.5537883504763,57.3160883975719,-15.0549582618014));
#2163=CARTESIAN_POINT('Ctrl Pts',(100.000000000005,56.2533852807435,-17.5599061669834));
#2164=CARTESIAN_POINT('Ctrl Pts',(100.,55.0227326496568,-20.0000000000402));
#2165=CARTESIAN_POINT('',(80.,32.1321390934674,-5.77315972805081E-14));
#2166=CARTESIAN_POINT('Origin',(100.,65.2298881487167,-1.18022890698612E-13));
#2167=CARTESIAN_POINT('',(9.99999999999641,36.6803350232211,-6.81249775939817E-14));
#2168=CARTESIAN_POINT('',(10.,49.0500608630774,-8.88178419700125E-14));
#2169=CARTESIAN_POINT('Ctrl Pts',(79.9999999999964,58.4993798860459,-1.09859587434835E-13));
#2170=CARTESIAN_POINT('Ctrl Pts',(74.6604184669645,57.1781506560831,-1.07469037681934E-13));
#2171=CARTESIAN_POINT('Ctrl Pts',(69.3047577809083,55.4656386077484,-1.00801855215595E-13));
#2172=CARTESIAN_POINT('Ctrl Pts',(51.494110293586,49.1976226547287,-8.93596222602742E-14));
#2173=CARTESIAN_POINT('Ctrl Pts',(39.0132993253675,43.8793876345827,-7.31666563857136E-14));
#2174=CARTESIAN_POINT('Ctrl Pts',(21.0485113344546,38.6855206747191,-6.38284702342501E-14));
#2175=CARTESIAN_POINT('Ctrl Pts',(15.5589041855423,37.412700216376,-6.66362336316291E-14));
#2176=CARTESIAN_POINT('Ctrl Pts',(9.99999999999633,36.6803350232215,-6.5311137734698E-14));
#2177=CARTESIAN_POINT('Origin',(80.,-15.6577336824565,12.8800097306027));
#2178=CARTESIAN_POINT('',(80.0000000000001,34.8720693105609,60.4001958109549));
#2179=CARTESIAN_POINT('',(100.,18.4986893174579,72.0406697712688));
#2180=CARTESIAN_POINT('Ctrl Pts',(80.0000000000001,34.8720693105609,60.4001958109549));
#2181=CARTESIAN_POINT('Ctrl Pts',(80.3488222170361,34.9273750610036,60.4959881806724));
#2182=CARTESIAN_POINT('Ctrl Pts',(80.6982666697286,34.9741024925844,60.5951728653511));
#2183=CARTESIAN_POINT('Ctrl Pts',(83.4167060912616,35.2692212590408,61.3916185124699));
#2184=CARTESIAN_POINT('Ctrl Pts',(85.7724882354413,35.1216864018811,62.2284133993636));
#2185=CARTESIAN_POINT('Ctrl Pts',(89.9689141776047,34.0187909652282,63.9795652055639));
#2186=CARTESIAN_POINT('Ctrl Pts',(91.805677340669,33.1651832850689,64.8603309078684));
#2187=CARTESIAN_POINT('Ctrl Pts',(94.9230767952832,30.9039156370953,66.5924213609348));
#2188=CARTESIAN_POINT('Ctrl Pts',(96.2062804525615,29.5667109330019,67.4244276194791));
#2189=CARTESIAN_POINT('Ctrl Pts',(98.2139660113044,26.5432135015555,69.0052054008878));
#2190=CARTESIAN_POINT('Ctrl Pts',(98.9435181372052,24.9013727523801,69.7429341750738));
#2191=CARTESIAN_POINT('Ctrl Pts',(99.6353903388494,22.286451961327,70.7658848452912));
#2192=CARTESIAN_POINT('Ctrl Pts',(99.7979424582992,21.3990361631928,71.089633451881));
#2193=CARTESIAN_POINT('Ctrl Pts',(99.964978578837,19.8366265307117,71.6209534096481));
#2194=CARTESIAN_POINT('Ctrl Pts',(99.9999999999991,19.1695455320711,71.8360130041571));
#2195=CARTESIAN_POINT('Ctrl Pts',(100.,18.4986893174832,72.0406697712611));
#2196=CARTESIAN_POINT('',(100.,-15.6577336824565,12.8800097306027));
#2197=CARTESIAN_POINT('',(80.,1.66277439323224,2.88000973060274));
#2198=CARTESIAN_POINT('Origin',(100.,-0.965609961781834,8.23752111964088));
#2199=CARTESIAN_POINT('',(100.,-18.7764911931383,72.5218367343851));
#2200=CARTESIAN_POINT('Origin',(100.,-0.965609961781834,8.23752111964088));
#2201=CARTESIAN_POINT('',(100.,-3.14416168809879,45.4458477909986));
#2202=CARTESIAN_POINT('Origin',(80.,-3.14416168809879,45.4458477909986));
#2203=CARTESIAN_POINT('',(80.,-35.3481686925963,61.2248241300922));
#2204=CARTESIAN_POINT('Ctrl Pts',(100.,-18.7764911931376,72.5218367343854));
#2205=CARTESIAN_POINT('Ctrl Pts',(100.,-18.7843636524997,72.5196555578829));
#2206=CARTESIAN_POINT('Ctrl Pts',(99.9999953093641,-18.792235710494,72.5174729354446));
#2207=CARTESIAN_POINT('Ctrl Pts',(99.9991699399765,-19.4846893832568,72.3253448688381));
#2208=CARTESIAN_POINT('Ctrl Pts',(99.9628636011818,-20.1656415931097,72.124640845276));
#2209=CARTESIAN_POINT('Ctrl Pts',(99.7913240037985,-21.7619149280816,71.6260097857406));
#2210=CARTESIAN_POINT('Ctrl Pts',(99.6249124732403,-22.669328924669,71.3201422611616));
#2211=CARTESIAN_POINT('Ctrl Pts',(98.9167167957405,-25.3443318978845,70.3479119976914));
#2212=CARTESIAN_POINT('Ctrl Pts',(98.1700266797139,-27.024485599489,69.6396427516826));
#2213=CARTESIAN_POINT('Ctrl Pts',(95.9734849723367,-30.3214944914569,68.0042824324708));
#2214=CARTESIAN_POINT('Ctrl Pts',(94.447504218571,-31.8267010571099,67.080931751929));
#2215=CARTESIAN_POINT('Ctrl Pts',(90.726766617663,-34.2293082104791,65.1611016288885));
#2216=CARTESIAN_POINT('Ctrl Pts',(88.5460017705233,-35.0354456850293,64.1926580937238));
#2217=CARTESIAN_POINT('Ctrl Pts',(84.1968590334818,-35.7190270076617,62.5235509910638));
#2218=CARTESIAN_POINT('Ctrl Pts',(82.0922878211186,-35.691164364471,61.8189100605556));
#2219=CARTESIAN_POINT('Ctrl Pts',(80.,-35.3481686925963,61.2248241300922));
#2220=CARTESIAN_POINT('',(80.,-20.4646697637876,35.4458477909986));
#2221=CARTESIAN_POINT('Origin',(10.,19.628991530686,13.9984106324873));
#2222=CARTESIAN_POINT('',(9.9999999999978,20.4646628727256,35.4458358553293));
#2223=CARTESIAN_POINT('',(0.,28.0251707688815,28.5410196624969));
#2224=CARTESIAN_POINT('Ctrl Pts',(1.26634813746307E-15,28.0251707688807,
28.5410196624976));
#2225=CARTESIAN_POINT('Ctrl Pts',(5.86938498495607E-14,27.6186164609309,
28.940225929192));
#2226=CARTESIAN_POINT('Ctrl Pts',(0.0456199444173703,27.2042196265148,29.329888201739));
#2227=CARTESIAN_POINT('Ctrl Pts',(0.274063160922962,26.1713712592592,30.2620040652389));
#2228=CARTESIAN_POINT('Ctrl Pts',(0.509810663867722,25.5557216249409,30.7832998988756));
#2229=CARTESIAN_POINT('Ctrl Pts',(1.332229889638,24.0818763847883,31.9768486309131));
#2230=CARTESIAN_POINT('Ctrl Pts',(2.02093019819815,23.2621449640003,32.5919740251965));
#2231=CARTESIAN_POINT('Ctrl Pts',(3.80706935979321,21.8101409372681,33.7006484698862));
#2232=CARTESIAN_POINT('Ctrl Pts',(4.91301395204866,21.2171811668992,34.169719147535));
#2233=CARTESIAN_POINT('Ctrl Pts',(7.35518250510546,20.4800425427761,34.9420571639914));
#2234=CARTESIAN_POINT('Ctrl Pts',(8.66075641512578,20.3475274611366,35.2366653077139));
#2235=CARTESIAN_POINT('Ctrl Pts',(9.98421528674874,20.4632561230842,35.4433806081155));
#2236=CARTESIAN_POINT('Ctrl Pts',(9.99210794462188,20.4639551142027,35.4446099816082));
#2237=CARTESIAN_POINT('Ctrl Pts',(9.99999999999774,20.4646628727258,35.4458358553296));
#2238=CARTESIAN_POINT('',(10.,10.9687374928416,18.9984106324873));
#2239=CARTESIAN_POINT('',(0.,19.628991530686,13.9984106324873));
#2240=CARTESIAN_POINT('Origin',(0.,32.8702335774381,31.6847901490398));
#2241=CARTESIAN_POINT('',(0.,34.5832329315812,9.99999999999994));
#2242=CARTESIAN_POINT('Origin',(0.,0.,0.));
#2243=CARTESIAN_POINT('',(0.,49.0500608630774,9.99999999999991));
#2244=CARTESIAN_POINT('Origin',(0.,0.,0.));
#2245=CARTESIAN_POINT('Origin',(10.,49.0500608630774,9.99999999999991));
#2246=CARTESIAN_POINT('Ctrl Pts',(-1.00613961606655E-15,34.583232931581,
10.0000000000007));
#2247=CARTESIAN_POINT('Ctrl Pts',(-7.60792742808953E-15,34.6081303565309,
9.9138966553568));
#2248=CARTESIAN_POINT('Ctrl Pts',(0.00111204487752911,34.632715212473,9.8276689554698));
#2249=CARTESIAN_POINT('Ctrl Pts',(0.0249513097821596,34.8916807111717,8.90634590407001));
#2250=CARTESIAN_POINT('Ctrl Pts',(0.151067619203617,35.0933566628485,8.07075479105257));
#2251=CARTESIAN_POINT('Ctrl Pts',(0.668584273324481,35.4690171971159,6.2593559105573));
#2252=CARTESIAN_POINT('Ctrl Pts',(1.10578765840839,35.6237583039837,5.31104561237838));
#2253=CARTESIAN_POINT('Ctrl Pts',(2.41565997921929,35.8997545778361,3.35194568286139));
#2254=CARTESIAN_POINT('Ctrl Pts',(3.35314232196618,36.000156816387,2.41377436447932));
#2255=CARTESIAN_POINT('Ctrl Pts',(5.55019820095363,36.2046425985992,0.946987459363193));
#2256=CARTESIAN_POINT('Ctrl Pts',(6.78748364247859,36.3089137124984,0.437984592672448));
#2257=CARTESIAN_POINT('Ctrl Pts',(8.71973727821961,36.5195050147671,0.0613511864546861));
#2258=CARTESIAN_POINT('Ctrl Pts',(9.36039543319144,36.5960694725886,1.617185447301E-13));
#2259=CARTESIAN_POINT('Ctrl Pts',(9.99999999999644,36.6803350232216,-6.68215482946266E-14));
#2260=CARTESIAN_POINT('Origin',(10.,-2.33084718584315,-15.9628542494407));
#2261=CARTESIAN_POINT('',(9.99999999999932,18.2557833299814,-31.6199442594968));
#2262=CARTESIAN_POINT('',(10.,6.32940685200124,-10.9628542494407));
#2263=CARTESIAN_POINT('',(0.,8.63136242794619,-34.9499582637439));
#2264=CARTESIAN_POINT('Ctrl Pts',(9.99999999998074,18.2557833299805,-31.6199442594952));
#2265=CARTESIAN_POINT('Ctrl Pts',(9.687299043742,18.2403002360694,-31.5931267541839));
#2266=CARTESIAN_POINT('Ctrl Pts',(9.37410999295135,18.2127332806772,-31.5747138988252));
#2267=CARTESIAN_POINT('Ctrl Pts',(7.81645584143549,18.0148087034169,-31.5255737457896));
#2268=CARTESIAN_POINT('Ctrl Pts',(6.60467187283004,17.6684238586331,-31.6247936121412));
#2269=CARTESIAN_POINT('Ctrl Pts',(4.41692539004743,16.6316510595242,-32.0416491229685));
#2270=CARTESIAN_POINT('Ctrl Pts',(3.45372157874072,15.9650503279291,-32.3448622099924));
#2271=CARTESIAN_POINT('Ctrl Pts',(1.83615319625619,14.3417864777395,-33.0473993490666));
#2272=CARTESIAN_POINT('Ctrl Pts',(1.19628552433192,13.4019828551769,-33.4378024898912));
#2273=CARTESIAN_POINT('Ctrl Pts',(0.411720985841536,11.5752688957359,-34.0988095644276));
#2274=CARTESIAN_POINT('Ctrl Pts',(0.188779484003944,10.746474655538,-34.3703120240049));
#2275=CARTESIAN_POINT('Ctrl Pts',(0.0261131371315137,9.47290588756187,-34.7339902220513));
#2276=CARTESIAN_POINT('Ctrl Pts',(1.85406271042859E-15,9.05312099485022,
-34.8457993110902));
#2277=CARTESIAN_POINT('Ctrl Pts',(-2.10335221462188E-15,8.63136242794628,
-34.9499582637439));
#2278=CARTESIAN_POINT('',(0.,-2.33084718584315,-15.9628542494407));
#2279=CARTESIAN_POINT('Origin',(0.,6.66133814775094E-15,-29.2342779985086));
#2280=CARTESIAN_POINT('Origin',(0.,0.,0.));
#2281=CARTESIAN_POINT('',(0.,-10.7046626931927,-38.5410196624968));
#2282=CARTESIAN_POINT('',(0.,-14.5475710861601,-45.1971322479493));
#2283=CARTESIAN_POINT('Origin',(0.,0.,0.));
#2284=CARTESIAN_POINT('Origin',(10.,-14.5475710861601,-45.1971322479493));
#2285=CARTESIAN_POINT('',(9.99999999999997,-20.27931766716,-35.1248085423503));
#2286=CARTESIAN_POINT('',(10.,-23.2078251240045,-40.1971322479493));
#2287=CARTESIAN_POINT('Ctrl Pts',(9.99999999999996,-20.27931766716,-35.1248085423503));
#2288=CARTESIAN_POINT('Ctrl Pts',(8.90387756349551,-20.2202372938496,-35.0224783340465));
#2289=CARTESIAN_POINT('Ctrl Pts',(7.81297544448107,-20.0146692466437,-35.0266261260504));
#2290=CARTESIAN_POINT('Ctrl Pts',(5.62755491538142,-19.2809560557607,-35.2473216625144));
#2291=CARTESIAN_POINT('Ctrl Pts',(4.56532849062845,-18.7309724126413,-35.4816465486577));
#2292=CARTESIAN_POINT('Ctrl Pts',(2.61390126279398,-17.2492323229482,-36.1366741764892));
#2293=CARTESIAN_POINT('Ctrl Pts',(1.77328580012675,-16.3015694837552,-36.5638598484579));
#2294=CARTESIAN_POINT('Ctrl Pts',(0.738252532867503,-14.4664062586294,-37.30330176004));
#2295=CARTESIAN_POINT('Ctrl Pts',(0.429935537840198,-13.6670357694848,-37.6040434517308));
#2296=CARTESIAN_POINT('Ctrl Pts',(0.0838183347005683,-12.1594689917507,
-38.1134845472808));
#2297=CARTESIAN_POINT('Ctrl Pts',(0.00535937042444312,-11.4725923740488,
-38.3262471426325));
#2298=CARTESIAN_POINT('Ctrl Pts',(8.83028304097383E-5,-10.752947942099,
-38.5275841275483));
#2299=CARTESIAN_POINT('Ctrl Pts',(-3.68074171539567E-15,-10.7288072664916,
-38.5343135733664));
#2300=CARTESIAN_POINT('Ctrl Pts',(-3.67761376907083E-15,-10.7046626931927,
-38.5410196624969));
#2301=CARTESIAN_POINT('Origin',(60.,-20.6867720393587,10.));
#2302=CARTESIAN_POINT('',(60.,-57.6885240818111,-7.1733055257138E-15));
#2303=CARTESIAN_POINT('',(50.,-53.5107008973229,10.000000031026));
#2304=CARTESIAN_POINT('Ctrl Pts',(50.,-53.5107009007221,10.000000031403));
#2305=CARTESIAN_POINT('Ctrl Pts',(49.9999999991075,-53.5422221486375,9.71579030278364));
#2306=CARTESIAN_POINT('Ctrl Pts',(50.0121173170941,-53.5766176506635,9.43196108868178));
#2307=CARTESIAN_POINT('Ctrl Pts',(50.0808599527838,-53.6822953818868,8.62680053551108));
#2308=CARTESIAN_POINT('Ctrl Pts',(50.1664146241567,-53.7598861212933,8.10975836105691));
#2309=CARTESIAN_POINT('Ctrl Pts',(50.5122265096634,-53.9972356847,6.70910593044283));
#2310=CARTESIAN_POINT('Ctrl Pts',(50.8543532776445,-54.1730979820528,5.85406935075714));
#2311=CARTESIAN_POINT('Ctrl Pts',(51.9392464688646,-54.6535539508225,3.94403006829577));
#2312=CARTESIAN_POINT('Ctrl Pts',(52.7773297819042,-54.9768485832437,2.96939031746264));
#2313=CARTESIAN_POINT('Ctrl Pts',(54.8401233703025,-55.7471927528177,1.32440261785699));
#2314=CARTESIAN_POINT('Ctrl Pts',(56.0680884448324,-56.1950476203086,0.707152992019038));
#2315=CARTESIAN_POINT('Ctrl Pts',(58.231219448063,-57.0067465274038,0.117133970388936));
#2316=CARTESIAN_POINT('Ctrl Pts',(59.1163338194663,-57.3442593825224,1.91350233707438E-12));
#2317=CARTESIAN_POINT('Ctrl Pts',(59.9999999999781,-57.6885240818026,-2.03830008427275E-14));
#2318=CARTESIAN_POINT('',(60.,-20.6867720393587,-2.22044604925031E-15));
#2319=CARTESIAN_POINT('',(50.,-20.6867720393587,10.));
#2320=CARTESIAN_POINT('Origin',(50.,-41.3735440787174,32.1477166818707));
#2321=CARTESIAN_POINT('',(50.,-36.5981965406755,43.3899359537417));
#2322=CARTESIAN_POINT('',(50.,-39.3526247578351,48.1607454917633));
#2323=CARTESIAN_POINT('Ctrl Pts',(50.,-53.5107009007221,10.000000031403));
#2324=CARTESIAN_POINT('Ctrl Pts',(50.,-53.3147055273693,11.7671823250572));
#2325=CARTESIAN_POINT('Ctrl Pts',(50.,-53.0303590963276,13.5246816331506));
#2326=CARTESIAN_POINT('Ctrl Pts',(50.,-51.8755568633368,18.9298966518456));
#2327=CARTESIAN_POINT('Ctrl Pts',(50.,-50.7089606914293,22.5013061106383));
#2328=CARTESIAN_POINT('Ctrl Pts',(50.,-46.3389331009826,32.2617525876544));
#2329=CARTESIAN_POINT('Ctrl Pts',(50.,-42.2886058105129,37.9874408328834));
#2330=CARTESIAN_POINT('Ctrl Pts',(50.,-37.0376408821158,42.9823760113832));
#2331=CARTESIAN_POINT('Ctrl Pts',(50.,-36.8187315711665,43.1871228379129));
#2332=CARTESIAN_POINT('Ctrl Pts',(50.,-36.5981965347749,43.3899359473256));
#2333=CARTESIAN_POINT('Origin',(60.,-39.3526247578351,48.1607454917633));
#2334=CARTESIAN_POINT('',(60.,-31.1049036765625,53.8752735323422));
#2335=CARTESIAN_POINT('Ctrl Pts',(60.0000000000157,-31.1049036765664,53.875273532349));
#2336=CARTESIAN_POINT('Ctrl Pts',(59.2557745644826,-30.9212904029886,53.5572460135705));
#2337=CARTESIAN_POINT('Ctrl Pts',(58.5136826344885,-30.8069790214372,53.1930351630074));
#2338=CARTESIAN_POINT('Ctrl Pts',(56.4023298627484,-30.682685626042,52.0199170456355));
#2339=CARTESIAN_POINT('Ctrl Pts',(55.0864053661375,-30.8633354248358,51.1150061128286));
#2340=CARTESIAN_POINT('Ctrl Pts',(52.9513928410424,-31.6714641841317,49.25776005709));
#2341=CARTESIAN_POINT('Ctrl Pts',(52.1020823775862,-32.2245983360102,48.3426457625171));
#2342=CARTESIAN_POINT('Ctrl Pts',(50.8368280961143,-33.5838445982239,46.5147049228405));
#2343=CARTESIAN_POINT('Ctrl Pts',(50.4027448375638,-34.3566882119728,45.6201844107155));
#2344=CARTESIAN_POINT('Ctrl Pts',(50.0598538239427,-35.6578078980604,44.2794428489706));
#2345=CARTESIAN_POINT('Ctrl Pts',(50.0000000026428,-36.1219281490825,43.8279319872991));
#2346=CARTESIAN_POINT('Ctrl Pts',(50.,-36.5981965347752,43.3899359473254));
#2347=CARTESIAN_POINT('',(60.,-30.6923707199908,53.1607454917633));
#2348=CARTESIAN_POINT('Origin',(100.,-33.7568365440066,-58.4685559970172));
#2349=CARTESIAN_POINT('Ctrl Pts',(9.99999999999996,-20.27931766716,-35.1248085423503));
#2350=CARTESIAN_POINT('Ctrl Pts',(28.9863545897555,-21.302671336066,-36.8973090910075));
#2351=CARTESIAN_POINT('Ctrl Pts',(47.9332323203367,-24.9134552557657,-43.1513702950801));
#2352=CARTESIAN_POINT('Ctrl Pts',(71.3405999100931,-27.9889812646642,-48.4783376024918));
#2353=CARTESIAN_POINT('Ctrl Pts',(75.6679580547596,-28.4999598199867,-49.3633784218885));
#2354=CARTESIAN_POINT('Ctrl Pts',(80.,-28.9105828248337,-50.0745983290401));
#2355=CARTESIAN_POINT('Origin',(100.,0.,0.));
#2356=CARTESIAN_POINT('Ctrl Pts',(9.99999999999932,18.2557833299814,-31.6199442594968));
#2357=CARTESIAN_POINT('Ctrl Pts',(29.1230190242448,19.2026416414145,-33.2599509624678));
#2358=CARTESIAN_POINT('Ctrl Pts',(47.9196187606389,22.5733784316368,-39.0982383420745));
#2359=CARTESIAN_POINT('Ctrl Pts',(71.0855972144885,25.5508576918742,-44.2553836992883));
#2360=CARTESIAN_POINT('Ctrl Pts',(75.5479379574234,26.0696154615952,-45.1538985132661));
#2361=CARTESIAN_POINT('Ctrl Pts',(79.9999999999999,26.4853034441177,-45.8738912190909));
#2362=CARTESIAN_POINT('Ctrl Pts',(100.,45.7706201011312,55.8340075845051));
#2363=CARTESIAN_POINT('Ctrl Pts',(66.552214480294,45.7706201011312,55.8340075845051));
#2364=CARTESIAN_POINT('Ctrl Pts',(33.4477852784254,28.0251706829538,28.5410195303377));
#2365=CARTESIAN_POINT('Ctrl Pts',(-2.42943260566741E-7,28.0251707688815,
28.5410196624968));
#2366=CARTESIAN_POINT('Ctrl Pts',(100.,41.6377116024132,59.8922181116129));
#2367=CARTESIAN_POINT('Ctrl Pts',(66.552214480294,41.6377116024132,59.8922181116129));
#2368=CARTESIAN_POINT('Ctrl Pts',(33.4477852784253,25.5468906437124,30.9745072660267));
#2369=CARTESIAN_POINT('Ctrl Pts',(-2.42943260566741E-7,25.5468907216287,
30.9745074060561));
#2370=CARTESIAN_POINT('Ctrl Pts',(100.,32.3094632294328,66.9251275080316));
#2371=CARTESIAN_POINT('Ctrl Pts',(66.5522144802939,32.3094632294328,66.9251275080316));
#2372=CARTESIAN_POINT('Ctrl Pts',(33.4477852784254,19.9532483574125,35.1917598329195));
#2373=CARTESIAN_POINT('Ctrl Pts',(-2.42943260566741E-7,19.953248417245,
35.1917599865785));
#2374=CARTESIAN_POINT('Ctrl Pts',(100.,16.0697776112684,73.5171394984531));
#2375=CARTESIAN_POINT('Ctrl Pts',(66.5522144802941,16.0697776112684,73.5171394984531));
#2376=CARTESIAN_POINT('Ctrl Pts',(33.4477852784253,10.2151937347366,39.1446302483546));
#2377=CARTESIAN_POINT('Ctrl Pts',(-2.42943260566741E-7,10.2151937630858,
39.1446304147964));
#2378=CARTESIAN_POINT('Ctrl Pts',(100.,-1.31611044623884,75.699350342984));
#2379=CARTESIAN_POINT('Ctrl Pts',(66.552214480294,-1.31611044623884,75.699350342984));
#2380=CARTESIAN_POINT('Ctrl Pts',(33.4477852784254,-0.210176038333819,40.4531831909382));
#2381=CARTESIAN_POINT('Ctrl Pts',(-2.42943260566741E-7,-0.210176043687315,
40.4531833616079));
#2382=CARTESIAN_POINT('Ctrl Pts',(100.,-20.6140393674743,73.077084641744));
#2383=CARTESIAN_POINT('Ctrl Pts',(66.5522144802941,-20.6140393674743,73.077084641744));
#2384=CARTESIAN_POINT('Ctrl Pts',(33.4477852784253,-11.7820925370913,38.8807533278057));
#2385=CARTESIAN_POINT('Ctrl Pts',(-2.42943260566741E-7,-11.7820925798593,
38.8807534933941));
#2386=CARTESIAN_POINT('Ctrl Pts',(100.,-36.5744770008145,65.5712518434778));
#2387=CARTESIAN_POINT('Ctrl Pts',(66.5522144802939,-36.5744770008145,65.5712518434778));
#2388=CARTESIAN_POINT('Ctrl Pts',(33.4477852784254,-21.3526973584994,34.3799143647412));
#2389=CARTESIAN_POINT('Ctrl Pts',(-2.42943260566741E-7,-21.3526974322046,
34.3799145157761));
#2390=CARTESIAN_POINT('Ctrl Pts',(100.,-51.4018948363991,53.0867589440875));
#2391=CARTESIAN_POINT('Ctrl Pts',(66.5522144802941,-51.4018948363991,53.0867589440875));
#2392=CARTESIAN_POINT('Ctrl Pts',(33.4477852784253,-30.2438919413956,26.8936442084597));
#2393=CARTESIAN_POINT('Ctrl Pts',(-2.42943260566741E-7,-30.2438920438463,
26.8936443352905));
#2394=CARTESIAN_POINT('Ctrl Pts',(100.,-60.3888930662386,40.2414913036061));
#2395=CARTESIAN_POINT('Ctrl Pts',(66.552214480294,-60.3888930662386,40.2414913036061));
#2396=CARTESIAN_POINT('Ctrl Pts',(33.4477852784254,-35.6329051103514,19.1910370972671));
#2397=CARTESIAN_POINT('Ctrl Pts',(-2.42943260566741E-7,-35.6329052302296,
19.1910371992018));
#2398=CARTESIAN_POINT('Ctrl Pts',(100.,-66.3648695436971,23.8521358131271));
#2399=CARTESIAN_POINT('Ctrl Pts',(66.552214480294,-66.3648695436971,23.8521358131271));
#2400=CARTESIAN_POINT('Ctrl Pts',(33.4477852784254,-39.2163725942517,9.36323360714757));
#2401=CARTESIAN_POINT('Ctrl Pts',(-2.42943260566741E-7,-39.2163727257069,
9.36323367730275));
#2402=CARTESIAN_POINT('Ctrl Pts',(100.,-68.4306134510764,8.41389685181347));
#2403=CARTESIAN_POINT('Ctrl Pts',(66.552214480294,-68.4306134510764,8.41389685181347));
#2404=CARTESIAN_POINT('Ctrl Pts',(33.4477852784254,-40.4550866604813,0.105762876608546));
#2405=CARTESIAN_POINT('Ctrl Pts',(-2.42943260566741E-7,-40.4550867959507,
0.105762916841365));
#2406=CARTESIAN_POINT('Ctrl Pts',(100.,-66.1982743482778,-8.96939580655407));
#2407=CARTESIAN_POINT('Ctrl Pts',(66.552214480294,-66.1982743482778,-8.96939580655407));
#2408=CARTESIAN_POINT('Ctrl Pts',(33.4477852784253,-39.1164745327321,-10.318050577006));
#2409=CARTESIAN_POINT('Ctrl Pts',(-2.42943260566741E-7,-39.1164746638688,
-10.3180505704767));
#2410=CARTESIAN_POINT('Ctrl Pts',(100.,-59.5666484351341,-25.1897595873434));
#2411=CARTESIAN_POINT('Ctrl Pts',(66.552214480294,-59.5666484351341,-25.1897595873434));
#2412=CARTESIAN_POINT('Ctrl Pts',(33.4477852784254,-35.1398498062564,-20.0445189465885));
#2413=CARTESIAN_POINT('Ctrl Pts',(-2.42943260566741E-7,-35.139849924539,
-20.0445189715026));
#2414=CARTESIAN_POINT('Ctrl Pts',(100.,-48.980591229287,-39.1562188889093));
#2415=CARTESIAN_POINT('Ctrl Pts',(66.5522144802939,-48.980591229287,-39.1562188889093));
#2416=CARTESIAN_POINT('Ctrl Pts',(33.4477852784254,-28.7919680964059,-28.419443607193));
#2417=CARTESIAN_POINT('Ctrl Pts',(-2.42943260566741E-7,-28.791968194163,
-28.4194436591834));
#2418=CARTESIAN_POINT('Ctrl Pts',(100.,-35.1536009347255,-49.9233221023046));
#2419=CARTESIAN_POINT('Ctrl Pts',(66.552214480294,-35.1536009347255,-49.9233221023046));
#2420=CARTESIAN_POINT('Ctrl Pts',(33.4477852784254,-20.5006754001307,-34.8758887432235));
#2421=CARTESIAN_POINT('Ctrl Pts',(-2.42943260566741E-7,-20.5006754710845,
-34.8758888160859));
#2422=CARTESIAN_POINT('Ctrl Pts',(100.,-24.3982289417533,-54.4853861581163));
#2423=CARTESIAN_POINT('Ctrl Pts',(66.552214480294,-24.3982289417533,-54.4853861581163));
#2424=CARTESIAN_POINT('Ctrl Pts',(33.4477852784254,-14.0512648377975,-37.6115099868945));
#2425=CARTESIAN_POINT('Ctrl Pts',(-2.42943260566741E-7,-14.0512648879001,
-37.6115100686044));
#2426=CARTESIAN_POINT('Ctrl Pts',(100.,-18.8172612805859,-56.0354846408289));
#2427=CARTESIAN_POINT('Ctrl Pts',(66.552214480294,-18.8172612805859,-56.0354846408289));
#2428=CARTESIAN_POINT('Ctrl Pts',(33.4477852784254,-10.7046626184141,-38.5410195876432));
#2429=CARTESIAN_POINT('Ctrl Pts',(-2.42943260566741E-7,-10.7046626576973,
-38.5410196723556));
#2430=CARTESIAN_POINT('Ctrl Pts',(80.,-64.3748334333094,-1.12006731253816E-14));
#2431=CARTESIAN_POINT('Ctrl Pts',(73.3220130733073,-62.6530775855766,-1.09627383562209E-14));
#2432=CARTESIAN_POINT('Ctrl Pts',(66.6552696944028,-60.2813294539094,-1.06349791417198E-14));
#2433=CARTESIAN_POINT('Ctrl Pts',(60.,-57.6885240818111,-1.02766713430263E-14));
#2434=CARTESIAN_POINT('Ctrl Pts',(60.,-31.1049036765625,53.8752735323422));
#2435=CARTESIAN_POINT('Ctrl Pts',(66.6642460447363,-32.7490883197802,56.7230848714198));
#2436=CARTESIAN_POINT('Ctrl Pts',(73.3278651209719,-34.2543835247183,59.3303326467623));
#2437=CARTESIAN_POINT('Ctrl Pts',(80.,-35.3481686925963,61.2248241300922));
#2438=CARTESIAN_POINT('Ctrl Pts',(80.0000000000001,34.8720693105609,60.4001958109549));
#2439=CARTESIAN_POINT('Ctrl Pts',(79.0951972456805,34.7286128651674,60.1517219588602));
#2440=CARTESIAN_POINT('Ctrl Pts',(78.1950889190722,34.578552167763,59.8918092053015));
#2441=CARTESIAN_POINT('Ctrl Pts',(69.7365650649043,33.1068138768687,57.3426837100281));
#2442=CARTESIAN_POINT('Ctrl Pts',(62.18815230466,31.3254400185609,54.2572536815989));
#2443=CARTESIAN_POINT('Ctrl Pts',(42.9392998829638,26.5751124395932,46.0294449622312));
#2444=CARTESIAN_POINT('Ctrl Pts',(31.2514143221411,23.492915736449,40.6909236734642));
#2445=CARTESIAN_POINT('Ctrl Pts',(16.4199038990327,21.1653125851667,36.6593967555858));
#2446=CARTESIAN_POINT('Ctrl Pts',(13.2296188822783,20.7542946836241,35.9474928672936));
#2447=CARTESIAN_POINT('Ctrl Pts',(9.99999999999775,20.4646628727258,35.4458358553296));
#2448=CARTESIAN_POINT('',(0.,-40.,-4.89858719658941E-15));
#2449=CARTESIAN_POINT('Origin',(0.,0.,0.));
#2450=CARTESIAN_POINT('',(50.,-53.83584353922,4.11876055982043));
#2451=CARTESIAN_POINT('Ctrl Pts',(50.,-53.8356621381672,4.11879228298115));
#2452=CARTESIAN_POINT('Ctrl Pts',(33.3619463596812,-46.9177630688126,2.05940803328197));
#2453=CARTESIAN_POINT('Ctrl Pts',(16.7238927193625,-39.9998639994583,2.37835829203996E-5));
#2454=CARTESIAN_POINT('Ctrl Pts',(5.57621337109742E-15,-39.9998639994596,
2.37835834152721E-5));
#2455=CARTESIAN_POINT('Origin',(0.,0.,0.));
#2456=CARTESIAN_POINT('Origin',(100.,-37.1209857602198,64.2954333637414));
#2457=CARTESIAN_POINT('Origin',(100.,0.,0.));
#2458=CARTESIAN_POINT('Origin',(100.,8.88178419700125E-15,8.88178419700125E-15));
#2459=CARTESIAN_POINT('Ctrl Pts',(100.,14.0688033167909,-52.6395560500899));
#2460=CARTESIAN_POINT('Ctrl Pts',(95.4321902031984,14.0688033167909,-52.6395560500899));
#2461=CARTESIAN_POINT('Ctrl Pts',(81.6587672698028,13.7483556238619,-51.6069596761722));
#2462=CARTESIAN_POINT('Ctrl Pts',(58.2834875236495,12.0340626980377,-46.0533332191051));
#2463=CARTESIAN_POINT('Ctrl Pts',(34.3917450774839,9.96183133672727,-39.302686180203));
#2464=CARTESIAN_POINT('Ctrl Pts',(14.8917012384427,8.86108113730041,-35.7034957419987));
#2465=CARTESIAN_POINT('Ctrl Pts',(4.9886706701918,8.63136192392097,-34.9499566101054));
#2466=CARTESIAN_POINT('Ctrl Pts',(-3.28112567425006E-5,8.63136242794784,
-34.9499582637493));
#2467=CARTESIAN_POINT('Ctrl Pts',(100.,23.4042086635434,-50.3340520963642));
#2468=CARTESIAN_POINT('Ctrl Pts',(95.4339872318487,23.4042086635434,-50.3340520963642));
#2469=CARTESIAN_POINT('Ctrl Pts',(81.6651545282095,22.8482456211312,-49.3610545049806));
#2470=CARTESIAN_POINT('Ctrl Pts',(58.29253775372,19.8777216259549,-44.1190715974662));
#2471=CARTESIAN_POINT('Ctrl Pts',(34.4000146805672,16.2913510945191,-37.7416296407049));
#2472=CARTESIAN_POINT('Ctrl Pts',(14.8965791003531,14.3878967139747,-34.3387849715718));
#2473=CARTESIAN_POINT('Ctrl Pts',(4.99046768802563,13.9908834396867,-33.6263506604256));
#2474=CARTESIAN_POINT('Ctrl Pts',(-3.28231757797243E-5,13.9908843106185,
-33.6263522250598));
#2475=CARTESIAN_POINT('Ctrl Pts',(100.,40.9928672507691,-41.3528171261047));
#2476=CARTESIAN_POINT('Ctrl Pts',(95.444356515202,40.9928672507691,-41.3528171261047));
#2477=CARTESIAN_POINT('Ctrl Pts',(81.7018039493782,39.9950447499476,-40.6111891127719));
#2478=CARTESIAN_POINT('Ctrl Pts',(58.3447715758355,34.6612879733926,-36.5898620222786));
#2479=CARTESIAN_POINT('Ctrl Pts',(34.4477098268821,28.2207105637606,-31.6648053286851));
#2480=CARTESIAN_POINT('Ctrl Pts',(14.9245256332182,24.8018192836009,-29.0254524865476));
#2481=CARTESIAN_POINT('Ctrl Pts',(5.0008369096484,24.0886553743142,-28.4701608283579));
#2482=CARTESIAN_POINT('Ctrl Pts',(-3.28912682175921E-5,24.0886569389761,
-28.4701620470663));
#2483=CARTESIAN_POINT('Ctrl Pts',(100.,55.7006710090295,-21.5347579209233));
#2484=CARTESIAN_POINT('Ctrl Pts',(95.471419998371,55.7006710090295,-21.5347579209233));
#2485=CARTESIAN_POINT('Ctrl Pts',(81.7971639885046,54.3476190557472,-21.2998363099561));
#2486=CARTESIAN_POINT('Ctrl Pts',(58.4766552516984,47.0660868249625,-19.9578350461126));
#2487=CARTESIAN_POINT('Ctrl Pts',(34.5694516555319,38.2281754951555,-18.2424591823333));
#2488=CARTESIAN_POINT('Ctrl Pts',(14.9973729051498,33.5187991194416,-17.2965720031199));
#2489=CARTESIAN_POINT('Ctrl Pts',(5.02790023136418,32.5325083794323,-17.0924743915676));
#2490=CARTESIAN_POINT('Ctrl Pts',(-3.30693256833382E-5,32.5325105436667,
-17.0924748404597));
#2491=CARTESIAN_POINT('Ctrl Pts',(100.,61.2867462675141,-2.99565754142251));
#2492=CARTESIAN_POINT('Ctrl Pts',(95.498189259921,61.2867462675141,-2.99565754142251));
#2493=CARTESIAN_POINT('Ctrl Pts',(81.8908304059025,59.8120833609972,-3.22429744296835));
#2494=CARTESIAN_POINT('Ctrl Pts',(58.6012660053912,51.8158624785552,-4.3693201472675));
#2495=CARTESIAN_POINT('Ctrl Pts',(34.6861596458786,42.058438891235,-5.66396979450277));
#2496=CARTESIAN_POINT('Ctrl Pts',(15.0691000141428,36.8382818403994,-6.31892878191285));
#2497=CARTESIAN_POINT('Ctrl Pts',(5.05466933334405,35.7395132364791,-6.44904717811666));
#2498=CARTESIAN_POINT('Ctrl Pts',(-3.32453195435197E-5,35.7395156467187,
-6.4490468929493));
#2499=CARTESIAN_POINT('Ctrl Pts',(100.,62.2148261070074,11.4906545912885));
#2500=CARTESIAN_POINT('Ctrl Pts',(95.5196930459364,62.2148261070074,11.4906545912885));
#2501=CARTESIAN_POINT('Ctrl Pts',(81.9657050541438,60.7329871225864,10.9055923738392));
#2502=CARTESIAN_POINT('Ctrl Pts',(58.6981956811401,52.6394303249281,7.82917486049873));
#2503=CARTESIAN_POINT('Ctrl Pts',(34.7778611923891,42.7213570992393,4.17832448979459));
#2504=CARTESIAN_POINT('Ctrl Pts',(15.1265577660905,37.3973224265457,2.26317519267228));
#2505=CARTESIAN_POINT('Ctrl Pts',(5.07617299106792,36.2723303430622,1.86764594444914));
#2506=CARTESIAN_POINT('Ctrl Pts',(-3.33868043208547E-5,36.2723328114667,
1.86764681135478));
#2507=CARTESIAN_POINT('Ctrl Pts',(100.,60.6082178771334,21.0372132249652));
#2508=CARTESIAN_POINT('Ctrl Pts',(95.5342669787096,60.6082178771334,21.0372132249652));
#2509=CARTESIAN_POINT('Ctrl Pts',(82.0161100808757,59.1761748252949,20.2225962965777));
#2510=CARTESIAN_POINT('Ctrl Pts',(58.7614983058561,51.3145755705184,15.8813832943037));
#2511=CARTESIAN_POINT('Ctrl Pts',(34.8384398958532,41.6516118338404,10.6747610117559));
#2512=CARTESIAN_POINT('Ctrl Pts',(15.1653279285324,36.4523107493356,7.92158216430101));
#2513=CARTESIAN_POINT('Ctrl Pts',(5.09074683698464,35.3499653065317,7.34839202425206));
#2514=CARTESIAN_POINT('Ctrl Pts',(-3.34826023526846E-5,35.3499677244613,
7.34839328147867));
#2515=CARTESIAN_POINT('Ctrl Pts',(100.,59.272674353606,25.6559369517071));
#2516=CARTESIAN_POINT('Ctrl Pts',(95.541407975681,59.272674353606,25.6559369517071));
#2517=CARTESIAN_POINT('Ctrl Pts',(82.0407349905498,57.8783514404103,24.7313234264496));
#2518=CARTESIAN_POINT('Ctrl Pts',(58.7919730446098,50.2022291757643,19.7803908573213));
#2519=CARTESIAN_POINT('Ctrl Pts',(34.8677590562269,40.7538286904144,13.8203868301396));
#2520=CARTESIAN_POINT('Ctrl Pts',(15.1842967341952,35.6639665856529,10.6601613957922));
#2521=CARTESIAN_POINT('Ctrl Pts',(5.09788779134529,34.5832204215325,10.0000336173574));
#2522=CARTESIAN_POINT('Ctrl Pts',(-3.35295943914201E-5,34.5832227922668,
10.0000350649921));
#2523=CARTESIAN_POINT('Origin',(0.,0.,0.));
#2524=CARTESIAN_POINT('Origin',(0.,0.,0.));
#2525=CARTESIAN_POINT('',(0.,-36.,4.40872847693047E-15));
#2526=CARTESIAN_POINT('Origin',(0.,0.,0.));
#2527=CARTESIAN_POINT('',(0.,-40.,4.89858719658941E-15));
#2528=UNCERTAINTY_MEASURE_WITH_UNIT(LENGTH_MEASURE(0.01),#2532,
'DISTANCE_ACCURACY_VALUE',
'Maximum model space distance between geometric entities at asserted c
onnectivities');
#2529=UNCERTAINTY_MEASURE_WITH_UNIT(LENGTH_MEASURE(0.01),#2532,
'DISTANCE_ACCURACY_VALUE',
'Maximum model space distance between geometric entities at asserted c
onnectivities');
#2530=(
GEOMETRIC_REPRESENTATION_CONTEXT(3)
GLOBAL_UNCERTAINTY_ASSIGNED_CONTEXT((#2528))
GLOBAL_UNIT_ASSIGNED_CONTEXT((#2532,#2534,#2535))
REPRESENTATION_CONTEXT('','3D')
);
#2531=(
GEOMETRIC_REPRESENTATION_CONTEXT(3)
GLOBAL_UNCERTAINTY_ASSIGNED_CONTEXT((#2529))
GLOBAL_UNIT_ASSIGNED_CONTEXT((#2532,#2534,#2535))
REPRESENTATION_CONTEXT('','3D')
);
#2532=(
LENGTH_UNIT()
NAMED_UNIT(*)
SI_UNIT(.MILLI.,.METRE.)
);
#2533=(
LENGTH_UNIT()
NAMED_UNIT(*)
SI_UNIT($,.METRE.)
);
#2534=(
NAMED_UNIT(*)
PLANE_ANGLE_UNIT()
SI_UNIT($,.RADIAN.)
);
#2535=(
NAMED_UNIT(*)
SI_UNIT($,.STERADIAN.)
SOLID_ANGLE_UNIT()
);
#2536=SHAPE_DEFINITION_REPRESENTATION(#2537,#2538);
#2537=PRODUCT_DEFINITION_SHAPE('',$,#2540);
#2538=SHAPE_REPRESENTATION('',(#865),#2530);
#2539=PRODUCT_DEFINITION_CONTEXT('part definition',#2544,'design');
#2540=PRODUCT_DEFINITION('Elmia_V3_AWJ v7','Elmia_V3_AWJ v7 v1',#2541,#2539);
#2541=PRODUCT_DEFINITION_FORMATION('',$,#2546);
#2542=PRODUCT_RELATED_PRODUCT_CATEGORY('Elmia_V3_AWJ v7 v1',
'Elmia_V3_AWJ v7 v1',(#2546));
#2543=APPLICATION_PROTOCOL_DEFINITION('international standard',
'automotive_design',2009,#2544);
#2544=APPLICATION_CONTEXT(
'Core Data for Automotive Mechanical Design Process');
#2545=PRODUCT_CONTEXT('part definition',#2544,'mechanical');
#2546=PRODUCT('Elmia_V3_AWJ v7','Elmia_V3_AWJ v7 v1',$,(#2545));
#2547=PRESENTATION_STYLE_ASSIGNMENT((#2548));
#2548=SURFACE_STYLE_USAGE(.BOTH.,#2549);
#2549=SURFACE_SIDE_STYLE('',(#2550));
#2550=SURFACE_STYLE_FILL_AREA(#2551);
#2551=FILL_AREA_STYLE('Steel - Satin',(#2552));
#2552=FILL_AREA_STYLE_COLOUR('Steel - Satin',#2553);
#2553=COLOUR_RGB('Steel - Satin',0.627450980392157,0.627450980392157,0.627450980392157);
ENDSEC;
END-ISO-10303-21;
