ISO-10303-21;
HEADER;
/* Generated by software containing ST-Developer
 * from STEP Tools, Inc. (www.steptools.com) 
 */

FILE_DESCRIPTION(
/* description */ (''),
/* implementation_level */ '2;1');

FILE_NAME(
/* name */ 'Toolpath - Auto 2.step',
/* time_stamp */ '2022-12-14T13:48:35+01:00',
/* author */ (''),
/* organization */ (''),
/* preprocessor_version */ 'ST-DEVELOPER v19.2',
/* originating_system */ 'Autodesk Translation Framework v11.17.0.187',

/* authorisation */ '');

FILE_SCHEMA (('AUTOMOTIVE_DESIGN { 1 0 10303 214 3 1 1 }'));
ENDSEC;

DATA;
#10=MECHANICAL_DESIGN_GEOMETRIC_PRESENTATION_REPRESENTATION('',(#13),#3973);
#11=SHAPE_REPRESENTATION_RELATIONSHIP('SRR','None',#3980,#12);
#12=ADVANCED_BREP_SHAPE_REPRESENTATION('',(#14),#3972);
#13=STYLED_ITEM('',(#3990),#14);
#14=MANIFOLD_SOLID_BREP('Body1',#1233);
#15=FACE_BOUND('',#312,.T.);
#16=FACE_BOUND('',#315,.T.);
#17=PLANE('',#1256);
#18=PLANE('',#1264);
#19=B_SPLINE_CURVE_WITH_KNOTS('',3,(#1398,#1399,#1400,#1401,#1402,#1403,
#1404,#1405,#1406,#1407),.UNSPECIFIED.,.F.,.F.,(4,2,2,2,4),(-0.124092264700529,
-0.0931283377434285,-0.0620829677756355,-0.0310842344118677,0.),
 .UNSPECIFIED.);
#20=B_SPLINE_CURVE_WITH_KNOTS('',3,(#1409,#1410,#1411,#1412,#1413,#1414,
#1415,#1416,#1417,#1418,#1419,#1420,#1421,#1422,#1423,#1424,#1425,#1426,
#1427),.UNSPECIFIED.,.F.,.F.,(4,3,3,3,3,3,4),(-0.0164787612574151,0.310919520713265,
0.638884217313318,0.982274847350626,1.31337606908075,1.66291140327165,2.01244673746255),
 .UNSPECIFIED.);
#21=B_SPLINE_CURVE_WITH_KNOTS('',3,(#1429,#1430,#1431,#1432,#1433,#1434,
#1435,#1436,#1437,#1438),.UNSPECIFIED.,.F.,.F.,(4,2,2,2,4),(3.91495992477115E-8,
0.030977724471656,0.0618791013958428,0.0929230020442483,0.123904363850455),
 .UNSPECIFIED.);
#22=B_SPLINE_CURVE_WITH_KNOTS('',3,(#1439,#1440,#1441,#1442),
 .UNSPECIFIED.,.F.,.F.,(4,4),(-2.02778548858644,2.15227400841253E-9),
 .UNSPECIFIED.);
#23=B_SPLINE_CURVE_WITH_KNOTS('',3,(#1447,#1448,#1449,#1450),
 .UNSPECIFIED.,.F.,.F.,(4,4),(-2.04588404910244,-0.017008663250268),
 .UNSPECIFIED.);
#24=B_SPLINE_CURVE_WITH_KNOTS('',3,(#1473,#1474,#1475,#1476,#1477,#1478,
#1479,#1480,#1481,#1482,#1483,#1484),.UNSPECIFIED.,.F.,.F.,(4,2,2,2,2,4),
(-0.131734533975581,-0.102035592357216,-0.0730590903323475,-0.0398939382415546,
-0.0199358321669155,0.),.UNSPECIFIED.);
#25=B_SPLINE_CURVE_WITH_KNOTS('',3,(#1486,#1487,#1488,#1489),
 .UNSPECIFIED.,.F.,.F.,(4,4),(-2.42769679578089E-16,2.02914450861589),
 .UNSPECIFIED.);
#26=B_SPLINE_CURVE_WITH_KNOTS('',3,(#1490,#1491,#1492,#1493,#1494,#1495,
#1496,#1497,#1498,#1499,#1500,#1501),.UNSPECIFIED.,.F.,.F.,(4,2,2,2,2,4),
(0.,0.0199318854420651,0.0398858708739834,0.0730439868552012,0.1020100042264,
0.131705862711796),.UNSPECIFIED.);
#27=B_SPLINE_CURVE_WITH_KNOTS('',3,(#1523,#1524,#1525,#1526,#1527,#1528),
 .UNSPECIFIED.,.F.,.F.,(4,2,4),(4.60795408412948E-7,1.16289817285275,2.20982338129515),
 .UNSPECIFIED.);
#28=B_SPLINE_CURVE_WITH_KNOTS('',3,(#1530,#1531,#1532,#1533),
 .UNSPECIFIED.,.F.,.F.,(4,4),(-0.00945202804962857,2.21332105407966),
 .UNSPECIFIED.);
#29=B_SPLINE_CURVE_WITH_KNOTS('',3,(#1534,#1535,#1536,#1537,#1538,#1539),
 .UNSPECIFIED.,.F.,.F.,(4,2,4),(0.,1.16310262119311,2.2101410052166),
 .UNSPECIFIED.);
#30=B_SPLINE_CURVE_WITH_KNOTS('',3,(#1561,#1562,#1563,#1564,#1565,#1566,
#1567,#1568,#1569,#1570,#1571,#1572),.UNSPECIFIED.,.F.,.F.,(4,2,2,2,2,4),
(0.,0.0199684244721643,0.0398311711120931,0.0757666510145284,0.112777470623712,
0.150707106437458),.UNSPECIFIED.);
#31=B_SPLINE_CURVE_WITH_KNOTS('',3,(#1574,#1575,#1576,#1577),
 .UNSPECIFIED.,.F.,.F.,(4,4),(-2.23876868151077,1.04083408553572E-16),
 .UNSPECIFIED.);
#32=B_SPLINE_CURVE_WITH_KNOTS('',3,(#1578,#1579,#1580,#1581,#1582,#1583,
#1584,#1585,#1586,#1587,#1588,#1589),.UNSPECIFIED.,.F.,.F.,(4,2,2,2,2,4),
(-0.145991375091115,-0.108700144093161,-0.0736641564775755,-0.0389841549270108,
-0.0196295734722168,0.),.UNSPECIFIED.);
#33=B_SPLINE_CURVE_WITH_KNOTS('',3,(#1609,#1610,#1611,#1612),
 .UNSPECIFIED.,.F.,.F.,(4,4),(-0.0736793943728194,2.16785611597989),
 .UNSPECIFIED.);
#34=B_SPLINE_CURVE_WITH_KNOTS('',3,(#1616,#1617,#1618,#1619,#1620,#1621),
 .UNSPECIFIED.,.F.,.F.,(4,2,4),(3.8244326304686E-11,1.44568637605159,3.05451268574285),
 .UNSPECIFIED.);
#35=B_SPLINE_CURVE_WITH_KNOTS('',3,(#1623,#1624,#1625,#1626,#1627,#1628,
#1629,#1630,#1631,#1632,#1633,#1634),.UNSPECIFIED.,.F.,.F.,(4,2,2,2,2,4),
(0.,0.0437242503603543,0.097796693476076,0.177718094947142,0.238830853872858,
0.298568877371427),.UNSPECIFIED.);
#36=B_SPLINE_CURVE_WITH_KNOTS('',3,(#1638,#1639,#1640,#1641,#1642,#1643,
#1644,#1645,#1646,#1647,#1648,#1649),.UNSPECIFIED.,.F.,.F.,(4,2,2,2,2,4),
(0.,0.0199694330615694,0.0398332321511865,0.0757668886072081,0.112774152226661,
0.150702425893111),.UNSPECIFIED.);
#37=B_SPLINE_CURVE_WITH_KNOTS('',3,(#1651,#1652,#1653,#1654,#1655,#1656),
 .UNSPECIFIED.,.F.,.F.,(4,2,4),(4.60795424554323E-7,1.30722397918577,2.75966152847079),
 .UNSPECIFIED.);
#38=B_SPLINE_CURVE_WITH_KNOTS('',3,(#1658,#1659,#1660,#1661,#1662,#1663,
#1664,#1665,#1666,#1667,#1668,#1669),.UNSPECIFIED.,.F.,.F.,(4,2,2,2,2,4),
(-0.175493077817007,-0.122627733087515,-0.0783850577253963,-0.0399139858314795,
-0.0199510880018532,0.),.UNSPECIFIED.);
#39=B_SPLINE_CURVE_WITH_KNOTS('',3,(#1673,#1674,#1675,#1676,#1677,#1678,
#1679,#1680,#1681,#1682),.UNSPECIFIED.,.F.,.F.,(4,2,2,2,4),(-0.124092687491653,
-0.0931286336714946,-0.0620831510946404,-0.0310843271917231,0.),
 .UNSPECIFIED.);
#40=B_SPLINE_CURVE_WITH_KNOTS('',3,(#1684,#1685,#1686,#1687,#1688,#1689),
 .UNSPECIFIED.,.F.,.F.,(4,2,4),(2.48143502055236E-10,1.4456863622578,3.05448148395616),
 .UNSPECIFIED.);
#41=B_SPLINE_CURVE_WITH_KNOTS('',3,(#1691,#1692,#1693,#1694,#1695,#1696,
#1697,#1698,#1699,#1700,#1701,#1702),.UNSPECIFIED.,.F.,.F.,(4,2,2,2,2,4),
(0.,0.0437232218218913,0.0977953566178839,0.177716032065135,0.23883032915719,
0.298569865575845),.UNSPECIFIED.);
#42=B_SPLINE_CURVE_WITH_KNOTS('',3,(#1706,#1707,#1708,#1709,#1710,#1711,
#1712,#1713,#1714,#1715,#1716,#1717),.UNSPECIFIED.,.F.,.F.,(4,2,2,2,2,4),
(0.,0.0199684244721876,0.0398311711121555,0.0757666510145896,0.112777470623759,
0.150707106437519),.UNSPECIFIED.);
#43=B_SPLINE_CURVE_WITH_KNOTS('',3,(#1719,#1720,#1721,#1722,#1723,#1724),
 .UNSPECIFIED.,.F.,.F.,(4,2,4),(4.60795408176468E-7,1.16289817285274,2.20982338129513),
 .UNSPECIFIED.);
#44=B_SPLINE_CURVE_WITH_KNOTS('',3,(#1726,#1727,#1728,#1729,#1730,#1731,
#1732,#1733,#1734,#1735,#1736,#1737),.UNSPECIFIED.,.F.,.F.,(4,2,2,2,2,4),
(-0.131734533975581,-0.102035592357215,-0.073059090332348,-0.0398939382415582,
-0.0199358321669169,0.),.UNSPECIFIED.);
#45=B_SPLINE_CURVE_WITH_KNOTS('',3,(#1741,#1742,#1743,#1744,#1745,#1746,
#1747,#1748,#1749,#1750),.UNSPECIFIED.,.F.,.F.,(4,2,2,2,4),(-0.124092264715833,
-0.0931283377455986,-0.0620829677806662,-0.0310842344143918,0.),
 .UNSPECIFIED.);
#46=B_SPLINE_CURVE_WITH_KNOTS('',3,(#1752,#1753,#1754,#1755,#1756,#1757),
 .UNSPECIFIED.,.F.,.F.,(4,2,4),(3.82424997546238E-11,1.2830400150076,2.43599826724159),
 .UNSPECIFIED.);
#47=B_SPLINE_CURVE_WITH_KNOTS('',3,(#1759,#1760,#1761,#1762,#1763,#1764,
#1765,#1766,#1767,#1768,#1769,#1770),.UNSPECIFIED.,.F.,.F.,(4,2,2,2,2,4),
(0.,0.043724250360359,0.0977966934760095,0.177718094946858,0.238830853872425,
0.298568877370832),.UNSPECIFIED.);
#48=B_SPLINE_CURVE_WITH_KNOTS('',3,(#1774,#1775,#1776,#1777,#1778,#1779,
#1780,#1781,#1782,#1783,#1784,#1785),.UNSPECIFIED.,.F.,.F.,(4,2,2,2,2,4),
(0.,0.0199694330615697,0.0398332321511957,0.0757668886072345,0.112774152226704,
0.150702425893181),.UNSPECIFIED.);
#49=B_SPLINE_CURVE_WITH_KNOTS('',3,(#1787,#1788,#1789,#1790,#1791,#1792),
 .UNSPECIFIED.,.F.,.F.,(4,2,4),(4.60795423887806E-7,1.30722397918577,2.75966152847078),
 .UNSPECIFIED.);
#50=B_SPLINE_CURVE_WITH_KNOTS('',3,(#1794,#1795,#1796,#1797,#1798,#1799,
#1800,#1801,#1802,#1803,#1804,#1805),.UNSPECIFIED.,.F.,.F.,(4,2,2,2,2,4),
(-0.131720486713587,-0.102027786430039,-0.0730552663526104,-0.0398924048775443,
-0.0199350800606816,0.),.UNSPECIFIED.);
#51=B_SPLINE_CURVE_WITH_KNOTS('',3,(#1809,#1810,#1811,#1812,#1813,#1814,
#1815,#1816,#1817,#1818),.UNSPECIFIED.,.F.,.F.,(4,2,2,2,4),(-0.124092687491656,
-0.0931286336715007,-0.0620831510946479,-0.0310843271917253,0.),
 .UNSPECIFIED.);
#52=B_SPLINE_CURVE_WITH_KNOTS('',3,(#1820,#1821,#1822,#1823,#1824,#1825),
 .UNSPECIFIED.,.F.,.F.,(4,2,4),(2.48143921264599E-10,1.28307196949281,2.43608127191049),
 .UNSPECIFIED.);
#53=B_SPLINE_CURVE_WITH_KNOTS('',3,(#1827,#1828,#1829,#1830,#1831,#1832,
#1833,#1834,#1835,#1836,#1837,#1838),.UNSPECIFIED.,.F.,.F.,(4,2,2,2,2,4),
(0.,0.0437232218219135,0.0977953566179467,0.177716032065463,0.238830329157813,
0.298569865576707),.UNSPECIFIED.);
#54=B_SPLINE_CURVE_WITH_KNOTS('',3,(#1842,#1843,#1844,#1845,#1846,#1847,
#1848,#1849,#1850,#1851,#1852,#1853),.UNSPECIFIED.,.F.,.F.,(4,2,2,2,2,4),
(0.,0.019968424472179,0.0398311711121222,0.0757666510145098,0.112777470623644,
0.150707106437357),.UNSPECIFIED.);
#55=B_SPLINE_CURVE_WITH_KNOTS('',3,(#1855,#1856,#1857,#1858,#1859,#1860),
 .UNSPECIFIED.,.F.,.F.,(4,2,4),(4.60795408176468E-7,1.16289817285299,2.20982338129577),
 .UNSPECIFIED.);
#56=B_SPLINE_CURVE_WITH_KNOTS('',3,(#1862,#1863,#1864,#1865,#1866,#1867,
#1868,#1869,#1870,#1871,#1872,#1873),.UNSPECIFIED.,.F.,.F.,(4,2,2,2,2,4),
(-0.131734533975591,-0.102035592357224,-0.0730590903323532,-0.0398939382415585,
-0.0199358321669169,0.),.UNSPECIFIED.);
#57=B_SPLINE_CURVE_WITH_KNOTS('',3,(#1877,#1878,#1879,#1880,#1881,#1882,
#1883,#1884,#1885,#1886),.UNSPECIFIED.,.F.,.F.,(4,2,2,2,4),(-0.12409226471683,
-0.093128337743427,-0.0620829677756335,-0.0310842344118664,0.),
 .UNSPECIFIED.);
#58=B_SPLINE_CURVE_WITH_KNOTS('',3,(#1888,#1889,#1890,#1891,#1892,#1893),
 .UNSPECIFIED.,.F.,.F.,(4,2,4),(3.824180307897E-11,1.2830400150073,2.43599826724083),
 .UNSPECIFIED.);
#59=B_SPLINE_CURVE_WITH_KNOTS('',3,(#1895,#1896,#1897,#1898,#1899,#1900,
#1901,#1902,#1903,#1904,#1905,#1906),.UNSPECIFIED.,.F.,.F.,(4,2,2,2,2,4),
(0.,0.0437242503603601,0.0977966934761335,0.177718094947377,0.238830853873199,
0.298568877371865),.UNSPECIFIED.);
#60=B_SPLINE_CURVE_WITH_KNOTS('',3,(#1910,#1911,#1912,#1913,#1914,#1915,
#1916,#1917,#1918,#1919,#1920,#1921),.UNSPECIFIED.,.F.,.F.,(4,2,2,2,2,4),
(0.,0.0199694330615683,0.0398332321511859,0.0757668886072116,0.112774152226669,
0.150702425893126),.UNSPECIFIED.);
#61=B_SPLINE_CURVE_WITH_KNOTS('',3,(#1923,#1924,#1925,#1926,#1927,#1928),
 .UNSPECIFIED.,.F.,.F.,(4,2,4),(4.60795423887806E-7,1.30722397918577,2.75966152847086),
 .UNSPECIFIED.);
#62=B_SPLINE_CURVE_WITH_KNOTS('',3,(#1930,#1931,#1932,#1933,#1934,#1935,
#1936,#1937,#1938,#1939,#1940,#1941),.UNSPECIFIED.,.F.,.F.,(4,2,2,2,2,4),
(-0.131720486713594,-0.102027786430049,-0.0730552663526166,-0.0398924048775473,
-0.0199350800606846,0.),.UNSPECIFIED.);
#63=B_SPLINE_CURVE_WITH_KNOTS('',3,(#1945,#1946,#1947,#1948,#1949,#1950,
#1951,#1952,#1953,#1954),.UNSPECIFIED.,.F.,.F.,(4,2,2,2,4),(-0.124092687491659,
-0.0931286336715045,-0.0620831510946527,-0.0310843271917279,0.),
 .UNSPECIFIED.);
#64=B_SPLINE_CURVE_WITH_KNOTS('',3,(#1956,#1957,#1958,#1959,#1960,#1961),
 .UNSPECIFIED.,.F.,.F.,(4,2,4),(2.48143502055236E-10,1.4456863622578,3.05448148395622),
 .UNSPECIFIED.);
#65=B_SPLINE_CURVE_WITH_KNOTS('',3,(#1963,#1964,#1965,#1966,#1967,#1968,
#1969,#1970,#1971,#1972,#1973,#1974),.UNSPECIFIED.,.F.,.F.,(4,2,2,2,2,4),
(0.,0.0437232218219137,0.0977953566177002,0.17771603206424,0.238830329155817,
0.298569865573997),.UNSPECIFIED.);
#66=B_SPLINE_CURVE_WITH_KNOTS('',3,(#1978,#1979,#1980,#1981,#1982,#1983,
#1984,#1985,#1986,#1987,#1988,#1989),.UNSPECIFIED.,.F.,.F.,(4,2,2,2,2,4),
(0.,0.0199684244721706,0.0398311711121175,0.075766651014572,0.112777470623756,
0.150707106437535),.UNSPECIFIED.);
#67=B_SPLINE_CURVE_WITH_KNOTS('',3,(#1991,#1992,#1993,#1994,#1995,#1996),
 .UNSPECIFIED.,.F.,.F.,(4,2,4),(4.60795408176468E-7,1.16289817285263,2.20982338129485),
 .UNSPECIFIED.);
#68=B_SPLINE_CURVE_WITH_KNOTS('',3,(#1998,#1999,#2000,#2001,#2002,#2003,
#2004,#2005,#2006,#2007,#2008,#2009),.UNSPECIFIED.,.F.,.F.,(4,2,2,2,2,4),
(-0.131734533975565,-0.102035592357205,-0.0730590903323407,-0.0398939382415525,
-0.0199358321669154,0.),.UNSPECIFIED.);
#69=B_SPLINE_CURVE_WITH_KNOTS('',3,(#2013,#2014,#2015,#2016,#2017,#2018,
#2019,#2020,#2021,#2022),.UNSPECIFIED.,.F.,.F.,(4,2,2,2,4),(-0.124092264700527,
-0.0931283377434269,-0.0620829677756339,-0.0310842344118669,0.),
 .UNSPECIFIED.);
#70=B_SPLINE_CURVE_WITH_KNOTS('',3,(#2024,#2025,#2026,#2027,#2028,#2029),
 .UNSPECIFIED.,.F.,.F.,(4,2,4),(3.824180307897E-11,1.28304001512328,2.43599826746071),
 .UNSPECIFIED.);
#71=B_SPLINE_CURVE_WITH_KNOTS('',3,(#2031,#2032,#2033,#2034,#2035,#2036,
#2037,#2038,#2039,#2040,#2041,#2042),.UNSPECIFIED.,.F.,.F.,(4,2,2,2,2,4),
(0.,0.0437242503603602,0.0977966934760942,0.177718094947182,0.23883085387288,
0.29856887737143),.UNSPECIFIED.);
#72=B_SPLINE_CURVE_WITH_KNOTS('',3,(#2046,#2047,#2048,#2049,#2050,#2051,
#2052,#2053,#2054,#2055,#2056,#2057),.UNSPECIFIED.,.F.,.F.,(4,2,2,2,2,4),
(0.,0.0199694330615693,0.0398332321511889,0.0757668886072191,0.112774152226681,
0.150702425893142),.UNSPECIFIED.);
#73=B_SPLINE_CURVE_WITH_KNOTS('',3,(#2059,#2060,#2061,#2062,#2063,#2064),
 .UNSPECIFIED.,.F.,.F.,(4,2,4),(4.60795400189981E-7,1.16280577492834,2.20958239989515),
 .UNSPECIFIED.);
#74=B_SPLINE_CURVE_WITH_KNOTS('',3,(#2066,#2067,#2068,#2069,#2070,#2071,
#2072,#2073,#2074,#2075,#2076,#2077),.UNSPECIFIED.,.F.,.F.,(4,2,2,2,2,4),
(-0.131720486713576,-0.102027786430033,-0.0730552663526077,-0.039892404877546,
-0.0199350800606828,0.),.UNSPECIFIED.);
#75=B_SPLINE_CURVE_WITH_KNOTS('',3,(#2081,#2082,#2083,#2084,#2085,#2086,
#2087,#2088,#2089,#2090),.UNSPECIFIED.,.F.,.F.,(4,2,2,2,4),(-0.124092687491654,
-0.0931286336714966,-0.0620831510946447,-0.0310843271917254,0.),
 .UNSPECIFIED.);
#76=B_SPLINE_CURVE_WITH_KNOTS('',3,(#2092,#2093,#2094,#2095,#2096,#2097),
 .UNSPECIFIED.,.F.,.F.,(4,2,4),(2.48143921264599E-10,1.28307196960924,2.43608127213153),
 .UNSPECIFIED.);
#77=B_SPLINE_CURVE_WITH_KNOTS('',3,(#2098,#2099,#2100,#2101,#2102,#2103,
#2104,#2105,#2106,#2107,#2108,#2109),.UNSPECIFIED.,.F.,.F.,(4,2,2,2,2,4),
(0.,0.0437232218219203,0.0977953566176065,0.177716032063807,0.238830329155109,
0.298569865573013),.UNSPECIFIED.);
#78=B_SPLINE_CURVE_WITH_KNOTS('',3,(#2135,#2136,#2137,#2138),
 .UNSPECIFIED.,.F.,.F.,(4,4),(-2.23612930553688,-7.86450795029255E-9),
 .UNSPECIFIED.);
#79=B_SPLINE_CURVE_WITH_KNOTS('',3,(#2139,#2140,#2141,#2142,#2143,#2144,
#2145,#2146,#2147,#2148,#2149,#2150),.UNSPECIFIED.,.F.,.F.,(4,2,2,2,2,4),
(-0.2948175199288,-0.237155430538697,-0.178166685323609,-0.0983718195931559,
-0.0449089981013296,-7.05198732742218E-10),.UNSPECIFIED.);
#80=B_SPLINE_CURVE_WITH_KNOTS('',3,(#2153,#2154,#2155,#2156,#2157,#2158),
 .UNSPECIFIED.,.F.,.F.,(4,2,4),(1.0080847800563E-6,1.27857285805481,2.42614671394274),
 .UNSPECIFIED.);
#81=B_SPLINE_CURVE_WITH_KNOTS('',3,(#2160,#2161,#2162,#2163,#2164,#2165,
#2166,#2167,#2168,#2169),.UNSPECIFIED.,.F.,.F.,(4,2,2,2,4),(3.9149602559427E-8,
0.0309778167485932,0.0618792839417421,0.0929233034775895,0.123904805329241),
 .UNSPECIFIED.);
#82=B_SPLINE_CURVE_WITH_KNOTS('',3,(#2173,#2174,#2175,#2176,#2177,#2178,
#2179,#2180,#2181,#2182,#2183,#2184),.UNSPECIFIED.,.F.,.F.,(4,2,2,2,2,4),
(0.,0.019931133861495,0.0398843387818539,0.0730418897350875,0.102006400657613,
0.131698555668494),.UNSPECIFIED.);
#83=B_SPLINE_CURVE_WITH_KNOTS('',3,(#2186,#2187,#2188,#2189,#2190,#2191),
 .UNSPECIFIED.,.F.,.F.,(4,2,4),(0.,1.16301012544455,2.20989978521295),
 .UNSPECIFIED.);
#84=B_SPLINE_CURVE_WITH_KNOTS('',3,(#2193,#2194,#2195,#2196,#2197,#2198,
#2199,#2200,#2201,#2202,#2203,#2204),.UNSPECIFIED.,.F.,.F.,(4,2,2,2,2,4),
(-0.145982435957913,-0.108695743261562,-0.0736644068768983,-0.0389860717001081,
-0.0196305179949362,0.),.UNSPECIFIED.);
#85=B_SPLINE_CURVE_WITH_KNOTS('',3,(#2208,#2209,#2210,#2211,#2212,#2213,
#2214,#2215,#2216,#2217,#2218,#2219),.UNSPECIFIED.,.F.,.F.,(4,2,2,2,2,4),
(-0.29481784151999,-0.23715561518416,-0.178166716235612,-0.0983726407385047,
-0.0449103146768244,-7.37310767995325E-11),.UNSPECIFIED.);
#86=B_SPLINE_CURVE_WITH_KNOTS('',3,(#2221,#2222,#2223,#2224,#2225,#2226),
 .UNSPECIFIED.,.F.,.F.,(4,2,4),(1.00808758832354E-6,1.27854056310219,2.42606291955482),
 .UNSPECIFIED.);
#87=B_SPLINE_CURVE_WITH_KNOTS('',3,(#2228,#2229,#2230,#2231,#2232,#2233,
#2234,#2235,#2236,#2237),.UNSPECIFIED.,.F.,.F.,(4,2,2,2,4),(3.91496002372993E-8,
0.0309777244716568,0.0618791013958411,0.0929230020442442,0.12390436385045),
 .UNSPECIFIED.);
#88=B_SPLINE_CURVE_WITH_KNOTS('',3,(#2241,#2242,#2243,#2244,#2245,#2246,
#2247,#2248,#2249,#2250,#2251,#2252),.UNSPECIFIED.,.F.,.F.,(4,2,2,2,2,4),
(0.,0.0199318854420657,0.0398858708739851,0.0730439868552036,0.102010004226403,
0.131705862711799),.UNSPECIFIED.);
#89=B_SPLINE_CURVE_WITH_KNOTS('',3,(#2254,#2255,#2256,#2257,#2258,#2259),
 .UNSPECIFIED.,.F.,.F.,(4,2,4),(0.,1.16310262119295,2.21014100521617),
 .UNSPECIFIED.);
#90=B_SPLINE_CURVE_WITH_KNOTS('',3,(#2261,#2262,#2263,#2264,#2265,#2266,
#2267,#2268,#2269,#2270,#2271,#2272),.UNSPECIFIED.,.F.,.F.,(4,2,2,2,2,4),
(-0.145991375091073,-0.108700144093131,-0.0736641564775594,-0.0389841549270095,
-0.0196295734722194,0.),.UNSPECIFIED.);
#91=B_SPLINE_CURVE_WITH_KNOTS('',3,(#2276,#2277,#2278,#2279,#2280,#2281,
#2282,#2283,#2284,#2285,#2286,#2287),.UNSPECIFIED.,.F.,.F.,(4,2,2,2,2,4),
(-0.29481751515565,-0.237155426699183,-0.178166682439247,-0.0983718180006303,
-0.044908997374296,-7.05199842965243E-10),.UNSPECIFIED.);
#92=B_SPLINE_CURVE_WITH_KNOTS('',3,(#2289,#2290,#2291,#2292,#2293,#2294),
 .UNSPECIFIED.,.F.,.F.,(4,2,4),(1.00447941564497E-6,1.44276595889427,3.04739010606308),
 .UNSPECIFIED.);
#93=B_SPLINE_CURVE_WITH_KNOTS('',3,(#2296,#2297,#2298,#2299,#2300,#2301,
#2302,#2303,#2304,#2305),.UNSPECIFIED.,.F.,.F.,(4,2,2,2,4),(3.91496026133638E-8,
0.0309778167485913,0.061879283941739,0.0929233034775871,0.123904805329238),
 .UNSPECIFIED.);
#94=B_SPLINE_CURVE_WITH_KNOTS('',3,(#2309,#2310,#2311,#2312,#2313,#2314,
#2315,#2316,#2317,#2318,#2319,#2320),.UNSPECIFIED.,.F.,.F.,(4,2,2,2,2,4),
(0.,0.0199311338614962,0.0398843387818601,0.0730418897351037,0.102006400657638,
0.131698555668531),.UNSPECIFIED.);
#95=B_SPLINE_CURVE_WITH_KNOTS('',3,(#2322,#2323,#2324,#2325,#2326,#2327),
 .UNSPECIFIED.,.F.,.F.,(4,2,4),(0.,1.30756038675939,2.76015470293042),
 .UNSPECIFIED.);
#96=B_SPLINE_CURVE_WITH_KNOTS('',3,(#2329,#2330,#2331,#2332,#2333,#2334,
#2335,#2336,#2337,#2338,#2339,#2340),.UNSPECIFIED.,.F.,.F.,(4,2,2,2,2,4),
(-0.145982435957913,-0.108695743261561,-0.0736644068768975,-0.0389860717001074,
-0.0196305179949359,0.),.UNSPECIFIED.);
#97=B_SPLINE_CURVE_WITH_KNOTS('',3,(#2344,#2345,#2346,#2347,#2348,#2349,
#2350,#2351,#2352,#2353,#2354,#2355),.UNSPECIFIED.,.F.,.F.,(4,2,2,2,2,4),
(-0.294817841519448,-0.237155615183771,-0.178166716235383,-0.098372640738459,
-0.0449103146768253,-7.37310767995325E-11),.UNSPECIFIED.);
#98=B_SPLINE_CURVE_WITH_KNOTS('',3,(#2357,#2358,#2359,#2360,#2361,#2362),
 .UNSPECIFIED.,.F.,.F.,(4,2,4),(1.00808758904128E-6,1.27854056310217,2.42606291955478),
 .UNSPECIFIED.);
#99=B_SPLINE_CURVE_WITH_KNOTS('',3,(#2364,#2365,#2366,#2367,#2368,#2369,
#2370,#2371,#2372,#2373),.UNSPECIFIED.,.F.,.F.,(4,2,2,2,4),(3.91496004475799E-8,
0.0309777244716573,0.061879101395843,0.0929230020442469,0.123904363850453),
 .UNSPECIFIED.);
#100=B_SPLINE_CURVE_WITH_KNOTS('',3,(#2377,#2378,#2379,#2380,#2381,#2382,
#2383,#2384,#2385,#2386,#2387,#2388),.UNSPECIFIED.,.F.,.F.,(4,2,2,2,2,4),
(0.,0.0199318854420642,0.0398858708739791,0.0730439868551869,0.102010004226377,
0.131705862711765),.UNSPECIFIED.);
#101=B_SPLINE_CURVE_WITH_KNOTS('',3,(#2390,#2391,#2392,#2393,#2394,#2395),
 .UNSPECIFIED.,.F.,.F.,(4,2,4),(0.,1.16310262119307,2.21014100521647),
 .UNSPECIFIED.);
#102=B_SPLINE_CURVE_WITH_KNOTS('',3,(#2397,#2398,#2399,#2400,#2401,#2402,
#2403,#2404,#2405,#2406,#2407,#2408),.UNSPECIFIED.,.F.,.F.,(4,2,2,2,2,4),
(-0.145991375090803,-0.108700144092943,-0.0736641564774324,-0.0389841549269426,
-0.0196295734721951,0.),.UNSPECIFIED.);
#103=B_SPLINE_CURVE_WITH_KNOTS('',3,(#2412,#2413,#2414,#2415,#2416,#2417,
#2418,#2419,#2420,#2421,#2422,#2423),.UNSPECIFIED.,.F.,.F.,(4,2,2,2,2,4),
(-0.294817519928584,-0.237155430538517,-0.178166685323467,-0.0983718195931203,
-0.0449089981013228,-7.05198954786823E-10),.UNSPECIFIED.);
#104=B_SPLINE_CURVE_WITH_KNOTS('',3,(#2425,#2426,#2427,#2428,#2429,#2430),
 .UNSPECIFIED.,.F.,.F.,(4,2,4),(1.00808477460499E-6,1.27857285805492,2.42614671394306),
 .UNSPECIFIED.);
#105=B_SPLINE_CURVE_WITH_KNOTS('',3,(#2432,#2433,#2434,#2435,#2436,#2437,
#2438,#2439,#2440,#2441),.UNSPECIFIED.,.F.,.F.,(4,2,2,2,4),(3.91496025594257E-8,
0.0309778167485907,0.0618792839417357,0.0929233034775833,0.123904805329236),
 .UNSPECIFIED.);
#106=B_SPLINE_CURVE_WITH_KNOTS('',3,(#2445,#2446,#2447,#2448,#2449,#2450,
#2451,#2452,#2453,#2454,#2455,#2456),.UNSPECIFIED.,.F.,.F.,(4,2,2,2,2,4),
(0.,0.0199311338614973,0.0398843387818617,0.0730418897350951,0.102006400657622,
0.131698555668509),.UNSPECIFIED.);
#107=B_SPLINE_CURVE_WITH_KNOTS('',3,(#2458,#2459,#2460,#2461,#2462,#2463),
 .UNSPECIFIED.,.F.,.F.,(4,2,4),(0.,1.30756038675939,2.76015470293053),
 .UNSPECIFIED.);
#108=B_SPLINE_CURVE_WITH_KNOTS('',3,(#2465,#2466,#2467,#2468,#2469,#2470,
#2471,#2472,#2473,#2474,#2475,#2476),.UNSPECIFIED.,.F.,.F.,(4,2,2,2,2,4),
(-0.145982435957794,-0.108695743261476,-0.0736644068768433,-0.0389860717000835,
-0.0196305179949299,0.),.UNSPECIFIED.);
#109=B_SPLINE_CURVE_WITH_KNOTS('',3,(#2480,#2481,#2482,#2483,#2484,#2485,
#2486,#2487,#2488,#2489,#2490,#2491),.UNSPECIFIED.,.F.,.F.,(4,2,2,2,2,4),
(-0.294817841521601,-0.237155615185452,-0.178166716236561,-0.0983726407387246,
-0.0449103146768033,-7.37309102660788E-11),.UNSPECIFIED.);
#110=B_SPLINE_CURVE_WITH_KNOTS('',3,(#2493,#2494,#2495,#2496,#2497,#2498),
 .UNSPECIFIED.,.F.,.F.,(4,2,4),(1.00808758888153E-6,1.2785405631022,2.42606291955485),
 .UNSPECIFIED.);
#111=B_SPLINE_CURVE_WITH_KNOTS('',3,(#2500,#2501,#2502,#2503,#2504,#2505,
#2506,#2507,#2508,#2509),.UNSPECIFIED.,.F.,.F.,(4,2,2,2,4),(3.9149599152875E-8,
0.0309777244714816,0.0618791013954961,0.0929230020440977,0.123904363850521),
 .UNSPECIFIED.);
#112=B_SPLINE_CURVE_WITH_KNOTS('',3,(#2513,#2514,#2515,#2516,#2517,#2518,
#2519,#2520,#2521,#2522,#2523,#2524),.UNSPECIFIED.,.F.,.F.,(4,2,2,2,2,4),
(0.,0.0199318854420636,0.0398858708739775,0.073043986855181,0.102010004226367,
0.131705862711752),.UNSPECIFIED.);
#113=B_SPLINE_CURVE_WITH_KNOTS('',3,(#2526,#2527,#2528,#2529,#2530,#2531),
 .UNSPECIFIED.,.F.,.F.,(4,2,4),(0.,1.16310262119289,2.21014100521602),
 .UNSPECIFIED.);
#114=B_SPLINE_CURVE_WITH_KNOTS('',3,(#2533,#2534,#2535,#2536,#2537,#2538,
#2539,#2540,#2541,#2542,#2543,#2544),.UNSPECIFIED.,.F.,.F.,(4,2,2,2,2,4),
(-0.145991375090845,-0.10870014409297,-0.0736641564774455,-0.0389841549269419,
-0.019629573472193,0.),.UNSPECIFIED.);
#115=B_SPLINE_CURVE_WITH_KNOTS('',3,(#2548,#2549,#2550,#2551,#2552,#2553,
#2554,#2555,#2556,#2557,#2558,#2559),.UNSPECIFIED.,.F.,.F.,(4,2,2,2,2,4),
(-0.294817515157925,-0.237155426700877,-0.17816668244032,-0.0983718180008527,
-0.044908997374275,-7.05199842965243E-10),.UNSPECIFIED.);
#116=B_SPLINE_CURVE_WITH_KNOTS('',3,(#2561,#2562,#2563,#2564,#2565,#2566),
 .UNSPECIFIED.,.F.,.F.,(4,2,4),(1.00447941608905E-6,1.44276595889427,3.04739010606315),
 .UNSPECIFIED.);
#117=B_SPLINE_CURVE_WITH_KNOTS('',3,(#2568,#2569,#2570,#2571,#2572,#2573,
#2574,#2575,#2576,#2577),.UNSPECIFIED.,.F.,.F.,(4,2,2,2,4),(3.91496024515502E-8,
0.0309778167485936,0.0618792839417454,0.092923303477594,0.123904805329244),
 .UNSPECIFIED.);
#118=B_SPLINE_CURVE_WITH_KNOTS('',3,(#2581,#2582,#2583,#2584,#2585,#2586,
#2587,#2588,#2589,#2590,#2591,#2592),.UNSPECIFIED.,.F.,.F.,(4,2,2,2,2,4),
(0.,0.0199461406453488,0.039903741466107,0.0783701421212158,0.122603746105303,
0.175469589862693),.UNSPECIFIED.);
#119=B_SPLINE_CURVE_WITH_KNOTS('',3,(#2594,#2595,#2596,#2597,#2598,#2599),
 .UNSPECIFIED.,.F.,.F.,(4,2,4),(0.,1.30756038675939,2.76015470293047),
 .UNSPECIFIED.);
#120=B_SPLINE_CURVE_WITH_KNOTS('',3,(#2601,#2602,#2603,#2604,#2605,#2606,
#2607,#2608,#2609,#2610,#2611,#2612),.UNSPECIFIED.,.F.,.F.,(4,2,2,2,2,4),
(-0.145982435957882,-0.108695743261539,-0.0736644068768845,-0.0389860717001024,
-0.0196305179949348,0.),.UNSPECIFIED.);
#121=B_SPLINE_CURVE_WITH_KNOTS('',3,(#2616,#2617,#2618,#2619,#2620,#2621,
#2622,#2623,#2624,#2625,#2626,#2627),.UNSPECIFIED.,.F.,.F.,(4,2,2,2,2,4),
(-0.294817836748422,-0.237155611345713,-0.178166713351775,-0.0983726391459505,
-0.0449103139496662,-7.37310767995325E-11),.UNSPECIFIED.);
#122=B_SPLINE_CURVE_WITH_KNOTS('',3,(#2628,#2629,#2630,#2631,#2632,#2633),
 .UNSPECIFIED.,.F.,.F.,(4,2,4),(1.00448103701467E-6,1.44276597465819,3.04742102425574),
 .UNSPECIFIED.);
#123=B_SPLINE_CURVE_WITH_KNOTS('',3,(#2654,#2655,#2656,#2657),
 .UNSPECIFIED.,.F.,.F.,(4,4),(0.,2.02778549073872),.UNSPECIFIED.);
#124=B_SPLINE_CURVE_WITH_KNOTS('',3,(#2678,#2679,#2680,#2681,#2682,#2683,
#2684,#2685,#2686,#2687,#2688,#2689,#2690,#2691,#2692,#2693,#2694,#2695,
#2696),.UNSPECIFIED.,.F.,.F.,(4,3,3,3,3,3,4),(-2.04426424984386,-1.71686596787295,
-1.38890127127321,-1.04551064123588,-0.714409419506583,-0.364874085315235,
-0.0153387511238875),.UNSPECIFIED.);
#125=B_SPLINE_CURVE_WITH_KNOTS('',3,(#2717,#2718,#2719,#2720),
 .UNSPECIFIED.,.F.,.F.,(4,4),(6.86691379378018E-16,2.02914450861524),
 .UNSPECIFIED.);
#126=B_SPLINE_CURVE_WITH_KNOTS('',3,(#2721,#2722,#2723,#2724),
 .UNSPECIFIED.,.F.,.F.,(4,4),(-2.04588404913002,-0.017008663250261),
 .UNSPECIFIED.);
#127=B_SPLINE_CURVE_WITH_KNOTS('',3,(#2745,#2746,#2747,#2748),
 .UNSPECIFIED.,.F.,.F.,(4,4),(-0.00945202804778729,2.21332105407966),
 .UNSPECIFIED.);
#128=B_SPLINE_CURVE_WITH_KNOTS('',3,(#2769,#2770,#2771,#2772),
 .UNSPECIFIED.,.F.,.F.,(4,4),(-2.23876868160266,2.18575157971477E-16),
 .UNSPECIFIED.);
#129=B_SPLINE_CURVE_WITH_KNOTS('',3,(#2789,#2790,#2791,#2792),
 .UNSPECIFIED.,.F.,.F.,(4,4),(-0.0736793953759939,2.1678561159719),
 .UNSPECIFIED.);
#130=B_SPLINE_CURVE_WITH_KNOTS('',3,(#2817,#2818,#2819,#2820),
 .UNSPECIFIED.,.F.,.F.,(4,4),(-2.23612930449704,-7.86513622781527E-9),
 .UNSPECIFIED.);
#131=B_SPLINE_CURVE_WITH_KNOTS('',3,(#2841,#2842,#2843,#2844),
 .UNSPECIFIED.,.F.,.F.,(4,4),(-2.23876868151077,-8.67361737946432E-17),
 .UNSPECIFIED.);
#132=B_SPLINE_CURVE_WITH_KNOTS('',3,(#2845,#2846,#2847,#2848),
 .UNSPECIFIED.,.F.,.F.,(4,4),(-0.00945202804962823,2.21332105407966),
 .UNSPECIFIED.);
#133=B_SPLINE_CURVE_WITH_KNOTS('',3,(#2869,#2870,#2871,#2872),
 .UNSPECIFIED.,.F.,.F.,(4,4),(1.80343190543722E-16,2.02914450861588),
 .UNSPECIFIED.);
#134=B_SPLINE_CURVE_WITH_KNOTS('',3,(#2897,#2898,#2899,#2900),
 .UNSPECIFIED.,.F.,.F.,(4,4),(-2.23612930449704,-7.86513622781527E-9),
 .UNSPECIFIED.);
#135=B_SPLINE_CURVE_WITH_KNOTS('',3,(#2901,#2902,#2903,#2904),
 .UNSPECIFIED.,.F.,.F.,(4,4),(-0.0736793953759939,2.1678561159719),
 .UNSPECIFIED.);
#136=B_SPLINE_CURVE_WITH_KNOTS('',3,(#2921,#2922,#2923,#2924),
 .UNSPECIFIED.,.F.,.F.,(4,4),(-2.23876868160266,2.18575157971477E-16),
 .UNSPECIFIED.);
#137=B_SPLINE_CURVE_WITH_KNOTS('',3,(#2945,#2946,#2947,#2948),
 .UNSPECIFIED.,.F.,.F.,(4,4),(-0.00945202804778729,2.21332105407966),
 .UNSPECIFIED.);
#138=B_SPLINE_CURVE_WITH_KNOTS('',3,(#2969,#2970,#2971,#2972),
 .UNSPECIFIED.,.F.,.F.,(4,4),(0.,2.02914450861524),.UNSPECIFIED.);
#139=B_SPLINE_CURVE_WITH_KNOTS('',3,(#2997,#2998,#2999,#3000),
 .UNSPECIFIED.,.F.,.F.,(4,4),(-2.23612930553688,-7.86450810730969E-9),
 .UNSPECIFIED.);
#140=B_SPLINE_CURVE_WITH_KNOTS('',3,(#3001,#3002,#3003,#3004),
 .UNSPECIFIED.,.F.,.F.,(4,4),(-0.0736793943728189,2.16785611597989),
 .UNSPECIFIED.);
#141=B_SPLINE_CURVE_WITH_KNOTS('',3,(#3025,#3026,#3027,#3028),
 .UNSPECIFIED.,.F.,.F.,(4,4),(-2.20227122232269E-16,2.02778549073872),
 .UNSPECIFIED.);
#142=B_SPLINE_CURVE_WITH_KNOTS('',3,(#3049,#3050,#3051,#3052),
 .UNSPECIFIED.,.F.,.F.,(4,4),(-5.55111512312578E-17,2.02778549073872),
 .UNSPECIFIED.);
#143=B_SPLINE_CURVE_WITH_KNOTS('',3,(#3053,#3054,#3055,#3056,#3057,#3058,
#3059,#3060,#3061,#3062,#3063,#3064,#3065,#3066,#3067,#3068,#3069,#3070,
#3071),.UNSPECIFIED.,.F.,.F.,(4,3,3,3,3,3,4),(-2.04426424984386,-1.71686596787307,
-1.38890127127371,-1.04551064123625,-0.71440941950681,-0.364874085315349,
-0.0153387511238879),.UNSPECIFIED.);
#144=B_SPLINE_CURVE_WITH_KNOTS('',3,(#3112,#3113,#3114,#3115),
 .UNSPECIFIED.,.F.,.F.,(4,4),(-2.04588404910243,-0.0170086632502685),
 .UNSPECIFIED.);
#145=B_SPLINE_CURVE_WITH_KNOTS('',3,(#3136,#3137,#3138,#3139,#3140,#3141,
#3142,#3143,#3144,#3145,#3146,#3147,#3148,#3149,#3150,#3151,#3152,#3153,
#3154),.UNSPECIFIED.,.F.,.F.,(4,3,3,3,3,3,4),(-2.04426424984386,-1.71686596787303,
-1.38890127127367,-1.04551064123623,-0.714409419506618,-0.364874085315253,
-0.0153387511238874),.UNSPECIFIED.);
#146=B_SPLINE_CURVE_WITH_KNOTS('',3,(#3175,#3176,#3177,#3178),
 .UNSPECIFIED.,.F.,.F.,(4,4),(-2.04588404913002,-0.0170086632502597),
 .UNSPECIFIED.);
#147=B_SPLINE_CURVE_WITH_KNOTS('',3,(#3199,#3200,#3201,#3202),
 .UNSPECIFIED.,.F.,.F.,(4,4),(-1.66533453693773E-16,2.02778549073872),
 .UNSPECIFIED.);
#148=B_SPLINE_CURVE_WITH_KNOTS('',3,(#3203,#3204,#3205,#3206,#3207,#3208,
#3209,#3210,#3211,#3212,#3213,#3214,#3215,#3216,#3217,#3218,#3219,#3220,
#3221),.UNSPECIFIED.,.F.,.F.,(4,3,3,3,3,3,4),(-2.04426424984386,-1.71686596787314,
-1.38890127127406,-1.04551064123651,-0.714409419507041,-0.364874085315464,
-0.0153387511238879),.UNSPECIFIED.);
#149=B_SPLINE_CURVE_WITH_KNOTS('',3,(#3262,#3263,#3264,#3265),
 .UNSPECIFIED.,.F.,.F.,(4,4),(5.75941280746967E-16,2.02914450898369),
 .UNSPECIFIED.);
#150=B_SPLINE_CURVE_WITH_KNOTS('',3,(#3266,#3267,#3268,#3269),
 .UNSPECIFIED.,.F.,.F.,(4,4),(-2.04588404910243,-0.0170086632502684),
 .UNSPECIFIED.);
#151=B_SPLINE_CURVE_WITH_KNOTS('',3,(#3290,#3291,#3292,#3293),
 .UNSPECIFIED.,.F.,.F.,(4,4),(-0.00945202804962833,2.21332105407966),
 .UNSPECIFIED.);
#152=B_SPLINE_CURVE_WITH_KNOTS('',3,(#3314,#3315,#3316,#3317),
 .UNSPECIFIED.,.F.,.F.,(4,4),(-1.11022302462516E-16,2.02778549073872),
 .UNSPECIFIED.);
#153=B_SPLINE_CURVE_WITH_KNOTS('',3,(#3318,#3319,#3320,#3321,#3322,#3323,
#3324,#3325,#3326,#3327,#3328,#3329,#3330,#3331,#3332,#3333,#3334,#3335,
#3336),.UNSPECIFIED.,.F.,.F.,(4,3,3,3,3,3,4),(-2.04426424984386,-1.71686596787294,
-1.38890127127314,-1.04551064123583,-0.714409419505787,-0.364874085314837,
-0.0153387511238875),.UNSPECIFIED.);
#154=B_SPLINE_CURVE_WITH_KNOTS('',3,(#3357,#3358,#3359,#3360),
 .UNSPECIFIED.,.F.,.F.,(4,4),(-2.23612930553688,-7.86450796586567E-9),
 .UNSPECIFIED.);
#155=B_SPLINE_CURVE_WITH_KNOTS('',3,(#3381,#3382,#3383,#3384),
 .UNSPECIFIED.,.F.,.F.,(4,4),(-2.23876868151077,3.26128013467858E-16),
 .UNSPECIFIED.);
#156=B_SPLINE_CURVE_WITH_KNOTS('',3,(#3401,#3402,#3403,#3404),
 .UNSPECIFIED.,.F.,.F.,(4,4),(-0.073679394372819,2.16785611597989),
 .UNSPECIFIED.);
#157=B_SPLINE_CURVE_WITH_KNOTS('',3,(#3449,#3450,#3451,#3452),
 .UNSPECIFIED.,.F.,.F.,(4,4),(-2.23876868160266,1.9428902930798E-16),
 .UNSPECIFIED.);
#158=B_SPLINE_CURVE_WITH_KNOTS('',3,(#3453,#3454,#3455,#3456),
 .UNSPECIFIED.,.F.,.F.,(4,4),(-0.00945202804778731,2.21332105407966),
 .UNSPECIFIED.);
#159=B_SPLINE_CURVE_WITH_KNOTS('',3,(#3477,#3478,#3479,#3480),
 .UNSPECIFIED.,.F.,.F.,(4,4),(-4.85748746718839E-17,2.02914450861524),
 .UNSPECIFIED.);
#160=B_SPLINE_CURVE_WITH_KNOTS('',3,(#3501,#3502,#3503,#3504),
 .UNSPECIFIED.,.F.,.F.,(4,4),(-2.04588404913002,-0.0170086632502597),
 .UNSPECIFIED.);
#161=B_SPLINE_CURVE_WITH_KNOTS('',3,(#3525,#3526,#3527,#3528),
 .UNSPECIFIED.,.F.,.F.,(4,4),(0.,2.02914450898369),.UNSPECIFIED.);
#162=B_SPLINE_CURVE_WITH_KNOTS('',3,(#3529,#3530,#3531,#3532),
 .UNSPECIFIED.,.F.,.F.,(4,4),(-2.04588404910243,-0.0170086632502687),
 .UNSPECIFIED.);
#163=B_SPLINE_CURVE_WITH_KNOTS('',3,(#3553,#3554,#3555,#3556),
 .UNSPECIFIED.,.F.,.F.,(4,4),(-0.0094520280496284,2.21332105407966),
 .UNSPECIFIED.);
#164=B_SPLINE_CURVE_WITH_KNOTS('',3,(#3577,#3578,#3579,#3580),
 .UNSPECIFIED.,.F.,.F.,(4,4),(-1.66533453693773E-16,2.02778549073871),
 .UNSPECIFIED.);
#165=B_SPLINE_CURVE_WITH_KNOTS('',3,(#3581,#3582,#3583,#3584,#3585,#3586,
#3587,#3588,#3589,#3590,#3591,#3592,#3593,#3594,#3595,#3596,#3597,#3598,
#3599),.UNSPECIFIED.,.F.,.F.,(4,3,3,3,3,3,4),(-2.04426424984275,-1.71686596784411,
-1.38890127121633,-1.04551064119322,-0.714409419436,-0.364874085279944,
-0.0153387511238878),.UNSPECIFIED.);
#166=B_SPLINE_CURVE_WITH_KNOTS('',3,(#3620,#3621,#3622,#3623),
 .UNSPECIFIED.,.F.,.F.,(4,4),(-2.23612930449704,-7.86513588286781E-9),
 .UNSPECIFIED.);
#167=B_SPLINE_CURVE_WITH_KNOTS('',3,(#3644,#3645,#3646,#3647),
 .UNSPECIFIED.,.F.,.F.,(4,4),(-2.22044604925031E-16,2.02778549073872),
 .UNSPECIFIED.);
#168=B_SPLINE_CURVE_WITH_KNOTS('',3,(#3648,#3649,#3650,#3651,#3652,#3653,
#3654,#3655,#3656,#3657,#3658,#3659,#3660,#3661,#3662,#3663,#3664,#3665,
#3666),.UNSPECIFIED.,.F.,.F.,(4,3,3,3,3,3,4),(-2.04426424984385,-1.71686596787305,
-1.38890127127376,-1.04551064123629,-0.714409419506784,-0.364874085315336,
-0.0153387511238874),.UNSPECIFIED.);
#169=B_SPLINE_CURVE_WITH_KNOTS('',3,(#3687,#3688,#3689,#3690),
 .UNSPECIFIED.,.F.,.F.,(4,4),(-2.23612930553688,-7.86450737733708E-9),
 .UNSPECIFIED.);
#170=B_SPLINE_CURVE_WITH_KNOTS('',3,(#3711,#3712,#3713,#3714),
 .UNSPECIFIED.,.F.,.F.,(4,4),(-0.0167395401474962,2.01213584573228),
 .UNSPECIFIED.);
#171=B_SPLINE_CURVE_WITH_KNOTS('',3,(#3715,#3716,#3717,#3718),
 .UNSPECIFIED.,.F.,.F.,(4,4),(-2.02914450898254,5.23605987174037E-13),
 .UNSPECIFIED.);
#172=B_SPLINE_CURVE_WITH_KNOTS('',3,(#3744,#3745,#3746,#3747),
 .UNSPECIFIED.,.F.,.F.,(4,4),(-2.23612930449704,-7.86513620000859E-9),
 .UNSPECIFIED.);
#173=B_SPLINE_CURVE_WITH_KNOTS('',3,(#3748,#3749,#3750,#3751),
 .UNSPECIFIED.,.F.,.F.,(4,4),(-0.0736793953759938,2.1678561159719),
 .UNSPECIFIED.);
#174=B_SPLINE_CURVE_WITH_KNOTS('',3,(#3792,#3793,#3794,#3795),
 .UNSPECIFIED.,.F.,.F.,(4,4),(-2.23876868160266,3.46944695192821E-18),
 .UNSPECIFIED.);
#175=B_SPLINE_CURVE_WITH_KNOTS('',3,(#3796,#3797,#3798,#3799),
 .UNSPECIFIED.,.F.,.F.,(4,4),(-0.00945202804778741,2.21332105407966),
 .UNSPECIFIED.);
#176=B_SPLINE_CURVE_WITH_KNOTS('',3,(#3844,#3845,#3846,#3847),
 .UNSPECIFIED.,.F.,.F.,(4,4),(-0.0736793953759934,2.1678561159719),
 .UNSPECIFIED.);
#177=B_SPLINE_CURVE_WITH_KNOTS('',3,(#3868,#3869,#3870,#3871),
 .UNSPECIFIED.,.F.,.F.,(4,4),(-2.23876868151077,1.70002900637501E-16),
 .UNSPECIFIED.);
#178=B_SPLINE_CURVE_WITH_KNOTS('',3,(#3888,#3889,#3890,#3891),
 .UNSPECIFIED.,.F.,.F.,(4,4),(-0.0736793943728191,2.16785611597989),
 .UNSPECIFIED.);
#179=B_SPLINE_SURFACE_WITH_KNOTS('',3,3,((#1376,#1377,#1378,#1379),(#1380,
#1381,#1382,#1383),(#1384,#1385,#1386,#1387),(#1388,#1389,#1390,#1391),
(#1392,#1393,#1394,#1395)),.UNSPECIFIED.,.F.,.F.,.F.,(4,1,4),(4,4),(0.,
0.5,1.00018415206685),(-0.0166629133242674,2.02778548858644),
 .UNSPECIFIED.);
#180=B_SPLINE_SURFACE_WITH_KNOTS('',3,3,((#1452,#1453,#1454,#1455),(#1456,
#1457,#1458,#1459),(#1460,#1461,#1462,#1463),(#1464,#1465,#1466,#1467),
(#1468,#1469,#1470,#1471)),.UNSPECIFIED.,.F.,.F.,.F.,(4,1,4),(4,4),(0.,
0.571428571428571,1.),(-2.42769679578089E-16,2.04588404917083),
 .UNSPECIFIED.);
#181=B_SPLINE_SURFACE_WITH_KNOTS('',3,3,((#1502,#1503,#1504,#1505),(#1506,
#1507,#1508,#1509),(#1510,#1511,#1512,#1513),(#1514,#1515,#1516,#1517),
(#1518,#1519,#1520,#1521)),.UNSPECIFIED.,.F.,.F.,.F.,(4,1,4),(4,4),(0.328725598203995,
0.606729192340657,0.977400651189541),(0.,1.),.UNSPECIFIED.);
#182=B_SPLINE_SURFACE_WITH_KNOTS('',3,3,((#1540,#1541,#1542,#1543),(#1544,
#1545,#1546,#1547),(#1548,#1549,#1550,#1551),(#1552,#1553,#1554,#1555),
(#1556,#1557,#1558,#1559)),.UNSPECIFIED.,.F.,.F.,.F.,(4,1,4),(4,4),(0.,
0.571428571428571,1.),(-0.0177369752116903,2.2387686816191),
 .UNSPECIFIED.);
#183=B_SPLINE_SURFACE_WITH_KNOTS('',3,3,((#1590,#1591,#1592,#1593),(#1594,
#1595,#1596,#1597),(#1598,#1599,#1600,#1601),(#1602,#1603,#1604,#1605)),
 .UNSPECIFIED.,.F.,.F.,.F.,(4,4),(4,4),(0.317008025149285,0.599576295008953),
(0.,1.),.UNSPECIFIED.);
#184=B_SPLINE_SURFACE_WITH_KNOTS('',3,3,((#2110,#2111,#2112,#2113),(#2114,
#2115,#2116,#2117),(#2118,#2119,#2120,#2121),(#2122,#2123,#2124,#2125),
(#2126,#2127,#2128,#2129),(#2130,#2131,#2132,#2133)),.UNSPECIFIED.,.F.,
 .F.,.F.,(4,1,1,4),(4,4),(0.,0.285714285714286,0.571428571428571,1.),(-0.073679395492701,
2.23612930553688),.UNSPECIFIED.);
#185=B_SPLINE_SURFACE_WITH_KNOTS('',3,3,((#2634,#2635,#2636,#2637),(#2638,
#2639,#2640,#2641),(#2642,#2643,#2644,#2645),(#2646,#2647,#2648,#2649),
(#2650,#2651,#2652,#2653)),.UNSPECIFIED.,.F.,.F.,.F.,(4,1,4),(4,4),(0.0259377300208838,
0.311096319877447,0.691307773019531),(0.,1.),.UNSPECIFIED.);
#186=B_SPLINE_SURFACE_WITH_KNOTS('',3,3,((#2658,#2659,#2660,#2661),(#2662,
#2663,#2664,#2665),(#2666,#2667,#2668,#2669),(#2670,#2671,#2672,#2673),
(#2674,#2675,#2676,#2677)),.UNSPECIFIED.,.F.,.F.,.F.,(4,1,4),(4,4),(-0.000184152042587463,
0.5,1.),(0.,2.04444840188645),.UNSPECIFIED.);
#187=B_SPLINE_SURFACE_WITH_KNOTS('',3,3,((#2697,#2698,#2699,#2700),(#2701,
#2702,#2703,#2704),(#2705,#2706,#2707,#2708),(#2709,#2710,#2711,#2712),
(#2713,#2714,#2715,#2716)),.UNSPECIFIED.,.F.,.F.,.F.,(4,1,4),(4,4),(0.,
0.571428571428571,1.),(6.86691379378018E-16,2.04588404917115),
 .UNSPECIFIED.);
#188=B_SPLINE_SURFACE_WITH_KNOTS('',3,3,((#2725,#2726,#2727,#2728),(#2729,
#2730,#2731,#2732),(#2733,#2734,#2735,#2736),(#2737,#2738,#2739,#2740),
(#2741,#2742,#2743,#2744)),.UNSPECIFIED.,.F.,.F.,.F.,(4,1,4),(4,4),(0.328725598203995,
0.606729192334827,0.977400651175937),(0.,1.),.UNSPECIFIED.);
#189=B_SPLINE_SURFACE_WITH_KNOTS('',3,3,((#2749,#2750,#2751,#2752),(#2753,
#2754,#2755,#2756),(#2757,#2758,#2759,#2760),(#2761,#2762,#2763,#2764),
(#2765,#2766,#2767,#2768)),.UNSPECIFIED.,.F.,.F.,.F.,(4,1,4),(4,4),(0.,
0.571428571428571,1.),(-0.0177369760789837,2.23876868161905),
 .UNSPECIFIED.);
#190=B_SPLINE_SURFACE_WITH_KNOTS('',3,3,((#2773,#2774,#2775,#2776),(#2777,
#2778,#2779,#2780),(#2781,#2782,#2783,#2784),(#2785,#2786,#2787,#2788)),
 .UNSPECIFIED.,.F.,.F.,.F.,(4,4),(4,4),(0.317008025149284,0.599576292904041),
(0.,1.),.UNSPECIFIED.);
#191=B_SPLINE_SURFACE_WITH_KNOTS('',3,3,((#2793,#2794,#2795,#2796),(#2797,
#2798,#2799,#2800),(#2801,#2802,#2803,#2804),(#2805,#2806,#2807,#2808),
(#2809,#2810,#2811,#2812),(#2813,#2814,#2815,#2816)),.UNSPECIFIED.,.F.,
 .F.,.F.,(4,1,1,4),(4,4),(0.,0.285714285714286,0.571428571428571,1.),(-0.0736793954930792,
2.23612930449704),.UNSPECIFIED.);
#192=B_SPLINE_SURFACE_WITH_KNOTS('',3,3,((#2821,#2822,#2823,#2824),(#2825,
#2826,#2827,#2828),(#2829,#2830,#2831,#2832),(#2833,#2834,#2835,#2836),
(#2837,#2838,#2839,#2840)),.UNSPECIFIED.,.F.,.F.,.F.,(4,1,4),(4,4),(0.,
0.571428571428571,1.),(-0.0177369752116901,2.2387686816191),
 .UNSPECIFIED.);
#193=B_SPLINE_SURFACE_WITH_KNOTS('',3,3,((#2849,#2850,#2851,#2852),(#2853,
#2854,#2855,#2856),(#2857,#2858,#2859,#2860),(#2861,#2862,#2863,#2864),
(#2865,#2866,#2867,#2868)),.UNSPECIFIED.,.F.,.F.,.F.,(4,1,4),(4,4),(0.328725598203995,
0.606729192340657,0.97740065118954),(0.,1.),.UNSPECIFIED.);
#194=B_SPLINE_SURFACE_WITH_KNOTS('',3,3,((#2873,#2874,#2875,#2876),(#2877,
#2878,#2879,#2880),(#2881,#2882,#2883,#2884),(#2885,#2886,#2887,#2888),
(#2889,#2890,#2891,#2892),(#2893,#2894,#2895,#2896)),.UNSPECIFIED.,.F.,
 .F.,.F.,(4,1,1,4),(4,4),(0.,0.285714285714286,0.571428571428571,1.),(-0.0736793954930792,
2.23612930449704),.UNSPECIFIED.);
#195=B_SPLINE_SURFACE_WITH_KNOTS('',3,3,((#2905,#2906,#2907,#2908),(#2909,
#2910,#2911,#2912),(#2913,#2914,#2915,#2916),(#2917,#2918,#2919,#2920)),
 .UNSPECIFIED.,.F.,.F.,.F.,(4,4),(4,4),(0.317008025149284,0.599576292904041),
(0.,1.),.UNSPECIFIED.);
#196=B_SPLINE_SURFACE_WITH_KNOTS('',3,3,((#2925,#2926,#2927,#2928),(#2929,
#2930,#2931,#2932),(#2933,#2934,#2935,#2936),(#2937,#2938,#2939,#2940),
(#2941,#2942,#2943,#2944)),.UNSPECIFIED.,.F.,.F.,.F.,(4,1,4),(4,4),(0.,
0.571428571428571,1.),(-0.0177369760789837,2.23876868161905),
 .UNSPECIFIED.);
#197=B_SPLINE_SURFACE_WITH_KNOTS('',3,3,((#2949,#2950,#2951,#2952),(#2953,
#2954,#2955,#2956),(#2957,#2958,#2959,#2960),(#2961,#2962,#2963,#2964),
(#2965,#2966,#2967,#2968)),.UNSPECIFIED.,.F.,.F.,.F.,(4,1,4),(4,4),(0.328725598203995,
0.699397057045105,0.977400651175937),(0.,1.),.UNSPECIFIED.);
#198=B_SPLINE_SURFACE_WITH_KNOTS('',3,3,((#2973,#2974,#2975,#2976),(#2977,
#2978,#2979,#2980),(#2981,#2982,#2983,#2984),(#2985,#2986,#2987,#2988),
(#2989,#2990,#2991,#2992),(#2993,#2994,#2995,#2996)),.UNSPECIFIED.,.F.,
 .F.,.F.,(4,1,1,4),(4,4),(0.,0.285714285714286,0.571428571428571,1.),(-0.0736793954927009,
2.23612930553688),.UNSPECIFIED.);
#199=B_SPLINE_SURFACE_WITH_KNOTS('',3,3,((#3005,#3006,#3007,#3008),(#3009,
#3010,#3011,#3012),(#3013,#3014,#3015,#3016),(#3017,#3018,#3019,#3020),
(#3021,#3022,#3023,#3024)),.UNSPECIFIED.,.F.,.F.,.F.,(4,1,4),(4,4),(0.0259377300208838,
0.406149183162968,0.69130777301953),(0.,1.),.UNSPECIFIED.);
#200=B_SPLINE_SURFACE_WITH_KNOTS('',3,3,((#3029,#3030,#3031,#3032),(#3033,
#3034,#3035,#3036),(#3037,#3038,#3039,#3040),(#3041,#3042,#3043,#3044),
(#3045,#3046,#3047,#3048)),.UNSPECIFIED.,.F.,.F.,.F.,(4,1,4),(4,4),(-0.000184152066854606,
0.5,1.),(-5.55111512312578E-17,2.04444840191072),.UNSPECIFIED.);
#201=B_SPLINE_SURFACE_WITH_KNOTS('',3,3,((#3072,#3073,#3074,#3075),(#3076,
#3077,#3078,#3079),(#3080,#3081,#3082,#3083),(#3084,#3085,#3086,#3087),
(#3088,#3089,#3090,#3091)),.UNSPECIFIED.,.F.,.F.,.F.,(4,1,4),(4,4),(0.0259377300219754,
0.31109631987807,0.691307773019531),(0.,1.),.UNSPECIFIED.);
#202=B_SPLINE_SURFACE_WITH_KNOTS('',3,3,((#3092,#3093,#3094,#3095),(#3096,
#3097,#3098,#3099),(#3100,#3101,#3102,#3103),(#3104,#3105,#3106,#3107),
(#3108,#3109,#3110,#3111)),.UNSPECIFIED.,.F.,.F.,.F.,(4,1,4),(4,4),(0.,
0.571428571428571,1.),(1.80343190543722E-16,2.04588404917082),
 .UNSPECIFIED.);
#203=B_SPLINE_SURFACE_WITH_KNOTS('',3,3,((#3116,#3117,#3118,#3119),(#3120,
#3121,#3122,#3123),(#3124,#3125,#3126,#3127),(#3128,#3129,#3130,#3131),
(#3132,#3133,#3134,#3135)),.UNSPECIFIED.,.F.,.F.,.F.,(4,1,4),(4,4),(-0.000184152042585761,
0.5,1.),(-2.20227122232269E-16,2.04444840188645),.UNSPECIFIED.);
#204=B_SPLINE_SURFACE_WITH_KNOTS('',3,3,((#3155,#3156,#3157,#3158),(#3159,
#3160,#3161,#3162),(#3163,#3164,#3165,#3166),(#3167,#3168,#3169,#3170),
(#3171,#3172,#3173,#3174)),.UNSPECIFIED.,.F.,.F.,.F.,(4,1,4),(4,4),(0.,
0.571428571428571,1.),(0.,2.04588404917115),.UNSPECIFIED.);
#205=B_SPLINE_SURFACE_WITH_KNOTS('',3,3,((#3179,#3180,#3181,#3182),(#3183,
#3184,#3185,#3186),(#3187,#3188,#3189,#3190),(#3191,#3192,#3193,#3194),
(#3195,#3196,#3197,#3198)),.UNSPECIFIED.,.F.,.F.,.F.,(4,1,4),(4,4),(-0.000184152066856464,
0.5,1.),(-1.66533453693773E-16,2.04444840191072),.UNSPECIFIED.);
#206=B_SPLINE_SURFACE_WITH_KNOTS('',3,3,((#3222,#3223,#3224,#3225),(#3226,
#3227,#3228,#3229),(#3230,#3231,#3232,#3233),(#3234,#3235,#3236,#3237),
(#3238,#3239,#3240,#3241)),.UNSPECIFIED.,.F.,.F.,.F.,(4,1,4),(4,4),(0.0259377300219754,
0.31109631987807,0.69130777301953),(0.,1.),.UNSPECIFIED.);
#207=B_SPLINE_SURFACE_WITH_KNOTS('',3,3,((#3242,#3243,#3244,#3245),(#3246,
#3247,#3248,#3249),(#3250,#3251,#3252,#3253),(#3254,#3255,#3256,#3257),
(#3258,#3259,#3260,#3261)),.UNSPECIFIED.,.F.,.F.,.F.,(4,1,4),(4,4),(0.,
0.571428571428571,1.),(5.75941280746967E-16,2.04588404917082),
 .UNSPECIFIED.);
#208=B_SPLINE_SURFACE_WITH_KNOTS('',3,3,((#3270,#3271,#3272,#3273),(#3274,
#3275,#3276,#3277),(#3278,#3279,#3280,#3281),(#3282,#3283,#3284,#3285),
(#3286,#3287,#3288,#3289)),.UNSPECIFIED.,.F.,.F.,.F.,(4,1,4),(4,4),(0.328725598203995,
0.606729192340657,0.977400651189541),(0.,1.),.UNSPECIFIED.);
#209=B_SPLINE_SURFACE_WITH_KNOTS('',3,3,((#3294,#3295,#3296,#3297),(#3298,
#3299,#3300,#3301),(#3302,#3303,#3304,#3305),(#3306,#3307,#3308,#3309),
(#3310,#3311,#3312,#3313)),.UNSPECIFIED.,.F.,.F.,.F.,(4,1,4),(4,4),(-0.000184152042583201,
0.5,1.),(-1.11022302462516E-16,2.04444840188645),.UNSPECIFIED.);
#210=B_SPLINE_SURFACE_WITH_KNOTS('',3,3,((#3337,#3338,#3339,#3340),(#3341,
#3342,#3343,#3344),(#3345,#3346,#3347,#3348),(#3349,#3350,#3351,#3352),
(#3353,#3354,#3355,#3356)),.UNSPECIFIED.,.F.,.F.,.F.,(4,1,4),(4,4),(0.0259377300208837,
0.311096319877447,0.691307773019531),(0.,1.),.UNSPECIFIED.);
#211=B_SPLINE_SURFACE_WITH_KNOTS('',3,3,((#3361,#3362,#3363,#3364),(#3365,
#3366,#3367,#3368),(#3369,#3370,#3371,#3372),(#3373,#3374,#3375,#3376),
(#3377,#3378,#3379,#3380)),.UNSPECIFIED.,.F.,.F.,.F.,(4,1,4),(4,4),(0.,
0.571428571428571,1.),(-0.0177369752116905,2.2387686816191),
 .UNSPECIFIED.);
#212=B_SPLINE_SURFACE_WITH_KNOTS('',3,3,((#3385,#3386,#3387,#3388),(#3389,
#3390,#3391,#3392),(#3393,#3394,#3395,#3396),(#3397,#3398,#3399,#3400)),
 .UNSPECIFIED.,.F.,.F.,.F.,(4,4),(4,4),(0.317008025149285,0.599576295008953),
(0.,1.),.UNSPECIFIED.);
#213=B_SPLINE_SURFACE_WITH_KNOTS('',3,3,((#3405,#3406,#3407,#3408),(#3409,
#3410,#3411,#3412),(#3413,#3414,#3415,#3416),(#3417,#3418,#3419,#3420),
(#3421,#3422,#3423,#3424),(#3425,#3426,#3427,#3428)),.UNSPECIFIED.,.F.,
 .F.,.F.,(4,1,1,4),(4,4),(0.,0.285714285714286,0.571428571428571,1.),(-0.0736793954927011,
2.23612930553688),.UNSPECIFIED.);
#214=B_SPLINE_SURFACE_WITH_KNOTS('',3,3,((#3429,#3430,#3431,#3432),(#3433,
#3434,#3435,#3436),(#3437,#3438,#3439,#3440),(#3441,#3442,#3443,#3444),
(#3445,#3446,#3447,#3448)),.UNSPECIFIED.,.F.,.F.,.F.,(4,1,4),(4,4),(0.,
0.571428571428571,1.),(-0.0177369760789838,2.23876868161905),
 .UNSPECIFIED.);
#215=B_SPLINE_SURFACE_WITH_KNOTS('',3,3,((#3457,#3458,#3459,#3460),(#3461,
#3462,#3463,#3464),(#3465,#3466,#3467,#3468),(#3469,#3470,#3471,#3472),
(#3473,#3474,#3475,#3476)),.UNSPECIFIED.,.F.,.F.,.F.,(4,1,4),(4,4),(0.328725598203995,
0.699397057045105,0.977400651175937),(0.,1.),.UNSPECIFIED.);
#216=B_SPLINE_SURFACE_WITH_KNOTS('',3,3,((#3481,#3482,#3483,#3484),(#3485,
#3486,#3487,#3488),(#3489,#3490,#3491,#3492),(#3493,#3494,#3495,#3496),
(#3497,#3498,#3499,#3500)),.UNSPECIFIED.,.F.,.F.,.F.,(4,1,4),(4,4),(0.,
0.571428571428571,1.),(-4.85748746718839E-17,2.04588404917115),
 .UNSPECIFIED.);
#217=B_SPLINE_SURFACE_WITH_KNOTS('',3,3,((#3505,#3506,#3507,#3508),(#3509,
#3510,#3511,#3512),(#3513,#3514,#3515,#3516),(#3517,#3518,#3519,#3520),
(#3521,#3522,#3523,#3524)),.UNSPECIFIED.,.F.,.F.,.F.,(4,1,4),(4,4),(0.,
0.571428571428571,1.),(0.,2.04588404917082),.UNSPECIFIED.);
#218=B_SPLINE_SURFACE_WITH_KNOTS('',3,3,((#3533,#3534,#3535,#3536),(#3537,
#3538,#3539,#3540),(#3541,#3542,#3543,#3544),(#3545,#3546,#3547,#3548),
(#3549,#3550,#3551,#3552)),.UNSPECIFIED.,.F.,.F.,.F.,(4,1,4),(4,4),(0.328725598203995,
0.606729192340657,0.97740065118954),(0.,1.),.UNSPECIFIED.);
#219=B_SPLINE_SURFACE_WITH_KNOTS('',3,3,((#3557,#3558,#3559,#3560),(#3561,
#3562,#3563,#3564),(#3565,#3566,#3567,#3568),(#3569,#3570,#3571,#3572),
(#3573,#3574,#3575,#3576)),.UNSPECIFIED.,.F.,.F.,.F.,(4,1,4),(4,4),(-0.000184152066965597,
0.5,1.),(-1.66533453693773E-16,2.04444840190972),.UNSPECIFIED.);
#220=B_SPLINE_SURFACE_WITH_KNOTS('',3,3,((#3600,#3601,#3602,#3603),(#3604,
#3605,#3606,#3607),(#3608,#3609,#3610,#3611),(#3612,#3613,#3614,#3615),
(#3616,#3617,#3618,#3619)),.UNSPECIFIED.,.F.,.F.,.F.,(4,1,4),(4,4),(0.0259377300219754,
0.31109631987807,0.691307773019531),(0.,1.),.UNSPECIFIED.);
#221=B_SPLINE_SURFACE_WITH_KNOTS('',3,3,((#3624,#3625,#3626,#3627),(#3628,
#3629,#3630,#3631),(#3632,#3633,#3634,#3635),(#3636,#3637,#3638,#3639),
(#3640,#3641,#3642,#3643)),.UNSPECIFIED.,.F.,.F.,.F.,(4,1,4),(4,4),(-0.000184152042591994,
0.5,1.),(-2.22044604925031E-16,2.04444840188645),.UNSPECIFIED.);
#222=B_SPLINE_SURFACE_WITH_KNOTS('',3,3,((#3667,#3668,#3669,#3670),(#3671,
#3672,#3673,#3674),(#3675,#3676,#3677,#3678),(#3679,#3680,#3681,#3682),
(#3683,#3684,#3685,#3686)),.UNSPECIFIED.,.F.,.F.,.F.,(4,1,4),(4,4),(0.0259377300208838,
0.406149183162968,0.691307773019531),(0.,1.),.UNSPECIFIED.);
#223=B_SPLINE_SURFACE_WITH_KNOTS('',3,3,((#3691,#3692,#3693,#3694),(#3695,
#3696,#3697,#3698),(#3699,#3700,#3701,#3702),(#3703,#3704,#3705,#3706),
(#3707,#3708,#3709,#3710)),.UNSPECIFIED.,.F.,.F.,.F.,(4,1,4),(4,4),(0.,
0.571428571428571,1.),(-0.0167395401886242,2.02914450898254),
 .UNSPECIFIED.);
#224=B_SPLINE_SURFACE_WITH_KNOTS('',3,3,((#3720,#3721,#3722,#3723),(#3724,
#3725,#3726,#3727),(#3728,#3729,#3730,#3731),(#3732,#3733,#3734,#3735),
(#3736,#3737,#3738,#3739),(#3740,#3741,#3742,#3743)),.UNSPECIFIED.,.F.,
 .F.,.F.,(4,1,1,4),(4,4),(0.,0.285714285714286,0.571428571428571,1.),(-0.073679395493079,
2.23612930449704),.UNSPECIFIED.);
#225=B_SPLINE_SURFACE_WITH_KNOTS('',3,3,((#3752,#3753,#3754,#3755),(#3756,
#3757,#3758,#3759),(#3760,#3761,#3762,#3763),(#3764,#3765,#3766,#3767),
(#3768,#3769,#3770,#3771)),.UNSPECIFIED.,.F.,.F.,.F.,(4,1,4),(4,4),(0.0259377300219755,
0.406149183163435,0.691307773019531),(0.,1.),.UNSPECIFIED.);
#226=B_SPLINE_SURFACE_WITH_KNOTS('',3,3,((#3772,#3773,#3774,#3775),(#3776,
#3777,#3778,#3779),(#3780,#3781,#3782,#3783),(#3784,#3785,#3786,#3787),
(#3788,#3789,#3790,#3791)),.UNSPECIFIED.,.F.,.F.,.F.,(4,1,4),(4,4),(0.,
0.571428571428571,1.),(-0.0177369760789837,2.23876868161905),
 .UNSPECIFIED.);
#227=B_SPLINE_SURFACE_WITH_KNOTS('',3,3,((#3800,#3801,#3802,#3803),(#3804,
#3805,#3806,#3807),(#3808,#3809,#3810,#3811),(#3812,#3813,#3814,#3815),
(#3816,#3817,#3818,#3819)),.UNSPECIFIED.,.F.,.F.,.F.,(4,1,4),(4,4),(0.328725598203995,
0.699397057045105,0.977400651175937),(0.,1.),.UNSPECIFIED.);
#228=B_SPLINE_SURFACE_WITH_KNOTS('',3,3,((#3820,#3821,#3822,#3823),(#3824,
#3825,#3826,#3827),(#3828,#3829,#3830,#3831),(#3832,#3833,#3834,#3835),
(#3836,#3837,#3838,#3839),(#3840,#3841,#3842,#3843)),.UNSPECIFIED.,.F.,
 .F.,.F.,(4,1,1,4),(4,4),(0.,0.285714285714286,0.571428571428571,1.),(-0.0736793954930789,
2.23612930449704),.UNSPECIFIED.);
#229=B_SPLINE_SURFACE_WITH_KNOTS('',3,3,((#3848,#3849,#3850,#3851),(#3852,
#3853,#3854,#3855),(#3856,#3857,#3858,#3859),(#3860,#3861,#3862,#3863),
(#3864,#3865,#3866,#3867)),.UNSPECIFIED.,.F.,.F.,.F.,(4,1,4),(4,4),(0.,
0.571428571428571,1.),(-0.0177369752116902,2.2387686816191),
 .UNSPECIFIED.);
#230=B_SPLINE_SURFACE_WITH_KNOTS('',3,3,((#3872,#3873,#3874,#3875),(#3876,
#3877,#3878,#3879),(#3880,#3881,#3882,#3883),(#3884,#3885,#3886,#3887)),
 .UNSPECIFIED.,.F.,.F.,.F.,(4,4),(4,4),(0.317008025149285,0.599576295008953),
(0.,1.),.UNSPECIFIED.);
#231=B_SPLINE_SURFACE_WITH_KNOTS('',3,3,((#3892,#3893,#3894,#3895),(#3896,
#3897,#3898,#3899),(#3900,#3901,#3902,#3903),(#3904,#3905,#3906,#3907),
(#3908,#3909,#3910,#3911),(#3912,#3913,#3914,#3915)),.UNSPECIFIED.,.F.,
 .F.,.F.,(4,1,1,4),(4,4),(0.,0.285714285714286,0.571428571428571,1.),(-0.0736793954927011,
2.23612930553688),.UNSPECIFIED.);
#232=B_SPLINE_SURFACE_WITH_KNOTS('',3,3,((#3916,#3917,#3918,#3919),(#3920,
#3921,#3922,#3923),(#3924,#3925,#3926,#3927),(#3928,#3929,#3930,#3931)),
 .UNSPECIFIED.,.F.,.F.,.F.,(4,4),(4,4),(0.317008025149283,0.599576295008955),
(0.,1.),.UNSPECIFIED.);
#233=B_SPLINE_SURFACE_WITH_KNOTS('',3,3,((#3932,#3933,#3934,#3935),(#3936,
#3937,#3938,#3939),(#3940,#3941,#3942,#3943),(#3944,#3945,#3946,#3947)),
 .UNSPECIFIED.,.F.,.F.,.F.,(4,4),(4,4),(0.317008025149284,0.599576292904044),
(0.,1.),.UNSPECIFIED.);
#234=B_SPLINE_SURFACE_WITH_KNOTS('',3,3,((#3954,#3955,#3956,#3957),(#3958,
#3959,#3960,#3961),(#3962,#3963,#3964,#3965),(#3966,#3967,#3968,#3969)),
 .UNSPECIFIED.,.F.,.F.,.F.,(4,4),(4,4),(0.317008025149285,0.599576292904041),
(0.,1.),.UNSPECIFIED.);
#235=FACE_OUTER_BOUND('',#303,.T.);
#236=FACE_OUTER_BOUND('',#304,.T.);
#237=FACE_OUTER_BOUND('',#305,.T.);
#238=FACE_OUTER_BOUND('',#306,.T.);
#239=FACE_OUTER_BOUND('',#307,.T.);
#240=FACE_OUTER_BOUND('',#308,.T.);
#241=FACE_OUTER_BOUND('',#309,.T.);
#242=FACE_OUTER_BOUND('',#310,.T.);
#243=FACE_OUTER_BOUND('',#311,.T.);
#244=FACE_OUTER_BOUND('',#313,.T.);
#245=FACE_OUTER_BOUND('',#314,.T.);
#246=FACE_OUTER_BOUND('',#316,.T.);
#247=FACE_OUTER_BOUND('',#317,.T.);
#248=FACE_OUTER_BOUND('',#318,.T.);
#249=FACE_OUTER_BOUND('',#319,.T.);
#250=FACE_OUTER_BOUND('',#320,.T.);
#251=FACE_OUTER_BOUND('',#321,.T.);
#252=FACE_OUTER_BOUND('',#322,.T.);
#253=FACE_OUTER_BOUND('',#323,.T.);
#254=FACE_OUTER_BOUND('',#324,.T.);
#255=FACE_OUTER_BOUND('',#325,.T.);
#256=FACE_OUTER_BOUND('',#326,.T.);
#257=FACE_OUTER_BOUND('',#327,.T.);
#258=FACE_OUTER_BOUND('',#328,.T.);
#259=FACE_OUTER_BOUND('',#329,.T.);
#260=FACE_OUTER_BOUND('',#330,.T.);
#261=FACE_OUTER_BOUND('',#331,.T.);
#262=FACE_OUTER_BOUND('',#332,.T.);
#263=FACE_OUTER_BOUND('',#333,.T.);
#264=FACE_OUTER_BOUND('',#334,.T.);
#265=FACE_OUTER_BOUND('',#335,.T.);
#266=FACE_OUTER_BOUND('',#336,.T.);
#267=FACE_OUTER_BOUND('',#337,.T.);
#268=FACE_OUTER_BOUND('',#338,.T.);
#269=FACE_OUTER_BOUND('',#339,.T.);
#270=FACE_OUTER_BOUND('',#340,.T.);
#271=FACE_OUTER_BOUND('',#341,.T.);
#272=FACE_OUTER_BOUND('',#342,.T.);
#273=FACE_OUTER_BOUND('',#343,.T.);
#274=FACE_OUTER_BOUND('',#344,.T.);
#275=FACE_OUTER_BOUND('',#345,.T.);
#276=FACE_OUTER_BOUND('',#346,.T.);
#277=FACE_OUTER_BOUND('',#347,.T.);
#278=FACE_OUTER_BOUND('',#348,.T.);
#279=FACE_OUTER_BOUND('',#349,.T.);
#280=FACE_OUTER_BOUND('',#350,.T.);
#281=FACE_OUTER_BOUND('',#351,.T.);
#282=FACE_OUTER_BOUND('',#352,.T.);
#283=FACE_OUTER_BOUND('',#353,.T.);
#284=FACE_OUTER_BOUND('',#354,.T.);
#285=FACE_OUTER_BOUND('',#355,.T.);
#286=FACE_OUTER_BOUND('',#356,.T.);
#287=FACE_OUTER_BOUND('',#357,.T.);
#288=FACE_OUTER_BOUND('',#358,.T.);
#289=FACE_OUTER_BOUND('',#359,.T.);
#290=FACE_OUTER_BOUND('',#360,.T.);
#291=FACE_OUTER_BOUND('',#361,.T.);
#292=FACE_OUTER_BOUND('',#362,.T.);
#293=FACE_OUTER_BOUND('',#363,.T.);
#294=FACE_OUTER_BOUND('',#364,.T.);
#295=FACE_OUTER_BOUND('',#365,.T.);
#296=FACE_OUTER_BOUND('',#366,.T.);
#297=FACE_OUTER_BOUND('',#367,.T.);
#298=FACE_OUTER_BOUND('',#368,.T.);
#299=FACE_OUTER_BOUND('',#369,.T.);
#300=FACE_OUTER_BOUND('',#370,.T.);
#301=FACE_OUTER_BOUND('',#371,.T.);
#302=FACE_OUTER_BOUND('',#372,.T.);
#303=EDGE_LOOP('',(#759,#760,#761,#762));
#304=EDGE_LOOP('',(#763,#764,#765,#766));
#305=EDGE_LOOP('',(#767,#768,#769,#770));
#306=EDGE_LOOP('',(#771,#772,#773,#774));
#307=EDGE_LOOP('',(#775,#776,#777,#778));
#308=EDGE_LOOP('',(#779,#780,#781,#782));
#309=EDGE_LOOP('',(#783,#784,#785,#786));
#310=EDGE_LOOP('',(#787,#788,#789,#790));
#311=EDGE_LOOP('',(#791,#792,#793,#794,#795,#796,#797,#798,#799,#800,#801,
#802,#803,#804,#805,#806,#807,#808,#809,#810,#811,#812,#813,#814,#815,#816,
#817,#818,#819,#820,#821,#822,#823,#824,#825,#826,#827,#828,#829,#830,#831,
#832,#833,#834,#835,#836,#837,#838,#839,#840,#841,#842,#843,#844,#845,#846,
#847,#848,#849,#850,#851,#852,#853,#854));
#312=EDGE_LOOP('',(#855,#856));
#313=EDGE_LOOP('',(#857,#858,#859,#860));
#314=EDGE_LOOP('',(#861,#862,#863,#864,#865,#866,#867,#868,#869,#870,#871,
#872,#873,#874,#875,#876,#877,#878,#879,#880,#881,#882,#883,#884,#885,#886,
#887,#888,#889,#890,#891,#892,#893,#894,#895,#896,#897,#898,#899,#900,#901,
#902,#903,#904,#905,#906,#907,#908,#909,#910,#911,#912,#913,#914,#915,#916,
#917,#918,#919,#920,#921,#922,#923,#924));
#315=EDGE_LOOP('',(#925,#926));
#316=EDGE_LOOP('',(#927,#928,#929,#930));
#317=EDGE_LOOP('',(#931,#932,#933,#934));
#318=EDGE_LOOP('',(#935,#936,#937,#938));
#319=EDGE_LOOP('',(#939,#940,#941,#942));
#320=EDGE_LOOP('',(#943,#944,#945,#946));
#321=EDGE_LOOP('',(#947,#948,#949,#950));
#322=EDGE_LOOP('',(#951,#952,#953,#954));
#323=EDGE_LOOP('',(#955,#956,#957,#958));
#324=EDGE_LOOP('',(#959,#960,#961,#962));
#325=EDGE_LOOP('',(#963,#964,#965,#966));
#326=EDGE_LOOP('',(#967,#968,#969,#970));
#327=EDGE_LOOP('',(#971,#972,#973,#974));
#328=EDGE_LOOP('',(#975,#976,#977,#978));
#329=EDGE_LOOP('',(#979,#980,#981,#982));
#330=EDGE_LOOP('',(#983,#984,#985,#986));
#331=EDGE_LOOP('',(#987,#988,#989,#990));
#332=EDGE_LOOP('',(#991,#992,#993,#994));
#333=EDGE_LOOP('',(#995,#996,#997,#998));
#334=EDGE_LOOP('',(#999,#1000,#1001,#1002));
#335=EDGE_LOOP('',(#1003,#1004,#1005,#1006));
#336=EDGE_LOOP('',(#1007,#1008,#1009,#1010));
#337=EDGE_LOOP('',(#1011,#1012,#1013,#1014));
#338=EDGE_LOOP('',(#1015,#1016,#1017,#1018));
#339=EDGE_LOOP('',(#1019,#1020,#1021,#1022));
#340=EDGE_LOOP('',(#1023,#1024,#1025,#1026));
#341=EDGE_LOOP('',(#1027,#1028,#1029,#1030));
#342=EDGE_LOOP('',(#1031,#1032,#1033,#1034));
#343=EDGE_LOOP('',(#1035,#1036,#1037,#1038));
#344=EDGE_LOOP('',(#1039,#1040,#1041,#1042));
#345=EDGE_LOOP('',(#1043,#1044,#1045,#1046));
#346=EDGE_LOOP('',(#1047,#1048,#1049,#1050));
#347=EDGE_LOOP('',(#1051,#1052,#1053,#1054));
#348=EDGE_LOOP('',(#1055,#1056,#1057,#1058));
#349=EDGE_LOOP('',(#1059,#1060,#1061,#1062));
#350=EDGE_LOOP('',(#1063,#1064,#1065,#1066));
#351=EDGE_LOOP('',(#1067,#1068,#1069,#1070));
#352=EDGE_LOOP('',(#1071,#1072,#1073,#1074));
#353=EDGE_LOOP('',(#1075,#1076,#1077,#1078));
#354=EDGE_LOOP('',(#1079,#1080,#1081,#1082));
#355=EDGE_LOOP('',(#1083,#1084,#1085,#1086));
#356=EDGE_LOOP('',(#1087,#1088,#1089,#1090));
#357=EDGE_LOOP('',(#1091,#1092,#1093,#1094));
#358=EDGE_LOOP('',(#1095,#1096,#1097,#1098));
#359=EDGE_LOOP('',(#1099,#1100,#1101,#1102));
#360=EDGE_LOOP('',(#1103,#1104,#1105,#1106));
#361=EDGE_LOOP('',(#1107,#1108,#1109,#1110));
#362=EDGE_LOOP('',(#1111,#1112,#1113,#1114));
#363=EDGE_LOOP('',(#1115,#1116,#1117,#1118));
#364=EDGE_LOOP('',(#1119,#1120,#1121,#1122));
#365=EDGE_LOOP('',(#1123,#1124,#1125,#1126));
#366=EDGE_LOOP('',(#1127,#1128,#1129,#1130));
#367=EDGE_LOOP('',(#1131,#1132,#1133,#1134));
#368=EDGE_LOOP('',(#1135,#1136,#1137,#1138));
#369=EDGE_LOOP('',(#1139,#1140,#1141,#1142));
#370=EDGE_LOOP('',(#1143,#1144,#1145,#1146));
#371=EDGE_LOOP('',(#1147,#1148,#1149,#1150));
#372=EDGE_LOOP('',(#1151,#1152,#1153,#1154));
#373=CIRCLE('',#1248,8.);
#374=CIRCLE('',#1249,8.);
#375=CIRCLE('',#1251,8.);
#376=CIRCLE('',#1252,8.);
#377=CIRCLE('',#1254,12.5);
#378=CIRCLE('',#1255,12.5);
#379=CIRCLE('',#1257,12.5);
#380=CIRCLE('',#1258,12.5);
#381=CIRCLE('',#1259,12.5);
#382=CIRCLE('',#1260,12.5);
#383=CIRCLE('',#1261,12.5);
#384=CIRCLE('',#1262,12.5);
#385=CIRCLE('',#1263,12.5);
#386=CIRCLE('',#1265,12.5);
#387=CIRCLE('',#1266,12.5);
#388=CIRCLE('',#1267,12.5);
#389=CIRCLE('',#1268,12.5);
#390=CIRCLE('',#1269,12.5);
#391=CIRCLE('',#1270,12.5);
#392=CIRCLE('',#1271,12.5);
#393=LINE('',#1367,#411);
#394=LINE('',#1371,#412);
#395=LINE('',#1607,#413);
#396=LINE('',#1613,#414);
#397=LINE('',#1636,#415);
#398=LINE('',#1704,#416);
#399=LINE('',#1772,#417);
#400=LINE('',#1840,#418);
#401=LINE('',#1908,#419);
#402=LINE('',#1976,#420);
#403=LINE('',#2044,#421);
#404=LINE('',#2206,#422);
#405=LINE('',#2274,#423);
#406=LINE('',#2342,#424);
#407=LINE('',#2410,#425);
#408=LINE('',#2478,#426);
#409=LINE('',#2546,#427);
#410=LINE('',#2614,#428);
#411=VECTOR('',#1283,10.);
#412=VECTOR('',#1286,10.);
#413=VECTOR('',#1301,0.796629836633064);
#414=VECTOR('',#1302,0.847704809579005);
#415=VECTOR('',#1305,0.796629835995929);
#416=VECTOR('',#1308,0.796629836633061);
#417=VECTOR('',#1311,0.796629835995935);
#418=VECTOR('',#1314,0.796629836633071);
#419=VECTOR('',#1317,0.796629835995923);
#420=VECTOR('',#1320,0.796629836633062);
#421=VECTOR('',#1323,0.796629835995923);
#422=VECTOR('',#1330,0.847704803264269);
#423=VECTOR('',#1333,0.847704809579014);
#424=VECTOR('',#1336,0.847704803264269);
#425=VECTOR('',#1339,0.847704809579005);
#426=VECTOR('',#1342,0.847704803264277);
#427=VECTOR('',#1345,0.847704809579005);
#428=VECTOR('',#1348,0.847704803264267);
#429=VERTEX_POINT('',#1365);
#430=VERTEX_POINT('',#1366);
#431=VERTEX_POINT('',#1368);
#432=VERTEX_POINT('',#1370);
#433=VERTEX_POINT('',#1396);
#434=VERTEX_POINT('',#1397);
#435=VERTEX_POINT('',#1408);
#436=VERTEX_POINT('',#1428);
#437=VERTEX_POINT('',#1444);
#438=VERTEX_POINT('',#1446);
#439=VERTEX_POINT('',#1472);
#440=VERTEX_POINT('',#1485);
#441=VERTEX_POINT('',#1522);
#442=VERTEX_POINT('',#1529);
#443=VERTEX_POINT('',#1560);
#444=VERTEX_POINT('',#1573);
#445=VERTEX_POINT('',#1606);
#446=VERTEX_POINT('',#1608);
#447=VERTEX_POINT('',#1615);
#448=VERTEX_POINT('',#1622);
#449=VERTEX_POINT('',#1635);
#450=VERTEX_POINT('',#1637);
#451=VERTEX_POINT('',#1650);
#452=VERTEX_POINT('',#1657);
#453=VERTEX_POINT('',#1670);
#454=VERTEX_POINT('',#1672);
#455=VERTEX_POINT('',#1683);
#456=VERTEX_POINT('',#1690);
#457=VERTEX_POINT('',#1703);
#458=VERTEX_POINT('',#1705);
#459=VERTEX_POINT('',#1718);
#460=VERTEX_POINT('',#1725);
#461=VERTEX_POINT('',#1738);
#462=VERTEX_POINT('',#1740);
#463=VERTEX_POINT('',#1751);
#464=VERTEX_POINT('',#1758);
#465=VERTEX_POINT('',#1771);
#466=VERTEX_POINT('',#1773);
#467=VERTEX_POINT('',#1786);
#468=VERTEX_POINT('',#1793);
#469=VERTEX_POINT('',#1806);
#470=VERTEX_POINT('',#1808);
#471=VERTEX_POINT('',#1819);
#472=VERTEX_POINT('',#1826);
#473=VERTEX_POINT('',#1839);
#474=VERTEX_POINT('',#1841);
#475=VERTEX_POINT('',#1854);
#476=VERTEX_POINT('',#1861);
#477=VERTEX_POINT('',#1874);
#478=VERTEX_POINT('',#1876);
#479=VERTEX_POINT('',#1887);
#480=VERTEX_POINT('',#1894);
#481=VERTEX_POINT('',#1907);
#482=VERTEX_POINT('',#1909);
#483=VERTEX_POINT('',#1922);
#484=VERTEX_POINT('',#1929);
#485=VERTEX_POINT('',#1942);
#486=VERTEX_POINT('',#1944);
#487=VERTEX_POINT('',#1955);
#488=VERTEX_POINT('',#1962);
#489=VERTEX_POINT('',#1975);
#490=VERTEX_POINT('',#1977);
#491=VERTEX_POINT('',#1990);
#492=VERTEX_POINT('',#1997);
#493=VERTEX_POINT('',#2010);
#494=VERTEX_POINT('',#2012);
#495=VERTEX_POINT('',#2023);
#496=VERTEX_POINT('',#2030);
#497=VERTEX_POINT('',#2043);
#498=VERTEX_POINT('',#2045);
#499=VERTEX_POINT('',#2058);
#500=VERTEX_POINT('',#2065);
#501=VERTEX_POINT('',#2078);
#502=VERTEX_POINT('',#2080);
#503=VERTEX_POINT('',#2091);
#504=VERTEX_POINT('',#2134);
#505=VERTEX_POINT('',#2152);
#506=VERTEX_POINT('',#2159);
#507=VERTEX_POINT('',#2170);
#508=VERTEX_POINT('',#2172);
#509=VERTEX_POINT('',#2185);
#510=VERTEX_POINT('',#2192);
#511=VERTEX_POINT('',#2205);
#512=VERTEX_POINT('',#2207);
#513=VERTEX_POINT('',#2220);
#514=VERTEX_POINT('',#2227);
#515=VERTEX_POINT('',#2238);
#516=VERTEX_POINT('',#2240);
#517=VERTEX_POINT('',#2253);
#518=VERTEX_POINT('',#2260);
#519=VERTEX_POINT('',#2273);
#520=VERTEX_POINT('',#2275);
#521=VERTEX_POINT('',#2288);
#522=VERTEX_POINT('',#2295);
#523=VERTEX_POINT('',#2306);
#524=VERTEX_POINT('',#2308);
#525=VERTEX_POINT('',#2321);
#526=VERTEX_POINT('',#2328);
#527=VERTEX_POINT('',#2341);
#528=VERTEX_POINT('',#2343);
#529=VERTEX_POINT('',#2356);
#530=VERTEX_POINT('',#2363);
#531=VERTEX_POINT('',#2374);
#532=VERTEX_POINT('',#2376);
#533=VERTEX_POINT('',#2389);
#534=VERTEX_POINT('',#2396);
#535=VERTEX_POINT('',#2409);
#536=VERTEX_POINT('',#2411);
#537=VERTEX_POINT('',#2424);
#538=VERTEX_POINT('',#2431);
#539=VERTEX_POINT('',#2442);
#540=VERTEX_POINT('',#2444);
#541=VERTEX_POINT('',#2457);
#542=VERTEX_POINT('',#2464);
#543=VERTEX_POINT('',#2477);
#544=VERTEX_POINT('',#2479);
#545=VERTEX_POINT('',#2492);
#546=VERTEX_POINT('',#2499);
#547=VERTEX_POINT('',#2510);
#548=VERTEX_POINT('',#2512);
#549=VERTEX_POINT('',#2525);
#550=VERTEX_POINT('',#2532);
#551=VERTEX_POINT('',#2545);
#552=VERTEX_POINT('',#2547);
#553=VERTEX_POINT('',#2560);
#554=VERTEX_POINT('',#2567);
#555=VERTEX_POINT('',#2578);
#556=VERTEX_POINT('',#2580);
#557=VERTEX_POINT('',#2593);
#558=VERTEX_POINT('',#2600);
#559=VERTEX_POINT('',#2613);
#560=VERTEX_POINT('',#2615);
#561=EDGE_CURVE('',#429,#430,#393,.T.);
#562=EDGE_CURVE('',#431,#429,#373,.T.);
#563=EDGE_CURVE('',#432,#431,#394,.T.);
#564=EDGE_CURVE('',#430,#432,#374,.T.);
#565=EDGE_CURVE('',#432,#430,#375,.T.);
#566=EDGE_CURVE('',#429,#431,#376,.T.);
#567=EDGE_CURVE('',#433,#434,#19,.T.);
#568=EDGE_CURVE('',#434,#435,#20,.T.);
#569=EDGE_CURVE('',#435,#436,#21,.T.);
#570=EDGE_CURVE('',#436,#433,#22,.T.);
#571=EDGE_CURVE('',#437,#434,#377,.T.);
#572=EDGE_CURVE('',#438,#437,#23,.T.);
#573=EDGE_CURVE('',#438,#435,#378,.T.);
#574=EDGE_CURVE('',#437,#439,#24,.T.);
#575=EDGE_CURVE('',#439,#440,#25,.T.);
#576=EDGE_CURVE('',#440,#438,#26,.T.);
#577=EDGE_CURVE('',#439,#441,#27,.T.);
#578=EDGE_CURVE('',#442,#441,#28,.T.);
#579=EDGE_CURVE('',#440,#442,#29,.T.);
#580=EDGE_CURVE('',#441,#443,#30,.T.);
#581=EDGE_CURVE('',#443,#444,#31,.T.);
#582=EDGE_CURVE('',#444,#442,#32,.T.);
#583=EDGE_CURVE('',#443,#445,#395,.T.);
#584=EDGE_CURVE('',#446,#445,#33,.T.);
#585=EDGE_CURVE('',#444,#446,#396,.T.);
#586=EDGE_CURVE('',#447,#433,#34,.T.);
#587=EDGE_CURVE('',#448,#447,#35,.T.);
#588=EDGE_CURVE('',#449,#448,#397,.T.);
#589=EDGE_CURVE('',#450,#449,#36,.T.);
#590=EDGE_CURVE('',#451,#450,#37,.T.);
#591=EDGE_CURVE('',#452,#451,#38,.T.);
#592=EDGE_CURVE('',#452,#453,#379,.T.);
#593=EDGE_CURVE('',#454,#453,#39,.T.);
#594=EDGE_CURVE('',#455,#454,#40,.T.);
#595=EDGE_CURVE('',#456,#455,#41,.T.);
#596=EDGE_CURVE('',#457,#456,#398,.T.);
#597=EDGE_CURVE('',#458,#457,#42,.T.);
#598=EDGE_CURVE('',#459,#458,#43,.T.);
#599=EDGE_CURVE('',#460,#459,#44,.T.);
#600=EDGE_CURVE('',#460,#461,#380,.T.);
#601=EDGE_CURVE('',#462,#461,#45,.T.);
#602=EDGE_CURVE('',#463,#462,#46,.T.);
#603=EDGE_CURVE('',#464,#463,#47,.T.);
#604=EDGE_CURVE('',#465,#464,#399,.T.);
#605=EDGE_CURVE('',#466,#465,#48,.T.);
#606=EDGE_CURVE('',#467,#466,#49,.T.);
#607=EDGE_CURVE('',#468,#467,#50,.T.);
#608=EDGE_CURVE('',#468,#469,#381,.T.);
#609=EDGE_CURVE('',#470,#469,#51,.T.);
#610=EDGE_CURVE('',#471,#470,#52,.T.);
#611=EDGE_CURVE('',#472,#471,#53,.T.);
#612=EDGE_CURVE('',#473,#472,#400,.T.);
#613=EDGE_CURVE('',#474,#473,#54,.T.);
#614=EDGE_CURVE('',#475,#474,#55,.T.);
#615=EDGE_CURVE('',#476,#475,#56,.T.);
#616=EDGE_CURVE('',#476,#477,#382,.T.);
#617=EDGE_CURVE('',#478,#477,#57,.T.);
#618=EDGE_CURVE('',#479,#478,#58,.T.);
#619=EDGE_CURVE('',#480,#479,#59,.T.);
#620=EDGE_CURVE('',#481,#480,#401,.T.);
#621=EDGE_CURVE('',#482,#481,#60,.T.);
#622=EDGE_CURVE('',#483,#482,#61,.T.);
#623=EDGE_CURVE('',#484,#483,#62,.T.);
#624=EDGE_CURVE('',#484,#485,#383,.T.);
#625=EDGE_CURVE('',#486,#485,#63,.T.);
#626=EDGE_CURVE('',#487,#486,#64,.T.);
#627=EDGE_CURVE('',#488,#487,#65,.T.);
#628=EDGE_CURVE('',#489,#488,#402,.T.);
#629=EDGE_CURVE('',#490,#489,#66,.T.);
#630=EDGE_CURVE('',#491,#490,#67,.T.);
#631=EDGE_CURVE('',#492,#491,#68,.T.);
#632=EDGE_CURVE('',#492,#493,#384,.T.);
#633=EDGE_CURVE('',#494,#493,#69,.T.);
#634=EDGE_CURVE('',#495,#494,#70,.T.);
#635=EDGE_CURVE('',#496,#495,#71,.T.);
#636=EDGE_CURVE('',#497,#496,#403,.T.);
#637=EDGE_CURVE('',#498,#497,#72,.T.);
#638=EDGE_CURVE('',#499,#498,#73,.T.);
#639=EDGE_CURVE('',#500,#499,#74,.T.);
#640=EDGE_CURVE('',#500,#501,#385,.T.);
#641=EDGE_CURVE('',#502,#501,#75,.T.);
#642=EDGE_CURVE('',#503,#502,#76,.T.);
#643=EDGE_CURVE('',#445,#503,#77,.T.);
#644=EDGE_CURVE('',#503,#504,#78,.T.);
#645=EDGE_CURVE('',#504,#446,#79,.T.);
#646=EDGE_CURVE('',#504,#505,#80,.T.);
#647=EDGE_CURVE('',#506,#505,#81,.T.);
#648=EDGE_CURVE('',#507,#506,#386,.T.);
#649=EDGE_CURVE('',#508,#507,#82,.T.);
#650=EDGE_CURVE('',#508,#509,#83,.T.);
#651=EDGE_CURVE('',#510,#509,#84,.T.);
#652=EDGE_CURVE('',#510,#511,#404,.T.);
#653=EDGE_CURVE('',#512,#511,#85,.T.);
#654=EDGE_CURVE('',#512,#513,#86,.T.);
#655=EDGE_CURVE('',#514,#513,#87,.T.);
#656=EDGE_CURVE('',#515,#514,#387,.T.);
#657=EDGE_CURVE('',#516,#515,#88,.T.);
#658=EDGE_CURVE('',#516,#517,#89,.T.);
#659=EDGE_CURVE('',#518,#517,#90,.T.);
#660=EDGE_CURVE('',#518,#519,#405,.T.);
#661=EDGE_CURVE('',#520,#519,#91,.T.);
#662=EDGE_CURVE('',#520,#521,#92,.T.);
#663=EDGE_CURVE('',#522,#521,#93,.T.);
#664=EDGE_CURVE('',#523,#522,#388,.T.);
#665=EDGE_CURVE('',#524,#523,#94,.T.);
#666=EDGE_CURVE('',#524,#525,#95,.T.);
#667=EDGE_CURVE('',#526,#525,#96,.T.);
#668=EDGE_CURVE('',#526,#527,#406,.T.);
#669=EDGE_CURVE('',#528,#527,#97,.T.);
#670=EDGE_CURVE('',#528,#529,#98,.T.);
#671=EDGE_CURVE('',#530,#529,#99,.T.);
#672=EDGE_CURVE('',#531,#530,#389,.T.);
#673=EDGE_CURVE('',#532,#531,#100,.T.);
#674=EDGE_CURVE('',#532,#533,#101,.T.);
#675=EDGE_CURVE('',#534,#533,#102,.T.);
#676=EDGE_CURVE('',#534,#535,#407,.T.);
#677=EDGE_CURVE('',#536,#535,#103,.T.);
#678=EDGE_CURVE('',#536,#537,#104,.T.);
#679=EDGE_CURVE('',#538,#537,#105,.T.);
#680=EDGE_CURVE('',#539,#538,#390,.T.);
#681=EDGE_CURVE('',#540,#539,#106,.T.);
#682=EDGE_CURVE('',#540,#541,#107,.T.);
#683=EDGE_CURVE('',#542,#541,#108,.T.);
#684=EDGE_CURVE('',#542,#543,#408,.T.);
#685=EDGE_CURVE('',#544,#543,#109,.T.);
#686=EDGE_CURVE('',#544,#545,#110,.T.);
#687=EDGE_CURVE('',#546,#545,#111,.T.);
#688=EDGE_CURVE('',#547,#546,#391,.T.);
#689=EDGE_CURVE('',#548,#547,#112,.T.);
#690=EDGE_CURVE('',#548,#549,#113,.T.);
#691=EDGE_CURVE('',#550,#549,#114,.T.);
#692=EDGE_CURVE('',#550,#551,#409,.T.);
#693=EDGE_CURVE('',#552,#551,#115,.T.);
#694=EDGE_CURVE('',#552,#553,#116,.T.);
#695=EDGE_CURVE('',#554,#553,#117,.T.);
#696=EDGE_CURVE('',#555,#554,#392,.T.);
#697=EDGE_CURVE('',#556,#555,#118,.T.);
#698=EDGE_CURVE('',#556,#557,#119,.T.);
#699=EDGE_CURVE('',#558,#557,#120,.T.);
#700=EDGE_CURVE('',#558,#559,#410,.T.);
#701=EDGE_CURVE('',#560,#559,#121,.T.);
#702=EDGE_CURVE('',#560,#436,#122,.T.);
#703=EDGE_CURVE('',#505,#502,#123,.T.);
#704=EDGE_CURVE('',#501,#506,#124,.T.);
#705=EDGE_CURVE('',#499,#508,#125,.T.);
#706=EDGE_CURVE('',#507,#500,#126,.T.);
#707=EDGE_CURVE('',#509,#498,#127,.T.);
#708=EDGE_CURVE('',#497,#510,#128,.T.);
#709=EDGE_CURVE('',#511,#496,#129,.T.);
#710=EDGE_CURVE('',#495,#512,#130,.T.);
#711=EDGE_CURVE('',#489,#518,#131,.T.);
#712=EDGE_CURVE('',#517,#490,#132,.T.);
#713=EDGE_CURVE('',#491,#516,#133,.T.);
#714=EDGE_CURVE('',#479,#528,#134,.T.);
#715=EDGE_CURVE('',#527,#480,#135,.T.);
#716=EDGE_CURVE('',#481,#526,#136,.T.);
#717=EDGE_CURVE('',#525,#482,#137,.T.);
#718=EDGE_CURVE('',#483,#524,#138,.T.);
#719=EDGE_CURVE('',#487,#520,#139,.T.);
#720=EDGE_CURVE('',#519,#488,#140,.T.);
#721=EDGE_CURVE('',#521,#486,#141,.T.);
#722=EDGE_CURVE('',#513,#494,#142,.T.);
#723=EDGE_CURVE('',#493,#514,#143,.T.);
#724=EDGE_CURVE('',#515,#492,#144,.T.);
#725=EDGE_CURVE('',#485,#522,#145,.T.);
#726=EDGE_CURVE('',#523,#484,#146,.T.);
#727=EDGE_CURVE('',#529,#478,#147,.T.);
#728=EDGE_CURVE('',#477,#530,#148,.T.);
#729=EDGE_CURVE('',#475,#532,#149,.T.);
#730=EDGE_CURVE('',#531,#476,#150,.T.);
#731=EDGE_CURVE('',#533,#474,#151,.T.);
#732=EDGE_CURVE('',#537,#470,#152,.T.);
#733=EDGE_CURVE('',#469,#538,#153,.T.);
#734=EDGE_CURVE('',#471,#536,#154,.T.);
#735=EDGE_CURVE('',#473,#534,#155,.T.);
#736=EDGE_CURVE('',#535,#472,#156,.T.);
#737=EDGE_CURVE('',#465,#542,#157,.T.);
#738=EDGE_CURVE('',#541,#466,#158,.T.);
#739=EDGE_CURVE('',#467,#540,#159,.T.);
#740=EDGE_CURVE('',#539,#468,#160,.T.);
#741=EDGE_CURVE('',#459,#548,#161,.T.);
#742=EDGE_CURVE('',#547,#460,#162,.T.);
#743=EDGE_CURVE('',#549,#458,#163,.T.);
#744=EDGE_CURVE('',#545,#462,#164,.T.);
#745=EDGE_CURVE('',#461,#546,#165,.T.);
#746=EDGE_CURVE('',#463,#544,#166,.T.);
#747=EDGE_CURVE('',#553,#454,#167,.T.);
#748=EDGE_CURVE('',#453,#554,#168,.T.);
#749=EDGE_CURVE('',#455,#552,#169,.T.);
#750=EDGE_CURVE('',#555,#452,#170,.T.);
#751=EDGE_CURVE('',#451,#556,#171,.T.);
#752=EDGE_CURVE('',#447,#560,#172,.T.);
#753=EDGE_CURVE('',#559,#448,#173,.T.);
#754=EDGE_CURVE('',#449,#558,#174,.T.);
#755=EDGE_CURVE('',#557,#450,#175,.T.);
#756=EDGE_CURVE('',#543,#464,#176,.T.);
#757=EDGE_CURVE('',#457,#550,#177,.T.);
#758=EDGE_CURVE('',#551,#456,#178,.T.);
#759=ORIENTED_EDGE('',*,*,#561,.F.);
#760=ORIENTED_EDGE('',*,*,#562,.F.);
#761=ORIENTED_EDGE('',*,*,#563,.F.);
#762=ORIENTED_EDGE('',*,*,#564,.F.);
#763=ORIENTED_EDGE('',*,*,#561,.T.);
#764=ORIENTED_EDGE('',*,*,#565,.F.);
#765=ORIENTED_EDGE('',*,*,#563,.T.);
#766=ORIENTED_EDGE('',*,*,#566,.F.);
#767=ORIENTED_EDGE('',*,*,#567,.T.);
#768=ORIENTED_EDGE('',*,*,#568,.T.);
#769=ORIENTED_EDGE('',*,*,#569,.T.);
#770=ORIENTED_EDGE('',*,*,#570,.T.);
#771=ORIENTED_EDGE('',*,*,#568,.F.);
#772=ORIENTED_EDGE('',*,*,#571,.F.);
#773=ORIENTED_EDGE('',*,*,#572,.F.);
#774=ORIENTED_EDGE('',*,*,#573,.T.);
#775=ORIENTED_EDGE('',*,*,#574,.T.);
#776=ORIENTED_EDGE('',*,*,#575,.T.);
#777=ORIENTED_EDGE('',*,*,#576,.T.);
#778=ORIENTED_EDGE('',*,*,#572,.T.);
#779=ORIENTED_EDGE('',*,*,#575,.F.);
#780=ORIENTED_EDGE('',*,*,#577,.T.);
#781=ORIENTED_EDGE('',*,*,#578,.F.);
#782=ORIENTED_EDGE('',*,*,#579,.F.);
#783=ORIENTED_EDGE('',*,*,#580,.T.);
#784=ORIENTED_EDGE('',*,*,#581,.T.);
#785=ORIENTED_EDGE('',*,*,#582,.T.);
#786=ORIENTED_EDGE('',*,*,#578,.T.);
#787=ORIENTED_EDGE('',*,*,#581,.F.);
#788=ORIENTED_EDGE('',*,*,#583,.T.);
#789=ORIENTED_EDGE('',*,*,#584,.F.);
#790=ORIENTED_EDGE('',*,*,#585,.F.);
#791=ORIENTED_EDGE('',*,*,#580,.F.);
#792=ORIENTED_EDGE('',*,*,#577,.F.);
#793=ORIENTED_EDGE('',*,*,#574,.F.);
#794=ORIENTED_EDGE('',*,*,#571,.T.);
#795=ORIENTED_EDGE('',*,*,#567,.F.);
#796=ORIENTED_EDGE('',*,*,#586,.F.);
#797=ORIENTED_EDGE('',*,*,#587,.F.);
#798=ORIENTED_EDGE('',*,*,#588,.F.);
#799=ORIENTED_EDGE('',*,*,#589,.F.);
#800=ORIENTED_EDGE('',*,*,#590,.F.);
#801=ORIENTED_EDGE('',*,*,#591,.F.);
#802=ORIENTED_EDGE('',*,*,#592,.T.);
#803=ORIENTED_EDGE('',*,*,#593,.F.);
#804=ORIENTED_EDGE('',*,*,#594,.F.);
#805=ORIENTED_EDGE('',*,*,#595,.F.);
#806=ORIENTED_EDGE('',*,*,#596,.F.);
#807=ORIENTED_EDGE('',*,*,#597,.F.);
#808=ORIENTED_EDGE('',*,*,#598,.F.);
#809=ORIENTED_EDGE('',*,*,#599,.F.);
#810=ORIENTED_EDGE('',*,*,#600,.T.);
#811=ORIENTED_EDGE('',*,*,#601,.F.);
#812=ORIENTED_EDGE('',*,*,#602,.F.);
#813=ORIENTED_EDGE('',*,*,#603,.F.);
#814=ORIENTED_EDGE('',*,*,#604,.F.);
#815=ORIENTED_EDGE('',*,*,#605,.F.);
#816=ORIENTED_EDGE('',*,*,#606,.F.);
#817=ORIENTED_EDGE('',*,*,#607,.F.);
#818=ORIENTED_EDGE('',*,*,#608,.T.);
#819=ORIENTED_EDGE('',*,*,#609,.F.);
#820=ORIENTED_EDGE('',*,*,#610,.F.);
#821=ORIENTED_EDGE('',*,*,#611,.F.);
#822=ORIENTED_EDGE('',*,*,#612,.F.);
#823=ORIENTED_EDGE('',*,*,#613,.F.);
#824=ORIENTED_EDGE('',*,*,#614,.F.);
#825=ORIENTED_EDGE('',*,*,#615,.F.);
#826=ORIENTED_EDGE('',*,*,#616,.T.);
#827=ORIENTED_EDGE('',*,*,#617,.F.);
#828=ORIENTED_EDGE('',*,*,#618,.F.);
#829=ORIENTED_EDGE('',*,*,#619,.F.);
#830=ORIENTED_EDGE('',*,*,#620,.F.);
#831=ORIENTED_EDGE('',*,*,#621,.F.);
#832=ORIENTED_EDGE('',*,*,#622,.F.);
#833=ORIENTED_EDGE('',*,*,#623,.F.);
#834=ORIENTED_EDGE('',*,*,#624,.T.);
#835=ORIENTED_EDGE('',*,*,#625,.F.);
#836=ORIENTED_EDGE('',*,*,#626,.F.);
#837=ORIENTED_EDGE('',*,*,#627,.F.);
#838=ORIENTED_EDGE('',*,*,#628,.F.);
#839=ORIENTED_EDGE('',*,*,#629,.F.);
#840=ORIENTED_EDGE('',*,*,#630,.F.);
#841=ORIENTED_EDGE('',*,*,#631,.F.);
#842=ORIENTED_EDGE('',*,*,#632,.T.);
#843=ORIENTED_EDGE('',*,*,#633,.F.);
#844=ORIENTED_EDGE('',*,*,#634,.F.);
#845=ORIENTED_EDGE('',*,*,#635,.F.);
#846=ORIENTED_EDGE('',*,*,#636,.F.);
#847=ORIENTED_EDGE('',*,*,#637,.F.);
#848=ORIENTED_EDGE('',*,*,#638,.F.);
#849=ORIENTED_EDGE('',*,*,#639,.F.);
#850=ORIENTED_EDGE('',*,*,#640,.T.);
#851=ORIENTED_EDGE('',*,*,#641,.F.);
#852=ORIENTED_EDGE('',*,*,#642,.F.);
#853=ORIENTED_EDGE('',*,*,#643,.F.);
#854=ORIENTED_EDGE('',*,*,#583,.F.);
#855=ORIENTED_EDGE('',*,*,#565,.T.);
#856=ORIENTED_EDGE('',*,*,#564,.T.);
#857=ORIENTED_EDGE('',*,*,#643,.T.);
#858=ORIENTED_EDGE('',*,*,#644,.T.);
#859=ORIENTED_EDGE('',*,*,#645,.T.);
#860=ORIENTED_EDGE('',*,*,#584,.T.);
#861=ORIENTED_EDGE('',*,*,#582,.F.);
#862=ORIENTED_EDGE('',*,*,#585,.T.);
#863=ORIENTED_EDGE('',*,*,#645,.F.);
#864=ORIENTED_EDGE('',*,*,#646,.T.);
#865=ORIENTED_EDGE('',*,*,#647,.F.);
#866=ORIENTED_EDGE('',*,*,#648,.F.);
#867=ORIENTED_EDGE('',*,*,#649,.F.);
#868=ORIENTED_EDGE('',*,*,#650,.T.);
#869=ORIENTED_EDGE('',*,*,#651,.F.);
#870=ORIENTED_EDGE('',*,*,#652,.T.);
#871=ORIENTED_EDGE('',*,*,#653,.F.);
#872=ORIENTED_EDGE('',*,*,#654,.T.);
#873=ORIENTED_EDGE('',*,*,#655,.F.);
#874=ORIENTED_EDGE('',*,*,#656,.F.);
#875=ORIENTED_EDGE('',*,*,#657,.F.);
#876=ORIENTED_EDGE('',*,*,#658,.T.);
#877=ORIENTED_EDGE('',*,*,#659,.F.);
#878=ORIENTED_EDGE('',*,*,#660,.T.);
#879=ORIENTED_EDGE('',*,*,#661,.F.);
#880=ORIENTED_EDGE('',*,*,#662,.T.);
#881=ORIENTED_EDGE('',*,*,#663,.F.);
#882=ORIENTED_EDGE('',*,*,#664,.F.);
#883=ORIENTED_EDGE('',*,*,#665,.F.);
#884=ORIENTED_EDGE('',*,*,#666,.T.);
#885=ORIENTED_EDGE('',*,*,#667,.F.);
#886=ORIENTED_EDGE('',*,*,#668,.T.);
#887=ORIENTED_EDGE('',*,*,#669,.F.);
#888=ORIENTED_EDGE('',*,*,#670,.T.);
#889=ORIENTED_EDGE('',*,*,#671,.F.);
#890=ORIENTED_EDGE('',*,*,#672,.F.);
#891=ORIENTED_EDGE('',*,*,#673,.F.);
#892=ORIENTED_EDGE('',*,*,#674,.T.);
#893=ORIENTED_EDGE('',*,*,#675,.F.);
#894=ORIENTED_EDGE('',*,*,#676,.T.);
#895=ORIENTED_EDGE('',*,*,#677,.F.);
#896=ORIENTED_EDGE('',*,*,#678,.T.);
#897=ORIENTED_EDGE('',*,*,#679,.F.);
#898=ORIENTED_EDGE('',*,*,#680,.F.);
#899=ORIENTED_EDGE('',*,*,#681,.F.);
#900=ORIENTED_EDGE('',*,*,#682,.T.);
#901=ORIENTED_EDGE('',*,*,#683,.F.);
#902=ORIENTED_EDGE('',*,*,#684,.T.);
#903=ORIENTED_EDGE('',*,*,#685,.F.);
#904=ORIENTED_EDGE('',*,*,#686,.T.);
#905=ORIENTED_EDGE('',*,*,#687,.F.);
#906=ORIENTED_EDGE('',*,*,#688,.F.);
#907=ORIENTED_EDGE('',*,*,#689,.F.);
#908=ORIENTED_EDGE('',*,*,#690,.T.);
#909=ORIENTED_EDGE('',*,*,#691,.F.);
#910=ORIENTED_EDGE('',*,*,#692,.T.);
#911=ORIENTED_EDGE('',*,*,#693,.F.);
#912=ORIENTED_EDGE('',*,*,#694,.T.);
#913=ORIENTED_EDGE('',*,*,#695,.F.);
#914=ORIENTED_EDGE('',*,*,#696,.F.);
#915=ORIENTED_EDGE('',*,*,#697,.F.);
#916=ORIENTED_EDGE('',*,*,#698,.T.);
#917=ORIENTED_EDGE('',*,*,#699,.F.);
#918=ORIENTED_EDGE('',*,*,#700,.T.);
#919=ORIENTED_EDGE('',*,*,#701,.F.);
#920=ORIENTED_EDGE('',*,*,#702,.T.);
#921=ORIENTED_EDGE('',*,*,#569,.F.);
#922=ORIENTED_EDGE('',*,*,#573,.F.);
#923=ORIENTED_EDGE('',*,*,#576,.F.);
#924=ORIENTED_EDGE('',*,*,#579,.T.);
#925=ORIENTED_EDGE('',*,*,#566,.T.);
#926=ORIENTED_EDGE('',*,*,#562,.T.);
#927=ORIENTED_EDGE('',*,*,#644,.F.);
#928=ORIENTED_EDGE('',*,*,#642,.T.);
#929=ORIENTED_EDGE('',*,*,#703,.F.);
#930=ORIENTED_EDGE('',*,*,#646,.F.);
#931=ORIENTED_EDGE('',*,*,#647,.T.);
#932=ORIENTED_EDGE('',*,*,#703,.T.);
#933=ORIENTED_EDGE('',*,*,#641,.T.);
#934=ORIENTED_EDGE('',*,*,#704,.T.);
#935=ORIENTED_EDGE('',*,*,#639,.T.);
#936=ORIENTED_EDGE('',*,*,#705,.T.);
#937=ORIENTED_EDGE('',*,*,#649,.T.);
#938=ORIENTED_EDGE('',*,*,#706,.T.);
#939=ORIENTED_EDGE('',*,*,#705,.F.);
#940=ORIENTED_EDGE('',*,*,#638,.T.);
#941=ORIENTED_EDGE('',*,*,#707,.F.);
#942=ORIENTED_EDGE('',*,*,#650,.F.);
#943=ORIENTED_EDGE('',*,*,#637,.T.);
#944=ORIENTED_EDGE('',*,*,#708,.T.);
#945=ORIENTED_EDGE('',*,*,#651,.T.);
#946=ORIENTED_EDGE('',*,*,#707,.T.);
#947=ORIENTED_EDGE('',*,*,#708,.F.);
#948=ORIENTED_EDGE('',*,*,#636,.T.);
#949=ORIENTED_EDGE('',*,*,#709,.F.);
#950=ORIENTED_EDGE('',*,*,#652,.F.);
#951=ORIENTED_EDGE('',*,*,#635,.T.);
#952=ORIENTED_EDGE('',*,*,#710,.T.);
#953=ORIENTED_EDGE('',*,*,#653,.T.);
#954=ORIENTED_EDGE('',*,*,#709,.T.);
#955=ORIENTED_EDGE('',*,*,#629,.T.);
#956=ORIENTED_EDGE('',*,*,#711,.T.);
#957=ORIENTED_EDGE('',*,*,#659,.T.);
#958=ORIENTED_EDGE('',*,*,#712,.T.);
#959=ORIENTED_EDGE('',*,*,#712,.F.);
#960=ORIENTED_EDGE('',*,*,#658,.F.);
#961=ORIENTED_EDGE('',*,*,#713,.F.);
#962=ORIENTED_EDGE('',*,*,#630,.T.);
#963=ORIENTED_EDGE('',*,*,#619,.T.);
#964=ORIENTED_EDGE('',*,*,#714,.T.);
#965=ORIENTED_EDGE('',*,*,#669,.T.);
#966=ORIENTED_EDGE('',*,*,#715,.T.);
#967=ORIENTED_EDGE('',*,*,#715,.F.);
#968=ORIENTED_EDGE('',*,*,#668,.F.);
#969=ORIENTED_EDGE('',*,*,#716,.F.);
#970=ORIENTED_EDGE('',*,*,#620,.T.);
#971=ORIENTED_EDGE('',*,*,#621,.T.);
#972=ORIENTED_EDGE('',*,*,#716,.T.);
#973=ORIENTED_EDGE('',*,*,#667,.T.);
#974=ORIENTED_EDGE('',*,*,#717,.T.);
#975=ORIENTED_EDGE('',*,*,#717,.F.);
#976=ORIENTED_EDGE('',*,*,#666,.F.);
#977=ORIENTED_EDGE('',*,*,#718,.F.);
#978=ORIENTED_EDGE('',*,*,#622,.T.);
#979=ORIENTED_EDGE('',*,*,#627,.T.);
#980=ORIENTED_EDGE('',*,*,#719,.T.);
#981=ORIENTED_EDGE('',*,*,#661,.T.);
#982=ORIENTED_EDGE('',*,*,#720,.T.);
#983=ORIENTED_EDGE('',*,*,#719,.F.);
#984=ORIENTED_EDGE('',*,*,#626,.T.);
#985=ORIENTED_EDGE('',*,*,#721,.F.);
#986=ORIENTED_EDGE('',*,*,#662,.F.);
#987=ORIENTED_EDGE('',*,*,#655,.T.);
#988=ORIENTED_EDGE('',*,*,#722,.T.);
#989=ORIENTED_EDGE('',*,*,#633,.T.);
#990=ORIENTED_EDGE('',*,*,#723,.T.);
#991=ORIENTED_EDGE('',*,*,#710,.F.);
#992=ORIENTED_EDGE('',*,*,#634,.T.);
#993=ORIENTED_EDGE('',*,*,#722,.F.);
#994=ORIENTED_EDGE('',*,*,#654,.F.);
#995=ORIENTED_EDGE('',*,*,#631,.T.);
#996=ORIENTED_EDGE('',*,*,#713,.T.);
#997=ORIENTED_EDGE('',*,*,#657,.T.);
#998=ORIENTED_EDGE('',*,*,#724,.T.);
#999=ORIENTED_EDGE('',*,*,#663,.T.);
#1000=ORIENTED_EDGE('',*,*,#721,.T.);
#1001=ORIENTED_EDGE('',*,*,#625,.T.);
#1002=ORIENTED_EDGE('',*,*,#725,.T.);
#1003=ORIENTED_EDGE('',*,*,#623,.T.);
#1004=ORIENTED_EDGE('',*,*,#718,.T.);
#1005=ORIENTED_EDGE('',*,*,#665,.T.);
#1006=ORIENTED_EDGE('',*,*,#726,.T.);
#1007=ORIENTED_EDGE('',*,*,#671,.T.);
#1008=ORIENTED_EDGE('',*,*,#727,.T.);
#1009=ORIENTED_EDGE('',*,*,#617,.T.);
#1010=ORIENTED_EDGE('',*,*,#728,.T.);
#1011=ORIENTED_EDGE('',*,*,#714,.F.);
#1012=ORIENTED_EDGE('',*,*,#618,.T.);
#1013=ORIENTED_EDGE('',*,*,#727,.F.);
#1014=ORIENTED_EDGE('',*,*,#670,.F.);
#1015=ORIENTED_EDGE('',*,*,#615,.T.);
#1016=ORIENTED_EDGE('',*,*,#729,.T.);
#1017=ORIENTED_EDGE('',*,*,#673,.T.);
#1018=ORIENTED_EDGE('',*,*,#730,.T.);
#1019=ORIENTED_EDGE('',*,*,#729,.F.);
#1020=ORIENTED_EDGE('',*,*,#614,.T.);
#1021=ORIENTED_EDGE('',*,*,#731,.F.);
#1022=ORIENTED_EDGE('',*,*,#674,.F.);
#1023=ORIENTED_EDGE('',*,*,#679,.T.);
#1024=ORIENTED_EDGE('',*,*,#732,.T.);
#1025=ORIENTED_EDGE('',*,*,#609,.T.);
#1026=ORIENTED_EDGE('',*,*,#733,.T.);
#1027=ORIENTED_EDGE('',*,*,#732,.F.);
#1028=ORIENTED_EDGE('',*,*,#678,.F.);
#1029=ORIENTED_EDGE('',*,*,#734,.F.);
#1030=ORIENTED_EDGE('',*,*,#610,.T.);
#1031=ORIENTED_EDGE('',*,*,#613,.T.);
#1032=ORIENTED_EDGE('',*,*,#735,.T.);
#1033=ORIENTED_EDGE('',*,*,#675,.T.);
#1034=ORIENTED_EDGE('',*,*,#731,.T.);
#1035=ORIENTED_EDGE('',*,*,#735,.F.);
#1036=ORIENTED_EDGE('',*,*,#612,.T.);
#1037=ORIENTED_EDGE('',*,*,#736,.F.);
#1038=ORIENTED_EDGE('',*,*,#676,.F.);
#1039=ORIENTED_EDGE('',*,*,#611,.T.);
#1040=ORIENTED_EDGE('',*,*,#734,.T.);
#1041=ORIENTED_EDGE('',*,*,#677,.T.);
#1042=ORIENTED_EDGE('',*,*,#736,.T.);
#1043=ORIENTED_EDGE('',*,*,#605,.T.);
#1044=ORIENTED_EDGE('',*,*,#737,.T.);
#1045=ORIENTED_EDGE('',*,*,#683,.T.);
#1046=ORIENTED_EDGE('',*,*,#738,.T.);
#1047=ORIENTED_EDGE('',*,*,#738,.F.);
#1048=ORIENTED_EDGE('',*,*,#682,.F.);
#1049=ORIENTED_EDGE('',*,*,#739,.F.);
#1050=ORIENTED_EDGE('',*,*,#606,.T.);
#1051=ORIENTED_EDGE('',*,*,#607,.T.);
#1052=ORIENTED_EDGE('',*,*,#739,.T.);
#1053=ORIENTED_EDGE('',*,*,#681,.T.);
#1054=ORIENTED_EDGE('',*,*,#740,.T.);
#1055=ORIENTED_EDGE('',*,*,#599,.T.);
#1056=ORIENTED_EDGE('',*,*,#741,.T.);
#1057=ORIENTED_EDGE('',*,*,#689,.T.);
#1058=ORIENTED_EDGE('',*,*,#742,.T.);
#1059=ORIENTED_EDGE('',*,*,#741,.F.);
#1060=ORIENTED_EDGE('',*,*,#598,.T.);
#1061=ORIENTED_EDGE('',*,*,#743,.F.);
#1062=ORIENTED_EDGE('',*,*,#690,.F.);
#1063=ORIENTED_EDGE('',*,*,#687,.T.);
#1064=ORIENTED_EDGE('',*,*,#744,.T.);
#1065=ORIENTED_EDGE('',*,*,#601,.T.);
#1066=ORIENTED_EDGE('',*,*,#745,.T.);
#1067=ORIENTED_EDGE('',*,*,#744,.F.);
#1068=ORIENTED_EDGE('',*,*,#686,.F.);
#1069=ORIENTED_EDGE('',*,*,#746,.F.);
#1070=ORIENTED_EDGE('',*,*,#602,.T.);
#1071=ORIENTED_EDGE('',*,*,#695,.T.);
#1072=ORIENTED_EDGE('',*,*,#747,.T.);
#1073=ORIENTED_EDGE('',*,*,#593,.T.);
#1074=ORIENTED_EDGE('',*,*,#748,.T.);
#1075=ORIENTED_EDGE('',*,*,#747,.F.);
#1076=ORIENTED_EDGE('',*,*,#694,.F.);
#1077=ORIENTED_EDGE('',*,*,#749,.F.);
#1078=ORIENTED_EDGE('',*,*,#594,.T.);
#1079=ORIENTED_EDGE('',*,*,#697,.T.);
#1080=ORIENTED_EDGE('',*,*,#750,.T.);
#1081=ORIENTED_EDGE('',*,*,#591,.T.);
#1082=ORIENTED_EDGE('',*,*,#751,.T.);
#1083=ORIENTED_EDGE('',*,*,#748,.F.);
#1084=ORIENTED_EDGE('',*,*,#592,.F.);
#1085=ORIENTED_EDGE('',*,*,#750,.F.);
#1086=ORIENTED_EDGE('',*,*,#696,.T.);
#1087=ORIENTED_EDGE('',*,*,#587,.T.);
#1088=ORIENTED_EDGE('',*,*,#752,.T.);
#1089=ORIENTED_EDGE('',*,*,#701,.T.);
#1090=ORIENTED_EDGE('',*,*,#753,.T.);
#1091=ORIENTED_EDGE('',*,*,#570,.F.);
#1092=ORIENTED_EDGE('',*,*,#702,.F.);
#1093=ORIENTED_EDGE('',*,*,#752,.F.);
#1094=ORIENTED_EDGE('',*,*,#586,.T.);
#1095=ORIENTED_EDGE('',*,*,#589,.T.);
#1096=ORIENTED_EDGE('',*,*,#754,.T.);
#1097=ORIENTED_EDGE('',*,*,#699,.T.);
#1098=ORIENTED_EDGE('',*,*,#755,.T.);
#1099=ORIENTED_EDGE('',*,*,#751,.F.);
#1100=ORIENTED_EDGE('',*,*,#590,.T.);
#1101=ORIENTED_EDGE('',*,*,#755,.F.);
#1102=ORIENTED_EDGE('',*,*,#698,.F.);
#1103=ORIENTED_EDGE('',*,*,#603,.T.);
#1104=ORIENTED_EDGE('',*,*,#746,.T.);
#1105=ORIENTED_EDGE('',*,*,#685,.T.);
#1106=ORIENTED_EDGE('',*,*,#756,.T.);
#1107=ORIENTED_EDGE('',*,*,#597,.T.);
#1108=ORIENTED_EDGE('',*,*,#757,.T.);
#1109=ORIENTED_EDGE('',*,*,#691,.T.);
#1110=ORIENTED_EDGE('',*,*,#743,.T.);
#1111=ORIENTED_EDGE('',*,*,#757,.F.);
#1112=ORIENTED_EDGE('',*,*,#596,.T.);
#1113=ORIENTED_EDGE('',*,*,#758,.F.);
#1114=ORIENTED_EDGE('',*,*,#692,.F.);
#1115=ORIENTED_EDGE('',*,*,#595,.T.);
#1116=ORIENTED_EDGE('',*,*,#749,.T.);
#1117=ORIENTED_EDGE('',*,*,#693,.T.);
#1118=ORIENTED_EDGE('',*,*,#758,.T.);
#1119=ORIENTED_EDGE('',*,*,#711,.F.);
#1120=ORIENTED_EDGE('',*,*,#628,.T.);
#1121=ORIENTED_EDGE('',*,*,#720,.F.);
#1122=ORIENTED_EDGE('',*,*,#660,.F.);
#1123=ORIENTED_EDGE('',*,*,#737,.F.);
#1124=ORIENTED_EDGE('',*,*,#604,.T.);
#1125=ORIENTED_EDGE('',*,*,#756,.F.);
#1126=ORIENTED_EDGE('',*,*,#684,.F.);
#1127=ORIENTED_EDGE('',*,*,#728,.F.);
#1128=ORIENTED_EDGE('',*,*,#616,.F.);
#1129=ORIENTED_EDGE('',*,*,#730,.F.);
#1130=ORIENTED_EDGE('',*,*,#672,.T.);
#1131=ORIENTED_EDGE('',*,*,#733,.F.);
#1132=ORIENTED_EDGE('',*,*,#608,.F.);
#1133=ORIENTED_EDGE('',*,*,#740,.F.);
#1134=ORIENTED_EDGE('',*,*,#680,.T.);
#1135=ORIENTED_EDGE('',*,*,#725,.F.);
#1136=ORIENTED_EDGE('',*,*,#624,.F.);
#1137=ORIENTED_EDGE('',*,*,#726,.F.);
#1138=ORIENTED_EDGE('',*,*,#664,.T.);
#1139=ORIENTED_EDGE('',*,*,#742,.F.);
#1140=ORIENTED_EDGE('',*,*,#688,.T.);
#1141=ORIENTED_EDGE('',*,*,#745,.F.);
#1142=ORIENTED_EDGE('',*,*,#600,.F.);
#1143=ORIENTED_EDGE('',*,*,#723,.F.);
#1144=ORIENTED_EDGE('',*,*,#632,.F.);
#1145=ORIENTED_EDGE('',*,*,#724,.F.);
#1146=ORIENTED_EDGE('',*,*,#656,.T.);
#1147=ORIENTED_EDGE('',*,*,#704,.F.);
#1148=ORIENTED_EDGE('',*,*,#640,.F.);
#1149=ORIENTED_EDGE('',*,*,#706,.F.);
#1150=ORIENTED_EDGE('',*,*,#648,.T.);
#1151=ORIENTED_EDGE('',*,*,#753,.F.);
#1152=ORIENTED_EDGE('',*,*,#700,.F.);
#1153=ORIENTED_EDGE('',*,*,#754,.F.);
#1154=ORIENTED_EDGE('',*,*,#588,.T.);
#1155=CYLINDRICAL_SURFACE('',#1247,8.);
#1156=CYLINDRICAL_SURFACE('',#1250,8.);
#1157=CYLINDRICAL_SURFACE('',#1253,12.5);
#1158=CYLINDRICAL_SURFACE('',#1272,12.5);
#1159=CYLINDRICAL_SURFACE('',#1273,12.5);
#1160=CYLINDRICAL_SURFACE('',#1274,12.5);
#1161=CYLINDRICAL_SURFACE('',#1275,12.5);
#1162=CYLINDRICAL_SURFACE('',#1276,12.5);
#1163=CYLINDRICAL_SURFACE('',#1277,12.5);
#1164=CYLINDRICAL_SURFACE('',#1278,12.5);
#1165=ADVANCED_FACE('',(#235),#1155,.F.);
#1166=ADVANCED_FACE('',(#236),#1156,.F.);
#1167=ADVANCED_FACE('',(#237),#179,.T.);
#1168=ADVANCED_FACE('',(#238),#1157,.T.);
#1169=ADVANCED_FACE('',(#239),#180,.T.);
#1170=ADVANCED_FACE('',(#240),#181,.F.);
#1171=ADVANCED_FACE('',(#241),#182,.F.);
#1172=ADVANCED_FACE('',(#242),#183,.F.);
#1173=ADVANCED_FACE('',(#243,#15),#17,.F.);
#1174=ADVANCED_FACE('',(#244),#184,.F.);
#1175=ADVANCED_FACE('',(#245,#16),#18,.T.);
#1176=ADVANCED_FACE('',(#246),#185,.F.);
#1177=ADVANCED_FACE('',(#247),#186,.T.);
#1178=ADVANCED_FACE('',(#248),#187,.T.);
#1179=ADVANCED_FACE('',(#249),#188,.F.);
#1180=ADVANCED_FACE('',(#250),#189,.F.);
#1181=ADVANCED_FACE('',(#251),#190,.F.);
#1182=ADVANCED_FACE('',(#252),#191,.F.);
#1183=ADVANCED_FACE('',(#253),#192,.F.);
#1184=ADVANCED_FACE('',(#254),#193,.F.);
#1185=ADVANCED_FACE('',(#255),#194,.F.);
#1186=ADVANCED_FACE('',(#256),#195,.F.);
#1187=ADVANCED_FACE('',(#257),#196,.F.);
#1188=ADVANCED_FACE('',(#258),#197,.F.);
#1189=ADVANCED_FACE('',(#259),#198,.F.);
#1190=ADVANCED_FACE('',(#260),#199,.F.);
#1191=ADVANCED_FACE('',(#261),#200,.T.);
#1192=ADVANCED_FACE('',(#262),#201,.F.);
#1193=ADVANCED_FACE('',(#263),#202,.T.);
#1194=ADVANCED_FACE('',(#264),#203,.T.);
#1195=ADVANCED_FACE('',(#265),#204,.T.);
#1196=ADVANCED_FACE('',(#266),#205,.T.);
#1197=ADVANCED_FACE('',(#267),#206,.F.);
#1198=ADVANCED_FACE('',(#268),#207,.T.);
#1199=ADVANCED_FACE('',(#269),#208,.F.);
#1200=ADVANCED_FACE('',(#270),#209,.T.);
#1201=ADVANCED_FACE('',(#271),#210,.F.);
#1202=ADVANCED_FACE('',(#272),#211,.F.);
#1203=ADVANCED_FACE('',(#273),#212,.F.);
#1204=ADVANCED_FACE('',(#274),#213,.F.);
#1205=ADVANCED_FACE('',(#275),#214,.F.);
#1206=ADVANCED_FACE('',(#276),#215,.F.);
#1207=ADVANCED_FACE('',(#277),#216,.T.);
#1208=ADVANCED_FACE('',(#278),#217,.T.);
#1209=ADVANCED_FACE('',(#279),#218,.F.);
#1210=ADVANCED_FACE('',(#280),#219,.T.);
#1211=ADVANCED_FACE('',(#281),#220,.F.);
#1212=ADVANCED_FACE('',(#282),#221,.T.);
#1213=ADVANCED_FACE('',(#283),#222,.F.);
#1214=ADVANCED_FACE('',(#284),#223,.T.);
#1215=ADVANCED_FACE('',(#285),#1158,.T.);
#1216=ADVANCED_FACE('',(#286),#224,.F.);
#1217=ADVANCED_FACE('',(#287),#225,.F.);
#1218=ADVANCED_FACE('',(#288),#226,.F.);
#1219=ADVANCED_FACE('',(#289),#227,.F.);
#1220=ADVANCED_FACE('',(#290),#228,.F.);
#1221=ADVANCED_FACE('',(#291),#229,.F.);
#1222=ADVANCED_FACE('',(#292),#230,.F.);
#1223=ADVANCED_FACE('',(#293),#231,.F.);
#1224=ADVANCED_FACE('',(#294),#232,.F.);
#1225=ADVANCED_FACE('',(#295),#233,.F.);
#1226=ADVANCED_FACE('',(#296),#1159,.T.);
#1227=ADVANCED_FACE('',(#297),#1160,.T.);
#1228=ADVANCED_FACE('',(#298),#1161,.T.);
#1229=ADVANCED_FACE('',(#299),#1162,.T.);
#1230=ADVANCED_FACE('',(#300),#1163,.T.);
#1231=ADVANCED_FACE('',(#301),#1164,.T.);
#1232=ADVANCED_FACE('',(#302),#234,.F.);
#1233=CLOSED_SHELL('',(#1165,#1166,#1167,#1168,#1169,#1170,#1171,#1172,
#1173,#1174,#1175,#1176,#1177,#1178,#1179,#1180,#1181,#1182,#1183,#1184,
#1185,#1186,#1187,#1188,#1189,#1190,#1191,#1192,#1193,#1194,#1195,#1196,
#1197,#1198,#1199,#1200,#1201,#1202,#1203,#1204,#1205,#1206,#1207,#1208,
#1209,#1210,#1211,#1212,#1213,#1214,#1215,#1216,#1217,#1218,#1219,#1220,
#1221,#1222,#1223,#1224,#1225,#1226,#1227,#1228,#1229,#1230,#1231,#1232));
#1234=DERIVED_UNIT_ELEMENT(#1236,1.);
#1235=DERIVED_UNIT_ELEMENT(#3975,-3.);
#1236=(
MASS_UNIT()
NAMED_UNIT(*)
SI_UNIT(.KILO.,.GRAM.)
);
#1237=DERIVED_UNIT((#1234,#1235));
#1238=MEASURE_REPRESENTATION_ITEM('density measure',
POSITIVE_RATIO_MEASURE(7850.),#1237);
#1239=PROPERTY_DEFINITION_REPRESENTATION(#1244,#1241);
#1240=PROPERTY_DEFINITION_REPRESENTATION(#1245,#1242);
#1241=REPRESENTATION('material name',(#1243),#3972);
#1242=REPRESENTATION('density',(#1238),#3972);
#1243=DESCRIPTIVE_REPRESENTATION_ITEM('Steel','Steel');
#1244=PROPERTY_DEFINITION('material property','material name',#3982);
#1245=PROPERTY_DEFINITION('material property','density of part',#3982);
#1246=AXIS2_PLACEMENT_3D('placement',#1363,#1279,#1280);
#1247=AXIS2_PLACEMENT_3D('',#1364,#1281,#1282);
#1248=AXIS2_PLACEMENT_3D('',#1369,#1284,#1285);
#1249=AXIS2_PLACEMENT_3D('',#1372,#1287,#1288);
#1250=AXIS2_PLACEMENT_3D('',#1373,#1289,#1290);
#1251=AXIS2_PLACEMENT_3D('',#1374,#1291,#1292);
#1252=AXIS2_PLACEMENT_3D('',#1375,#1293,#1294);
#1253=AXIS2_PLACEMENT_3D('',#1443,#1295,#1296);
#1254=AXIS2_PLACEMENT_3D('',#1445,#1297,#1298);
#1255=AXIS2_PLACEMENT_3D('',#1451,#1299,#1300);
#1256=AXIS2_PLACEMENT_3D('',#1614,#1303,#1304);
#1257=AXIS2_PLACEMENT_3D('',#1671,#1306,#1307);
#1258=AXIS2_PLACEMENT_3D('',#1739,#1309,#1310);
#1259=AXIS2_PLACEMENT_3D('',#1807,#1312,#1313);
#1260=AXIS2_PLACEMENT_3D('',#1875,#1315,#1316);
#1261=AXIS2_PLACEMENT_3D('',#1943,#1318,#1319);
#1262=AXIS2_PLACEMENT_3D('',#2011,#1321,#1322);
#1263=AXIS2_PLACEMENT_3D('',#2079,#1324,#1325);
#1264=AXIS2_PLACEMENT_3D('',#2151,#1326,#1327);
#1265=AXIS2_PLACEMENT_3D('',#2171,#1328,#1329);
#1266=AXIS2_PLACEMENT_3D('',#2239,#1331,#1332);
#1267=AXIS2_PLACEMENT_3D('',#2307,#1334,#1335);
#1268=AXIS2_PLACEMENT_3D('',#2375,#1337,#1338);
#1269=AXIS2_PLACEMENT_3D('',#2443,#1340,#1341);
#1270=AXIS2_PLACEMENT_3D('',#2511,#1343,#1344);
#1271=AXIS2_PLACEMENT_3D('',#2579,#1346,#1347);
#1272=AXIS2_PLACEMENT_3D('',#3719,#1349,#1350);
#1273=AXIS2_PLACEMENT_3D('',#3948,#1351,#1352);
#1274=AXIS2_PLACEMENT_3D('',#3949,#1353,#1354);
#1275=AXIS2_PLACEMENT_3D('',#3950,#1355,#1356);
#1276=AXIS2_PLACEMENT_3D('',#3951,#1357,#1358);
#1277=AXIS2_PLACEMENT_3D('',#3952,#1359,#1360);
#1278=AXIS2_PLACEMENT_3D('',#3953,#1361,#1362);
#1279=DIRECTION('axis',(0.,0.,1.));
#1280=DIRECTION('refdir',(1.,0.,0.));
#1281=DIRECTION('center_axis',(0.,0.,-1.));
#1282=DIRECTION('ref_axis',(-0.803253235194432,-0.595637675226877,0.));
#1283=DIRECTION('',(0.,0.,-1.));
#1284=DIRECTION('center_axis',(0.,0.,-1.));
#1285=DIRECTION('ref_axis',(-0.803253235194432,-0.595637675226877,0.));
#1286=DIRECTION('',(0.,0.,1.));
#1287=DIRECTION('center_axis',(0.,0.,1.));
#1288=DIRECTION('ref_axis',(-0.803253235194432,-0.595637675226877,0.));
#1289=DIRECTION('center_axis',(0.,0.,-1.));
#1290=DIRECTION('ref_axis',(1.,2.77555756156289E-16,0.));
#1291=DIRECTION('center_axis',(0.,0.,1.));
#1292=DIRECTION('ref_axis',(-0.803253235194432,-0.595637675226877,0.));
#1293=DIRECTION('center_axis',(0.,0.,-1.));
#1294=DIRECTION('ref_axis',(-0.803253235194432,-0.595637675226877,0.));
#1295=DIRECTION('center_axis',(0.,0.,-1.));
#1296=DIRECTION('ref_axis',(-1.,0.,0.));
#1297=DIRECTION('center_axis',(0.,0.,-1.));
#1298=DIRECTION('ref_axis',(-1.,0.,0.));
#1299=DIRECTION('center_axis',(0.,0.,-1.));
#1300=DIRECTION('ref_axis',(-1.,0.,0.));
#1301=DIRECTION('',(-0.492081919413109,0.87054889844667,0.));
#1302=DIRECTION('',(-0.258819045102521,0.965925826289068,0.));
#1303=DIRECTION('center_axis',(0.,0.,1.));
#1304=DIRECTION('ref_axis',(1.,0.,0.));
#1305=DIRECTION('',(0.267616567329818,0.963525491562421,0.));
#1306=DIRECTION('center_axis',(0.,0.,-1.));
#1307=DIRECTION('ref_axis',(-1.,0.,0.));
#1308=DIRECTION('',(0.87054889844667,0.492081919413109,0.));
#1309=DIRECTION('center_axis',(0.,0.,-1.));
#1310=DIRECTION('ref_axis',(-1.,0.,0.));
#1311=DIRECTION('',(0.963525491562421,-0.267616567329818,0.));
#1312=DIRECTION('center_axis',(0.,0.,-1.));
#1313=DIRECTION('ref_axis',(-1.,0.,0.));
#1314=DIRECTION('',(0.492081919413109,-0.87054889844667,0.));
#1315=DIRECTION('center_axis',(0.,0.,-1.));
#1316=DIRECTION('ref_axis',(-1.,0.,0.));
#1317=DIRECTION('',(-0.267616567329817,-0.963525491562421,0.));
#1318=DIRECTION('center_axis',(0.,0.,-1.));
#1319=DIRECTION('ref_axis',(-1.,0.,0.));
#1320=DIRECTION('',(-0.87054889844667,-0.492081919413109,0.));
#1321=DIRECTION('center_axis',(0.,0.,-1.));
#1322=DIRECTION('ref_axis',(-1.,0.,0.));
#1323=DIRECTION('',(-0.963525491562421,0.267616567329817,0.));
#1324=DIRECTION('center_axis',(0.,0.,-1.));
#1325=DIRECTION('ref_axis',(-1.,0.,0.));
#1326=DIRECTION('center_axis',(0.,0.,1.));
#1327=DIRECTION('ref_axis',(1.,0.,0.));
#1328=DIRECTION('center_axis',(0.,0.,-1.));
#1329=DIRECTION('ref_axis',(-1.,0.,0.));
#1330=DIRECTION('',(-0.866025403784439,0.5,0.));
#1331=DIRECTION('center_axis',(0.,0.,-1.));
#1332=DIRECTION('ref_axis',(-1.,0.,0.));
#1333=DIRECTION('',(-0.965925826289068,-0.258819045102521,0.));
#1334=DIRECTION('center_axis',(0.,0.,-1.));
#1335=DIRECTION('ref_axis',(-1.,0.,0.));
#1336=DIRECTION('',(-0.5,-0.866025403784439,0.));
#1337=DIRECTION('center_axis',(0.,0.,-1.));
#1338=DIRECTION('ref_axis',(-1.,0.,0.));
#1339=DIRECTION('',(0.258819045102521,-0.965925826289068,0.));
#1340=DIRECTION('center_axis',(0.,0.,-1.));
#1341=DIRECTION('ref_axis',(-1.,0.,0.));
#1342=DIRECTION('',(0.866025403784439,-0.5,0.));
#1343=DIRECTION('center_axis',(0.,0.,-1.));
#1344=DIRECTION('ref_axis',(-1.,0.,0.));
#1345=DIRECTION('',(0.965925826289068,0.258819045102521,0.));
#1346=DIRECTION('center_axis',(0.,0.,-1.));
#1347=DIRECTION('ref_axis',(-1.,0.,0.));
#1348=DIRECTION('',(0.5,0.866025403784439,0.));
#1349=DIRECTION('center_axis',(0.,0.,-1.));
#1350=DIRECTION('ref_axis',(0.995909340194123,0.0903580993276546,0.));
#1351=DIRECTION('center_axis',(0.,0.,-1.));
#1352=DIRECTION('ref_axis',(-1.,0.,0.));
#1353=DIRECTION('center_axis',(0.,0.,-1.));
#1354=DIRECTION('ref_axis',(-1.,0.,0.));
#1355=DIRECTION('center_axis',(0.,0.,-1.));
#1356=DIRECTION('ref_axis',(-1.,0.,0.));
#1357=DIRECTION('center_axis',(0.,0.,-1.));
#1358=DIRECTION('ref_axis',(-1.,0.,0.));
#1359=DIRECTION('center_axis',(0.,0.,-1.));
#1360=DIRECTION('ref_axis',(-1.,0.,0.));
#1361=DIRECTION('center_axis',(0.,0.,-1.));
#1362=DIRECTION('ref_axis',(-1.,0.,0.));
#1363=CARTESIAN_POINT('',(0.,0.,0.));
#1364=CARTESIAN_POINT('Origin',(-8.88178419700125E-15,2.22044604925031E-15,
20.));
#1365=CARTESIAN_POINT('',(0.,8.00000000000001,20.));
#1366=CARTESIAN_POINT('',(0.,8.00000000000001,0.));
#1367=CARTESIAN_POINT('',(0.,8.00000000000001,20.));
#1368=CARTESIAN_POINT('',(0.,-8.,20.));
#1369=CARTESIAN_POINT('Origin',(-8.88178419700125E-15,2.22044604925031E-15,
20.));
#1370=CARTESIAN_POINT('',(0.,-8.,0.));
#1371=CARTESIAN_POINT('',(0.,-8.,20.));
#1372=CARTESIAN_POINT('Origin',(-8.88178419700125E-15,2.22044604925031E-15,
0.));
#1373=CARTESIAN_POINT('Origin',(-8.88178419700125E-15,2.22044604925031E-15,
20.));
#1374=CARTESIAN_POINT('Origin',(-8.88178419700125E-15,2.22044604925031E-15,
0.));
#1375=CARTESIAN_POINT('Origin',(-8.88178419700125E-15,2.22044604925031E-15,
20.));
#1376=CARTESIAN_POINT('Ctrl Pts',(9.8433240128983,8.7941102073246,-0.164147760122852));
#1377=CARTESIAN_POINT('Ctrl Pts',(10.6071998921879,7.93833606568775,6.54916496923355));
#1378=CARTESIAN_POINT('Ctrl Pts',(11.2520673445683,6.9818735447169,13.2668288429757));
#1379=CARTESIAN_POINT('Ctrl Pts',(11.7415152410203,6.02896577000644,20.));
#1380=CARTESIAN_POINT('Ctrl Pts',(9.66019044727189,8.70232670867746,-0.152377001031927));
#1381=CARTESIAN_POINT('Ctrl Pts',(10.4160525728972,7.86258917223494,6.56093271668839));
#1382=CARTESIAN_POINT('Ctrl Pts',(11.0552910334436,6.9231826288994,13.2783177524476));
#1383=CARTESIAN_POINT('Ctrl Pts',(11.5411890710991,5.98656865238098,20.0109971795029));
#1384=CARTESIAN_POINT('Ctrl Pts',(9.2377929038754,8.63464186190827,-0.107683432418848));
#1385=CARTESIAN_POINT('Ctrl Pts',(9.98805165516273,7.83183215670819,6.60556731073173));
#1386=CARTESIAN_POINT('Ctrl Pts',(10.6262267719383,6.92998757554455,13.3218993744053));
#1387=CARTESIAN_POINT('Ctrl Pts',(11.1154131632406,6.02812411794743,20.0526931690507));
#1388=CARTESIAN_POINT('Ctrl Pts',(8.85735510725956,8.82251960151379,-0.037115049752523));
#1389=CARTESIAN_POINT('Ctrl Pts',(9.62403328859816,8.05279821836144,6.67600975969548));
#1390=CARTESIAN_POINT('Ctrl Pts',(10.2830414138451,7.18169320097934,13.3906466084626));
#1391=CARTESIAN_POINT('Ctrl Pts',(10.7944314754806,6.30634233660841,20.1184834119884));
#1392=CARTESIAN_POINT('Ctrl Pts',(8.71240129484743,8.96348505812359,-0.00177498771003481));
#1393=CARTESIAN_POINT('Ctrl Pts',(9.49144373091205,8.20626661526162,6.71128644510689));
#1394=CARTESIAN_POINT('Ctrl Pts',(10.1641803407014,7.34619318116654,13.4250770797878));
#1395=CARTESIAN_POINT('Ctrl Pts',(10.6895224206631,6.47951472958877,20.1514304985377));
#1396=CARTESIAN_POINT('',(9.86197779096604,8.77316566855722,2.61336996487671E-8));
#1397=CARTESIAN_POINT('',(8.71277192418474,8.96312475630782,8.66995364390277E-11));
#1398=CARTESIAN_POINT('Ctrl Pts',(9.86197776925823,8.77316570586624,3.66308212366861E-18));
#1399=CARTESIAN_POINT('Ctrl Pts',(9.76927393716981,8.7280409980458,4.81954026718934E-18));
#1400=CARTESIAN_POINT('Ctrl Pts',(9.66940395617781,8.6979268932378,-4.44089209850063E-15));
#1401=CARTESIAN_POINT('Ctrl Pts',(9.46498409533264,8.66866462857551,-4.44089209850063E-15));
#1402=CARTESIAN_POINT('Ctrl Pts',(9.36033803900581,8.6695860210293,8.88178419700125E-15));
#1403=CARTESIAN_POINT('Ctrl Pts',(9.15639356364694,8.70366067639195,8.88178419700125E-15));
#1404=CARTESIAN_POINT('Ctrl Pts',(9.05719846411524,8.73672785814506,4.44089209850063E-15));
#1405=CARTESIAN_POINT('Ctrl Pts',(8.87261046961718,8.83026396167238,4.44089209850063E-15));
#1406=CARTESIAN_POINT('Ctrl Pts',(8.78706842311704,8.89090346434515,-6.84011345073771E-19));
#1407=CARTESIAN_POINT('Ctrl Pts',(8.71277192418474,8.96312475630782,-3.99092921023341E-19));
#1408=CARTESIAN_POINT('',(10.6777900805295,6.49882959267849,19.9999999983622));
#1409=CARTESIAN_POINT('Ctrl Pts',(8.71277192417494,8.96312475631735,8.89102125256613E-11));
#1410=CARTESIAN_POINT('Ctrl Pts',(8.83752264629671,8.84185849942887,1.07503072418182));
#1411=CARTESIAN_POINT('Ctrl Pts',(8.95968428701023,8.71803748105811,2.15008019806927));
#1412=CARTESIAN_POINT('Ctrl Pts',(9.0789762679277,8.59198405063729,3.22519701892949));
#1413=CARTESIAN_POINT('Ctrl Pts',(9.1984746296568,8.465712541775,4.30217384312251));
#1414=CARTESIAN_POINT('Ctrl Pts',(9.31509318670004,8.33720115664758,5.37921824751681));
#1415=CARTESIAN_POINT('Ctrl Pts',(9.42859036301127,8.20680716031095,6.45637908195355));
#1416=CARTESIAN_POINT('Ctrl Pts',(9.54742591843843,8.07028003705865,7.58420455043625));
#1417=CARTESIAN_POINT('Ctrl Pts',(9.66283900272228,7.93168914112846,8.71215765919732));
#1418=CARTESIAN_POINT('Ctrl Pts',(9.77460298371919,7.79147845473937,9.84029448038386));
#1419=CARTESIAN_POINT('Ctrl Pts',(9.88236710835323,7.65628568737119,10.9280570664889));
#1420=CARTESIAN_POINT('Ctrl Pts',(9.98673883355413,7.51958750669416,12.0159904507651));
#1421=CARTESIAN_POINT('Ctrl Pts',(10.0875626283196,7.38180738164641,13.1041448980422));
#1422=CARTESIAN_POINT('Ctrl Pts',(10.1939998036752,7.2363563265226,14.2528825148738));
#1423=CARTESIAN_POINT('Ctrl Pts',(10.29648242522,7.08969970601721,15.4018664953748));
#1424=CARTESIAN_POINT('Ctrl Pts',(10.3948854267121,6.94235961078994,16.5511559759773));
#1425=CARTESIAN_POINT('Ctrl Pts',(10.4932884282043,6.79501951556267,17.7004454565799));
#1426=CARTESIAN_POINT('Ctrl Pts',(10.5876118307413,6.6469963974229,18.8500404372839));
#1427=CARTESIAN_POINT('Ctrl Pts',(10.6777903227776,6.49883018879527,20.0000000545216));
#1428=CARTESIAN_POINT('',(11.7415152410203,6.02896577000644,20.));
#1429=CARTESIAN_POINT('Ctrl Pts',(10.6777896386137,6.49882932371279,20.));
#1430=CARTESIAN_POINT('Ctrl Pts',(10.7314749701701,6.41062329846277,20.));
#1431=CARTESIAN_POINT('Ctrl Pts',(10.7988980655584,6.33080135452377,20.));
#1432=CARTESIAN_POINT('Ctrl Pts',(10.9537252573569,6.19452947696993,20.));
#1433=CARTESIAN_POINT('Ctrl Pts',(11.0412228688212,6.13789656875349,20.));
#1434=CARTESIAN_POINT('Ctrl Pts',(11.2298594518664,6.05401283638085,20.));
#1435=CARTESIAN_POINT('Ctrl Pts',(11.3309397164395,6.02697922768984,20.));
#1436=CARTESIAN_POINT('Ctrl Pts',(11.5361828628633,6.00423114034013,20.));
#1437=CARTESIAN_POINT('Ctrl Pts',(11.6404436987392,6.00844208762299,20.));
#1438=CARTESIAN_POINT('Ctrl Pts',(11.7415152410203,6.02896577000644,20.));
#1439=CARTESIAN_POINT('Ctrl Pts',(11.7415152410203,6.02896577000644,20.));
#1440=CARTESIAN_POINT('Ctrl Pts',(11.2560565021398,6.9741070402699,13.3217063506645));
#1441=CARTESIAN_POINT('Ctrl Pts',(10.6177013217677,7.92274534827982,6.6586682360453));
#1442=CARTESIAN_POINT('Ctrl Pts',(9.8619777781454,8.77316569584783,7.84010989463013E-8));
#1443=CARTESIAN_POINT('Origin',(0.,0.,20.));
#1444=CARTESIAN_POINT('',(4.47095295714798,11.6730700120304,1.1475507211145E-8));
#1445=CARTESIAN_POINT('Origin',(0.,0.,0.));
#1446=CARTESIAN_POINT('',(7.24690097943756,10.1849116930009,19.9999999993409));
#1447=CARTESIAN_POINT('Ctrl Pts',(7.24690097951881,10.1849116929431,19.9999999993254));
#1448=CARTESIAN_POINT('Ctrl Pts',(6.40501938341628,10.7839382478475,13.3297815985047));
#1449=CARTESIAN_POINT('Ctrl Pts',(5.45186273039451,11.2972576779307,6.6670838304019));
#1450=CARTESIAN_POINT('Ctrl Pts',(4.47095271434152,11.6730694126663,3.91179977299316E-8));
#1451=CARTESIAN_POINT('Origin',(0.,0.,20.));
#1452=CARTESIAN_POINT('Ctrl Pts',(4.44627713452082,11.682492013395,-0.167677306660501));
#1453=CARTESIAN_POINT('Ctrl Pts',(5.43587372098646,11.3058582720873,6.5553736215995));
#1454=CARTESIAN_POINT('Ctrl Pts',(6.3979616407496,10.7889600648156,13.2738631828125));
#1455=CARTESIAN_POINT('Ctrl Pts',(7.24690097960395,10.1849116928825,20.));
#1456=CARTESIAN_POINT('Ctrl Pts',(4.17238807997584,11.7867323278093,-0.117830279755302));
#1457=CARTESIAN_POINT('Ctrl Pts',(5.17015668417781,11.4336355318252,6.6061236470548));
#1458=CARTESIAN_POINT('Ctrl Pts',(6.14472935592986,10.9389951860598,13.3242903113566));
#1459=CARTESIAN_POINT('Ctrl Pts',(7.0080298303615,10.3548764031955,20.0490460353084));
#1460=CARTESIAN_POINT('Ctrl Pts',(3.78619062575692,12.1987535001887,-0.0315079203258994));
#1461=CARTESIAN_POINT('Ctrl Pts',(4.8188294371741,11.8793959765591,6.693985167043));
#1462=CARTESIAN_POINT('Ctrl Pts',(5.83324751723131,11.4142016685223,13.4115865383113));
#1463=CARTESIAN_POINT('Ctrl Pts',(6.73794866160369,10.8510083761166,20.1339815449515));
#1464=CARTESIAN_POINT('Ctrl Pts',(3.79983515576772,12.749093329528,-0.000379807760202411));
#1465=CARTESIAN_POINT('Ctrl Pts',(4.88054744168497,12.4298975184003,6.7254703120358));
#1466=CARTESIAN_POINT('Ctrl Pts',(5.94266376210079,11.9566856364983,13.4428773204059));
#1467=CARTESIAN_POINT('Ctrl Pts',(6.88971672698158,11.3801650128658,20.1646169416663));
#1468=CARTESIAN_POINT('Ctrl Pts',(3.87704730608204,12.9582440055368,0.));
#1469=CARTESIAN_POINT('Ctrl Pts',(4.97623139934856,12.6326341254518,6.7257354655103));
#1470=CARTESIAN_POINT('Ctrl Pts',(6.05573045693052,12.1502428900576,13.443142363601));
#1471=CARTESIAN_POINT('Ctrl Pts',(7.01711430286433,11.5631082960107,20.1649948823545));
#1472=CARTESIAN_POINT('',(3.87704730608204,12.9582440055368,0.));
#1473=CARTESIAN_POINT('Ctrl Pts',(4.47095270866601,11.6730694148408,5.66043693161832E-18));
#1474=CARTESIAN_POINT('Ctrl Pts',(4.34735562118565,11.720410132336,5.66043693161832E-18));
#1475=CARTESIAN_POINT('Ctrl Pts',(4.23393161865569,11.7930648320545,-4.44089209850063E-15));
#1476=CARTESIAN_POINT('Ctrl Pts',(4.04353094876312,11.9722426223421,-4.44089209850063E-15));
#1477=CARTESIAN_POINT('Ctrl Pts',(3.96547814665558,12.0781403834658,0.));
#1478=CARTESIAN_POINT('Ctrl Pts',(3.84697926347892,12.3282847617767,0.));
#1479=CARTESIAN_POINT('Ctrl Pts',(3.82303789443918,12.4559860447701,4.44089209850063E-15));
#1480=CARTESIAN_POINT('Ctrl Pts',(3.81443930289658,12.632862029971,4.44089209850063E-15));
#1481=CARTESIAN_POINT('Ctrl Pts',(3.81779061447611,12.6996709571234,-4.44089209850063E-15));
#1482=CARTESIAN_POINT('Ctrl Pts',(3.83760128520528,12.831170528545,-4.44089209850063E-15));
#1483=CARTESIAN_POINT('Ctrl Pts',(3.85405118687751,12.8958969955109,0.));
#1484=CARTESIAN_POINT('Ctrl Pts',(3.87704730608204,12.9582440055368,0.));
#1485=CARTESIAN_POINT('',(6.993492813541,11.5774996665987,19.9999999988625));
#1486=CARTESIAN_POINT('Ctrl Pts',(3.87704730608204,12.9582440055368,0.));
#1487=CARTESIAN_POINT('Ctrl Pts',(4.96723781209515,12.6352982841538,6.67070511243019));
#1488=CARTESIAN_POINT('Ctrl Pts',(6.03806409276861,12.158126299638,13.3332173895081));
#1489=CARTESIAN_POINT('Ctrl Pts',(6.9934923415411,11.5774991377449,20.0000000204464));
#1490=CARTESIAN_POINT('Ctrl Pts',(6.99349233861464,11.577499139531,20.));
#1491=CARTESIAN_POINT('Ctrl Pts',(6.95564693328038,11.5228919224739,20.));
#1492=CARTESIAN_POINT('Ctrl Pts',(6.92353987153119,11.464347107747,20.));
#1493=CARTESIAN_POINT('Ctrl Pts',(6.87147829137316,11.3420072852293,20.));
#1494=CARTESIAN_POINT('Ctrl Pts',(6.85152353921475,11.2781745180167,20.));
#1495=CARTESIAN_POINT('Ctrl Pts',(6.81559846366497,11.1048101196883,20.));
#1496=CARTESIAN_POINT('Ctrl Pts',(6.80681692523463,10.9751985063298,20.));
#1497=CARTESIAN_POINT('Ctrl Pts',(6.85892063711394,10.7034315706672,20.));
#1498=CARTESIAN_POINT('Ctrl Pts',(6.90796405146261,10.5814127461055,20.));
#1499=CARTESIAN_POINT('Ctrl Pts',(7.04743674547431,10.3603408388413,20.));
#1500=CARTESIAN_POINT('Ctrl Pts',(7.13907231485288,10.2616353484357,20.));
#1501=CARTESIAN_POINT('Ctrl Pts',(7.24690097943756,10.1849116930009,20.));
#1502=CARTESIAN_POINT('Ctrl Pts',(6.99349328884248,11.5775001935394,20.));
#1503=CARTESIAN_POINT('Ctrl Pts',(5.95467742972505,12.0377466897874,13.3333333333333));
#1504=CARTESIAN_POINT('Ctrl Pts',(4.91586157060763,12.4979931860354,6.6666666666667));
#1505=CARTESIAN_POINT('Ctrl Pts',(3.87704571149021,12.9582396822834,0.));
#1506=CARTESIAN_POINT('Ctrl Pts',(9.12164014625998,14.648238687719,20.));
#1507=CARTESIAN_POINT('Ctrl Pts',(7.80440630612373,15.2532685201256,13.3333333333333));
#1508=CARTESIAN_POINT('Ctrl Pts',(6.48716426234697,15.8584763263601,6.6666666666667));
#1509=CARTESIAN_POINT('Ctrl Pts',(5.16993042221071,16.4635061587667,0.));
#1510=CARTESIAN_POINT('Ctrl Pts',(15.1365850519818,21.0871591723478,20.));
#1511=CARTESIAN_POINT('Ctrl Pts',(13.2192113598876,22.1254201324229,13.3333333333333));
#1512=CARTESIAN_POINT('Ctrl Pts',(11.3015193552017,23.1634393762524,6.6666666666667));
#1513=CARTESIAN_POINT('Ctrl Pts',(9.38414566310746,24.2017003363274,0.));
#1514=CARTESIAN_POINT('Ctrl Pts',(23.0154079612556,25.186369319185,20.));
#1515=CARTESIAN_POINT('Ctrl Pts',(20.6726079581942,26.8375187052974,13.3333333333333));
#1516=CARTESIAN_POINT('Ctrl Pts',(18.3307806082933,28.4892998353598,6.6666666666667));
#1517=CARTESIAN_POINT('Ctrl Pts',(15.9879806052319,30.1404492214722,0.));
#1518=CARTESIAN_POINT('Ctrl Pts',(27.7952783166743,26.5891703904735,20.));
#1519=CARTESIAN_POINT('Ctrl Pts',(25.2853088472167,28.6240046293531,13.3333333333333));
#1520=CARTESIAN_POINT('Ctrl Pts',(22.7753393777591,30.6588388682327,6.6666666666667));
#1521=CARTESIAN_POINT('Ctrl Pts',(20.2653699083015,32.6936731071123,0.));
#1522=CARTESIAN_POINT('',(20.2595947523866,32.690225148437,-3.72653463642791E-9));
#1523=CARTESIAN_POINT('Ctrl Pts',(3.87704730608203,12.9582440055368,0.));
#1524=CARTESIAN_POINT('Ctrl Pts',(5.21845856429164,16.5950742136567,0.));
#1525=CARTESIAN_POINT('Ctrl Pts',(7.28371757832903,20.5058249847863,1.25566224085105E-11));
#1526=CARTESIAN_POINT('Ctrl Pts',(13.1626528982821,27.5791371825265,1.25566224085105E-11));
#1527=CARTESIAN_POINT('Ctrl Pts',(16.518449099263,30.4561929633702,0.));
#1528=CARTESIAN_POINT('Ctrl Pts',(20.2595947493498,32.6902251535225,0.));
#1529=CARTESIAN_POINT('',(27.7952783176564,26.5891703894831,19.9999999995987));
#1530=CARTESIAN_POINT('Ctrl Pts',(27.7952783180025,26.5891703891957,19.999999998796));
#1531=CARTESIAN_POINT('Ctrl Pts',(25.2791102261618,28.6216211840134,13.3346897277841));
#1532=CARTESIAN_POINT('Ctrl Pts',(22.7673841943024,30.6542212833806,6.6676466804745));
#1533=CARTESIAN_POINT('Ctrl Pts',(20.259594752673,32.6902251481209,-1.11796039092837E-8));
#1534=CARTESIAN_POINT('Ctrl Pts',(6.99349328884248,11.5775001935394,20.));
#1535=CARTESIAN_POINT('Ctrl Pts',(9.20190412978684,14.7640529244354,20.));
#1536=CARTESIAN_POINT('Ctrl Pts',(12.1800880527131,18.0351396002355,20.));
#1537=CARTESIAN_POINT('Ctrl Pts',(19.6433251739645,23.415031869442,20.));
#1538=CARTESIAN_POINT('Ctrl Pts',(23.6131303934431,25.3617894887415,20.));
#1539=CARTESIAN_POINT('Ctrl Pts',(27.7952783166743,26.5891703904735,20.));
#1540=CARTESIAN_POINT('Ctrl Pts',(27.8234140603125,26.5664437198462,20.0745308048945));
#1541=CARTESIAN_POINT('Ctrl Pts',(25.269027237947,28.6297376939942,13.3080816027941));
#1542=CARTESIAN_POINT('Ctrl Pts',(22.7192202647473,30.6931730374075,6.5398422951313));
#1543=CARTESIAN_POINT('Ctrl Pts',(20.1734643070843,32.7601546389518,-0.229005795280699));
#1544=CARTESIAN_POINT('Ctrl Pts',(28.0706741067872,26.666256725629,20.008325741289));
#1545=CARTESIAN_POINT('Ctrl Pts',(25.511501346073,28.7498646915638,13.2499744196073));
#1546=CARTESIAN_POINT('Ctrl Pts',(22.9545787394286,30.8329316697086,6.4905594824294));
#1547=CARTESIAN_POINT('Ctrl Pts',(20.4008967610514,32.9183434407625,-0.269452872401801));
#1548=CARTESIAN_POINT('Ctrl Pts',(28.4453065055451,27.0266238485845,19.9710584650264));
#1549=CARTESIAN_POINT('Ctrl Pts',(25.8614648302613,29.1403476474398,13.2313353401812));
#1550=CARTESIAN_POINT('Ctrl Pts',(23.2771039684543,31.2525758162021,6.4914146045416));
#1551=CARTESIAN_POINT('Ctrl Pts',(20.6932205990096,33.3631345079781,-0.249151216099199));
#1552=CARTESIAN_POINT('Ctrl Pts',(28.518154172527,27.51236529524,20.0891108891126));
#1553=CARTESIAN_POINT('Ctrl Pts',(25.894693217454,29.6301137476329,13.3655907624671));
#1554=CARTESIAN_POINT('Ctrl Pts',(23.267563125813,31.7425560995826,6.6419860556683));
#1555=CARTESIAN_POINT('Ctrl Pts',(20.6408477860145,33.84879268112,-0.0835381660405998));
#1556=CARTESIAN_POINT('Ctrl Pts',(28.4886122876266,27.7041511217184,20.1584276778228));
#1557=CARTESIAN_POINT('Ctrl Pts',(25.8485848089802,29.8181886132441,13.4400170928822));
#1558=CARTESIAN_POINT('Ctrl Pts',(23.2038293591113,31.9251450293171,6.7214083639944));
#1559=CARTESIAN_POINT('Ctrl Pts',(20.5600961457044,34.0236989803348,0.));
#1560=CARTESIAN_POINT('',(20.5600961460897,34.023698979689,8.58999538166927E-10));
#1561=CARTESIAN_POINT('Ctrl Pts',(20.2595947568467,32.6902251446886,-1.47982742176472E-15));
#1562=CARTESIAN_POINT('Ctrl Pts',(20.3167424116292,32.7243509049234,-1.47982742176472E-15));
#1563=CARTESIAN_POINT('Ctrl Pts',(20.3698014292665,32.7648304456938,-4.44089209850063E-15));
#1564=CARTESIAN_POINT('Ctrl Pts',(20.465855330334,32.8564620230179,-4.44089209850063E-15));
#1565=CARTESIAN_POINT('Ctrl Pts',(20.5086405223509,32.9073071386088,2.22044604925031E-15));
#1566=CARTESIAN_POINT('Ctrl Pts',(20.6125391660867,33.0615399923237,2.22044604925031E-15));
#1567=CARTESIAN_POINT('Ctrl Pts',(20.6598461277266,33.17318827183,-1.07025499573865E-12));
#1568=CARTESIAN_POINT('Ctrl Pts',(20.7102651780955,33.411203802411,-1.07025499573865E-12));
#1569=CARTESIAN_POINT('Ctrl Pts',(20.7114556142392,33.533184131517,0.));
#1570=CARTESIAN_POINT('Ctrl Pts',(20.6688407579072,33.7860745495599,0.));
#1571=CARTESIAN_POINT('Ctrl Pts',(20.6240730364745,33.9105165818874,9.79058808127415E-16));
#1572=CARTESIAN_POINT('Ctrl Pts',(20.5600961460743,34.0236989796803,9.85831213569605E-16));
#1573=CARTESIAN_POINT('',(28.4263566437969,27.7540012001941,20.0000000025952));
#1574=CARTESIAN_POINT('Ctrl Pts',(20.5600961460851,34.0236989800326,9.68098934350792E-10));
#1575=CARTESIAN_POINT('Ctrl Pts',(23.1830486314091,31.941640444967,6.6685755908989));
#1576=CARTESIAN_POINT('Ctrl Pts',(25.8070073456604,29.8513110190071,13.334395384144));
#1577=CARTESIAN_POINT('Ctrl Pts',(28.4263566151782,27.7540011756052,20.0000000086233));
#1578=CARTESIAN_POINT('Ctrl Pts',(28.4263566117896,27.7540011783185,20.));
#1579=CARTESIAN_POINT('Ctrl Pts',(28.459691083429,27.6295944111604,20.));
#1580=CARTESIAN_POINT('Ctrl Pts',(28.4703549863935,27.4991818396254,20.));
#1581=CARTESIAN_POINT('Ctrl Pts',(28.4426283282817,27.2514074307299,20.));
#1582=CARTESIAN_POINT('Ctrl Pts',(28.40885259769,27.1411201935236,20.0000000000012));
#1583=CARTESIAN_POINT('Ctrl Pts',(28.298731842162,26.9366175375147,20.0000000000012));
#1584=CARTESIAN_POINT('Ctrl Pts',(28.2245304326736,26.8463049098746,20.));
#1585=CARTESIAN_POINT('Ctrl Pts',(28.086721399598,26.730437138431,20.));
#1586=CARTESIAN_POINT('Ctrl Pts',(28.0331576741669,26.6940975920234,20.));
#1587=CARTESIAN_POINT('Ctrl Pts',(27.918755614605,26.6325307008756,20.));
#1588=CARTESIAN_POINT('Ctrl Pts',(27.8580622170443,26.607596379219,20.));
#1589=CARTESIAN_POINT('Ctrl Pts',(27.7952783183944,26.5891703888102,20.));
#1590=CARTESIAN_POINT('Ctrl Pts',(28.4263566720388,27.7540012239261,20.));
#1591=CARTESIAN_POINT('Ctrl Pts',(25.8126381780452,29.8290959161944,13.3333333333333));
#1592=CARTESIAN_POINT('Ctrl Pts',(23.1989196840516,31.9041906084628,6.6666666666667));
#1593=CARTESIAN_POINT('Ctrl Pts',(20.585201190058,33.9792853007312,0.));
#1594=CARTESIAN_POINT('Ctrl Pts',(28.3532226222574,28.0269412134734,20.));
#1595=CARTESIAN_POINT('Ctrl Pts',(25.7175332326583,30.0930524079134,13.3333333333333));
#1596=CARTESIAN_POINT('Ctrl Pts',(23.0818438430593,32.1591636023534,6.6666666666667));
#1597=CARTESIAN_POINT('Ctrl Pts',(20.4461544534602,34.2252747967935,0.));
#1598=CARTESIAN_POINT('Ctrl Pts',(28.280088572476,28.2998812030206,20.));
#1599=CARTESIAN_POINT('Ctrl Pts',(25.6224282872715,30.3570088996324,13.3333333333333));
#1600=CARTESIAN_POINT('Ctrl Pts',(22.964768002067,32.4141365962441,6.6666666666667));
#1601=CARTESIAN_POINT('Ctrl Pts',(20.3071077168625,34.4712642928558,0.));
#1602=CARTESIAN_POINT('Ctrl Pts',(28.2069545226947,28.5728211925679,20.));
#1603=CARTESIAN_POINT('Ctrl Pts',(25.5273233418847,30.6209653913513,13.3333333333333));
#1604=CARTESIAN_POINT('Ctrl Pts',(22.8476921610747,32.6691095901347,6.6666666666667));
#1605=CARTESIAN_POINT('Ctrl Pts',(20.1680609802647,34.7172537889181,0.));
#1606=CARTESIAN_POINT('',(20.1680875686779,34.7172068545923,4.18462799967045E-7));
#1607=CARTESIAN_POINT('',(21.0531829425125,33.1513723394538,0.));
#1608=CARTESIAN_POINT('',(28.2069545200951,28.5728211918713,19.9999999940771));
#1609=CARTESIAN_POINT('Ctrl Pts',(28.2069545205075,28.5728211888014,19.9999999899995));
#1610=CARTESIAN_POINT('Ctrl Pts',(25.5299110754213,30.6045781410568,13.3276916651815));
#1611=CARTESIAN_POINT('Ctrl Pts',(22.854256600919,32.654826944472,6.6600848614442));
#1612=CARTESIAN_POINT('Ctrl Pts',(20.1680878202673,34.7172067148058,1.25538839990114E-6));
#1613=CARTESIAN_POINT('',(28.6724998151157,26.8353825080283,20.));
#1614=CARTESIAN_POINT('Origin',(18.6057018731175,7.94042650091573,0.));
#1615=CARTESIAN_POINT('',(38.0411900477368,11.7321644413605,-5.66702240689665E-10));
#1616=CARTESIAN_POINT('Ctrl Pts',(38.0411900475694,11.7321644406871,0.));
#1617=CARTESIAN_POINT('Ctrl Pts',(33.364690907186,12.8952188797604,0.));
#1618=CARTESIAN_POINT('Ctrl Pts',(28.4841397155394,13.2321907418168,5.23581178413224E-12));
#1619=CARTESIAN_POINT('Ctrl Pts',(18.3575449747845,12.1747215328772,5.23581178413224E-12));
#1620=CARTESIAN_POINT('Ctrl Pts',(13.7073257790555,10.6449412344839,0.));
#1621=CARTESIAN_POINT('Ctrl Pts',(9.86197782300147,8.77316560274408,0.));
#1622=CARTESIAN_POINT('',(38.8097638741145,10.287780907362,4.18462799967045E-7));
#1623=CARTESIAN_POINT('Ctrl Pts',(38.8097638433675,10.2877811675413,-4.88784880318507E-16));
#1624=CARTESIAN_POINT('Ctrl Pts',(38.8487691619474,10.4282123579118,-4.88784880318507E-16));
#1625=CARTESIAN_POINT('Ctrl Pts',(38.8613103725535,10.5767221921565,6.66133814775094E-14));
#1626=CARTESIAN_POINT('Ctrl Pts',(38.8323001746425,10.9017515854588,6.66133814775094E-14));
#1627=CARTESIAN_POINT('Ctrl Pts',(38.7792612265125,11.0540853050707,-1.64313007644523E-13));
#1628=CARTESIAN_POINT('Ctrl Pts',(38.6307919265658,11.3457607252938,-1.64313007644523E-13));
#1629=CARTESIAN_POINT('Ctrl Pts',(38.5219076136883,11.4555782215203,-8.88178419700125E-15));
#1630=CARTESIAN_POINT('Ctrl Pts',(38.385628510337,11.5713203024611,-8.88178419700125E-15));
#1631=CARTESIAN_POINT('Ctrl Pts',(38.3211950304322,11.6152165715279,0.));
#1632=CARTESIAN_POINT('Ctrl Pts',(38.1855734044872,11.6863481903142,0.));
#1633=CARTESIAN_POINT('Ctrl Pts',(38.1146277140241,11.7139003500919,4.31365869168877E-16));
#1634=CARTESIAN_POINT('Ctrl Pts',(38.0411900479322,11.7321644405969,4.31365869168877E-16));
#1635=CARTESIAN_POINT('',(38.5965716764954,9.52020486345726,1.28799193532814E-10));
#1636=CARTESIAN_POINT('',(38.3284086110794,8.55471176265637,0.));
#1637=CARTESIAN_POINT('',(37.4411767128785,8.78978304945829,-3.726268182902E-9));
#1638=CARTESIAN_POINT('Ctrl Pts',(37.441176714982,8.78978304166651,3.17376655828221E-15));
#1639=CARTESIAN_POINT('Ctrl Pts',(37.5057200255234,8.77350328168646,3.17376655828221E-15));
#1640=CARTESIAN_POINT('Ctrl Pts',(37.5718652462235,8.76460786300815,4.44089209850063E-15));
#1641=CARTESIAN_POINT('Ctrl Pts',(37.7045858004064,8.76148099284967,4.44089209850063E-15));
#1642=CARTESIAN_POINT('Ctrl Pts',(37.7707959970907,8.76718081585789,0.));
#1643=CARTESIAN_POINT('Ctrl Pts',(37.9533196991726,8.80277359425312,0.));
#1644=CARTESIAN_POINT('Ctrl Pts',(38.0657122432774,8.84826709969868,-1.03028696685215E-12));
#1645=CARTESIAN_POINT('Ctrl Pts',(38.2696514391312,8.98090765888872,-1.03028696685215E-12));
#1646=CARTESIAN_POINT('Ctrl Pts',(38.3567427467882,9.06631289908098,-4.44089209850063E-15));
#1647=CARTESIAN_POINT('Ctrl Pts',(38.5054348403661,9.27527077216332,-4.44089209850063E-15));
#1648=CARTESIAN_POINT('Ctrl Pts',(38.5617762563358,9.39492758848149,1.21831823942693E-16));
#1649=CARTESIAN_POINT('Ctrl Pts',(38.5965716764888,9.52020486345909,1.21831823942693E-16));
#1650=CARTESIAN_POINT('',(11.9043486496966,6.42137576747335,0.));
#1651=CARTESIAN_POINT('Ctrl Pts',(11.9043486496966,6.42137576747331,0.));
#1652=CARTESIAN_POINT('Ctrl Pts',(15.8613784240387,8.24592388722112,0.));
#1653=CARTESIAN_POINT('Ctrl Pts',(20.1312470166024,9.38920123018231,1.30295774170008E-11));
#1654=CARTESIAN_POINT('Ctrl Pts',(29.29032291357,10.2435279499135,1.30295774170008E-11));
#1655=CARTESIAN_POINT('Ctrl Pts',(33.6838579876306,9.73749348374022,0.));
#1656=CARTESIAN_POINT('Ctrl Pts',(37.4411767150784,8.78978305818018,0.));
#1657=CARTESIAN_POINT('',(11.4155481171374,5.09266580840656,1.14756093516633E-8));
#1658=CARTESIAN_POINT('Ctrl Pts',(11.4155475191573,5.09266556183309,-6.38630313846981E-16));
#1659=CARTESIAN_POINT('Ctrl Pts',(11.3614858901635,5.21384751061057,-6.38630313846981E-16));
#1660=CARTESIAN_POINT('Ctrl Pts',(11.3316420365835,5.34607227567173,2.22044604925031E-15));
#1661=CARTESIAN_POINT('Ctrl Pts',(11.3235377962882,5.58966467041502,2.22044604925031E-15));
#1662=CARTESIAN_POINT('Ctrl Pts',(11.3365505904635,5.7196292471551,2.22044604925031E-15));
#1663=CARTESIAN_POINT('Ctrl Pts',(11.4324885309213,5.97815027870528,2.22044604925031E-15));
#1664=CARTESIAN_POINT('Ctrl Pts',(11.5004942232458,6.08967028934826,0.));
#1665=CARTESIAN_POINT('Ctrl Pts',(11.6307370462066,6.23450833421332,0.));
#1666=CARTESIAN_POINT('Ctrl Pts',(11.6800443426679,6.27967625481693,2.22044604925031E-15));
#1667=CARTESIAN_POINT('Ctrl Pts',(11.7866972020916,6.35921434866363,2.22044604925031E-15));
#1668=CARTESIAN_POINT('Ctrl Pts',(11.8439557641573,6.39352919251559,0.));
#1669=CARTESIAN_POINT('Ctrl Pts',(11.9043486496966,6.42137576747335,0.));
#1670=CARTESIAN_POINT('',(12.4987464063291,0.177026185283495,8.66995364390277E-11));
#1671=CARTESIAN_POINT('Origin',(0.,0.,0.));
#1672=CARTESIAN_POINT('',(13.1770363112339,-0.769906436098137,2.61336996487671E-8));
#1673=CARTESIAN_POINT('Ctrl Pts',(13.1770363196447,-0.769906393462185,-5.65363070645357E-16));
#1674=CARTESIAN_POINT('Ctrl Pts',(13.0795765166864,-0.736262765813263,-5.65363070645357E-16));
#1675=CARTESIAN_POINT('Ctrl Pts',(12.9876621559649,-0.686939127508803,4.44089209850063E-15));
#1676=CARTESIAN_POINT('Ctrl Pts',(12.8224209123378,-0.563086954478355,4.44089209850063E-15));
#1677=CARTESIAN_POINT('Ctrl Pts',(12.7490746674522,-0.488440851313307,0.));
#1678=CARTESIAN_POINT('Ctrl Pts',(12.6289582268211,-0.320135318774002,0.));
#1679=CARTESIAN_POINT('Ctrl Pts',(12.5822005860553,-0.22661041719727,2.22044604925031E-15));
#1680=CARTESIAN_POINT('Ctrl Pts',(12.5178209081785,-0.0299450694042765,
2.22044604925031E-15));
#1681=CARTESIAN_POINT('Ctrl Pts',(12.5002138036295,0.073422152542018,-3.5935455466327E-16));
#1682=CARTESIAN_POINT('Ctrl Pts',(12.4987464063291,0.177026185283495,-3.5935455466327E-16));
#1683=CARTESIAN_POINT('',(35.1950764838478,-18.6032904089582,-3.6768055267089E-9));
#1684=CARTESIAN_POINT('Ctrl Pts',(35.1950764799904,-18.603290411279,0.));
#1685=CARTESIAN_POINT('Ctrl Pts',(32.7106959298047,-14.4741025155614,0.));
#1686=CARTESIAN_POINT('Ctrl Pts',(29.4978976640533,-10.7847595447647,5.28022070511724E-12));
#1687=CARTESIAN_POINT('Ctrl Pts',(21.5896503654738,-4.37198565096954,5.28022070511724E-12));
#1688=CARTESIAN_POINT('Ctrl Pts',(17.2197538486662,-2.16546764287881,0.));
#1689=CARTESIAN_POINT('Ctrl Pts',(13.1770362873494,-0.769906505287536,0.));
#1690=CARTESIAN_POINT('',(34.7172068545923,-20.1680875686779,4.18462799967045E-7));
#1691=CARTESIAN_POINT('Ctrl Pts',(34.7172070168254,-20.1680873629619,-3.84658940529237E-16));
#1692=CARTESIAN_POINT('Ctrl Pts',(34.8440848044428,-20.0963701282966,-3.84658940529237E-16));
#1693=CARTESIAN_POINT('Ctrl Pts',(34.9579618867682,-20.0002284470377,7.54951656745106E-14));
#1694=CARTESIAN_POINT('Ctrl Pts',(35.1672765820594,-19.7498885784412,7.54951656745106E-14));
#1695=CARTESIAN_POINT('Ctrl Pts',(35.2374909997884,-19.6046660028951,-1.73194791841524E-13));
#1696=CARTESIAN_POINT('Ctrl Pts',(35.3387578503405,-19.2934188288311,-1.73194791841524E-13));
#1697=CARTESIAN_POINT('Ctrl Pts',(35.3394149814211,-19.1387669214462,2.22044604925031E-15));
#1698=CARTESIAN_POINT('Ctrl Pts',(35.3248933194397,-18.9605694351847,2.22044604925031E-15));
#1699=CARTESIAN_POINT('Ctrl Pts',(35.3103717817748,-18.8839708359829,-4.44089209850063E-15));
#1700=CARTESIAN_POINT('Ctrl Pts',(35.2647719032737,-18.7377781652535,-4.44089209850063E-15));
#1701=CARTESIAN_POINT('Ctrl Pts',(35.2340890259576,-18.6681315776609,-1.23981692202716E-15));
#1702=CARTESIAN_POINT('Ctrl Pts',(35.1950764812408,-18.6032904133573,-1.23981692202716E-15));
#1703=CARTESIAN_POINT('',(34.023698979689,-20.5600961460898,8.58999538166927E-10));
#1704=CARTESIAN_POINT('',(33.1513723394538,-21.0531829425125,0.));
#1705=CARTESIAN_POINT('',(32.690225148437,-20.2595947523866,-3.72653463642791E-9));
#1706=CARTESIAN_POINT('Ctrl Pts',(32.6902251446886,-20.2595947568467,-1.26712553748505E-15));
#1707=CARTESIAN_POINT('Ctrl Pts',(32.7243509049235,-20.3167424116293,-1.26712553748505E-15));
#1708=CARTESIAN_POINT('Ctrl Pts',(32.7648304456939,-20.3698014292666,-8.88178419700125E-15));
#1709=CARTESIAN_POINT('Ctrl Pts',(32.856462023018,-20.4658553303341,-8.88178419700125E-15));
#1710=CARTESIAN_POINT('Ctrl Pts',(32.907307138609,-20.5086405223511,0.));
#1711=CARTESIAN_POINT('Ctrl Pts',(33.0615399923238,-20.6125391660868,0.));
#1712=CARTESIAN_POINT('Ctrl Pts',(33.1731882718301,-20.6598461277267,-1.07025499573865E-12));
#1713=CARTESIAN_POINT('Ctrl Pts',(33.4112038024109,-20.7102651780955,-1.07025499573865E-12));
#1714=CARTESIAN_POINT('Ctrl Pts',(33.5331841315169,-20.7114556142392,6.66133814775094E-15));
#1715=CARTESIAN_POINT('Ctrl Pts',(33.7860745495598,-20.6688407579072,6.66133814775094E-15));
#1716=CARTESIAN_POINT('Ctrl Pts',(33.9105165818873,-20.6240730364745,-9.90810775132734E-16));
#1717=CARTESIAN_POINT('Ctrl Pts',(34.0236989796803,-20.5600961460744,-9.90810775132734E-16));
#1718=CARTESIAN_POINT('',(12.9582440055368,-3.87704730608204,0.));
#1719=CARTESIAN_POINT('Ctrl Pts',(12.9582440055368,-3.87704730608204,0.));
#1720=CARTESIAN_POINT('Ctrl Pts',(16.5950742136567,-5.21845856429164,0.));
#1721=CARTESIAN_POINT('Ctrl Pts',(20.5058249847863,-7.28371757832903,1.25544019624613E-11));
#1722=CARTESIAN_POINT('Ctrl Pts',(27.5791371825266,-13.1626528982821,1.25544019624613E-11));
#1723=CARTESIAN_POINT('Ctrl Pts',(30.4561929633702,-16.518449099263,1.95090994244818E-16));
#1724=CARTESIAN_POINT('Ctrl Pts',(32.6902251535225,-20.2595947493498,1.95090994244818E-16));
#1725=CARTESIAN_POINT('',(11.6730700120303,-4.47095295714799,1.14755049906989E-8));
#1726=CARTESIAN_POINT('Ctrl Pts',(11.6730694148408,-4.47095270866602,8.10629552647228E-18));
#1727=CARTESIAN_POINT('Ctrl Pts',(11.720410132336,-4.34735562118565,8.10629552647228E-18));
#1728=CARTESIAN_POINT('Ctrl Pts',(11.7930648320545,-4.23393161865568,-4.44089209850063E-15));
#1729=CARTESIAN_POINT('Ctrl Pts',(11.9722426223421,-4.04353094876313,-4.44089209850063E-15));
#1730=CARTESIAN_POINT('Ctrl Pts',(12.0781403834658,-3.96547814665559,2.22044604925031E-15));
#1731=CARTESIAN_POINT('Ctrl Pts',(12.3282847617766,-3.84697926347893,2.22044604925031E-15));
#1732=CARTESIAN_POINT('Ctrl Pts',(12.4559860447701,-3.82303789443919,2.22044604925031E-15));
#1733=CARTESIAN_POINT('Ctrl Pts',(12.632862029971,-3.81443930289659,2.22044604925031E-15));
#1734=CARTESIAN_POINT('Ctrl Pts',(12.6996709571234,-3.81779061447612,-4.44089209850063E-15));
#1735=CARTESIAN_POINT('Ctrl Pts',(12.831170528545,-3.83760128520528,-4.44089209850063E-15));
#1736=CARTESIAN_POINT('Ctrl Pts',(12.8958969955109,-3.85405118687752,0.));
#1737=CARTESIAN_POINT('Ctrl Pts',(12.9582440055368,-3.87704730608204,0.));
#1738=CARTESIAN_POINT('',(8.96312475630539,-8.71277192418724,9.74997860225812E-11));
#1739=CARTESIAN_POINT('Origin',(0.,0.,0.));
#1740=CARTESIAN_POINT('',(8.7731656697593,-9.86197779346364,2.61336996487671E-8));
#1741=CARTESIAN_POINT('Ctrl Pts',(8.77316570586509,-9.86197776925584,1.43720490952236E-16));
#1742=CARTESIAN_POINT('Ctrl Pts',(8.72804099806056,-9.76927393719948,1.43720490952236E-16));
#1743=CARTESIAN_POINT('Ctrl Pts',(8.69792689325037,-9.66940395624773,-4.44089209850063E-15));
#1744=CARTESIAN_POINT('Ctrl Pts',(8.66866462857759,-9.46498409536507,-4.44089209850063E-15));
#1745=CARTESIAN_POINT('Ctrl Pts',(8.6695860210278,-9.36033803904689,6.66133814775094E-15));
#1746=CARTESIAN_POINT('Ctrl Pts',(8.70366067637983,-9.15639356368745,6.66133814775094E-15));
#1747=CARTESIAN_POINT('Ctrl Pts',(8.73672785813209,-9.05719846414636,-4.44089209850063E-15));
#1748=CARTESIAN_POINT('Ctrl Pts',(8.83026396166252,-8.87261046963107,-4.44089209850063E-15));
#1749=CARTESIAN_POINT('Ctrl Pts',(8.89090346433711,-8.78706842312583,1.78643879388569E-17));
#1750=CARTESIAN_POINT('Ctrl Pts',(8.96312475630539,-8.71277192418724,1.78643879388569E-17));
#1751=CARTESIAN_POINT('',(11.7321644413605,-38.0411900477368,-5.66693358905468E-10));
#1752=CARTESIAN_POINT('Ctrl Pts',(11.7321644406871,-38.0411900475694,0.));
#1753=CARTESIAN_POINT('Ctrl Pts',(12.7643698361817,-33.8908188503501,0.));
#1754=CARTESIAN_POINT('Ctrl Pts',(13.2947943049447,-29.0242514541139,5.21804821573824E-12));
#1755=CARTESIAN_POINT('Ctrl Pts',(12.2256876050664,-18.8989767268942,5.21804821573824E-12));
#1756=CARTESIAN_POINT('Ctrl Pts',(10.8822657531138,-14.194883069439,0.));
#1757=CARTESIAN_POINT('Ctrl Pts',(8.77316560392407,-9.86197782550983,0.));
#1758=CARTESIAN_POINT('',(10.287780907362,-38.8097638741145,4.18462799967045E-7));
#1759=CARTESIAN_POINT('Ctrl Pts',(10.2877811675413,-38.8097638433675,-8.26280968097955E-16));
#1760=CARTESIAN_POINT('Ctrl Pts',(10.4282123579118,-38.8487691619474,-8.26280968097955E-16));
#1761=CARTESIAN_POINT('Ctrl Pts',(10.5767221921564,-38.8613103725536,7.105427357601E-14));
#1762=CARTESIAN_POINT('Ctrl Pts',(10.9017515854586,-38.8323001746425,7.105427357601E-14));
#1763=CARTESIAN_POINT('Ctrl Pts',(11.0540853050705,-38.7792612265126,-1.73194791841524E-13));
#1764=CARTESIAN_POINT('Ctrl Pts',(11.3457607252939,-38.6307919265657,-1.73194791841524E-13));
#1765=CARTESIAN_POINT('Ctrl Pts',(11.4555782215204,-38.5219076136882,2.22044604925031E-15));
#1766=CARTESIAN_POINT('Ctrl Pts',(11.571320302461,-38.385628510337,2.22044604925031E-15));
#1767=CARTESIAN_POINT('Ctrl Pts',(11.6152165715279,-38.3211950304322,4.44089209850063E-15));
#1768=CARTESIAN_POINT('Ctrl Pts',(11.6863481903142,-38.1855734044872,4.44089209850063E-15));
#1769=CARTESIAN_POINT('Ctrl Pts',(11.7139003500919,-38.1146277140241,4.52161228285047E-16));
#1770=CARTESIAN_POINT('Ctrl Pts',(11.7321644405969,-38.0411900479322,4.52161228285047E-16));
#1771=CARTESIAN_POINT('',(9.52020486345725,-38.5965716764954,1.28799193532814E-10));
#1772=CARTESIAN_POINT('',(8.55471176265637,-38.3284086110794,0.));
#1773=CARTESIAN_POINT('',(8.78978304945828,-37.4411767128785,-3.726268182902E-9));
#1774=CARTESIAN_POINT('Ctrl Pts',(8.7897830416665,-37.441176714982,3.17376655804593E-15));
#1775=CARTESIAN_POINT('Ctrl Pts',(8.77350328168644,-37.5057200255235,3.17376655804593E-15));
#1776=CARTESIAN_POINT('Ctrl Pts',(8.76460786300814,-37.5718652462235,-4.44089209850063E-15));
#1777=CARTESIAN_POINT('Ctrl Pts',(8.76148099284966,-37.7045858004063,-4.44089209850063E-15));
#1778=CARTESIAN_POINT('Ctrl Pts',(8.76718081585787,-37.7707959970906,0.));
#1779=CARTESIAN_POINT('Ctrl Pts',(8.80277359425307,-37.9533196991724,0.));
#1780=CARTESIAN_POINT('Ctrl Pts',(8.84826709969862,-38.0657122432773,-1.03028696685215E-12));
#1781=CARTESIAN_POINT('Ctrl Pts',(8.98090765888864,-38.2696514391311,-1.03028696685215E-12));
#1782=CARTESIAN_POINT('Ctrl Pts',(9.06631289908088,-38.3567427467881,0.));
#1783=CARTESIAN_POINT('Ctrl Pts',(9.27527077216325,-38.5054348403661,0.));
#1784=CARTESIAN_POINT('Ctrl Pts',(9.39492758848148,-38.5617762563358,1.57797719794659E-16));
#1785=CARTESIAN_POINT('Ctrl Pts',(9.52020486345908,-38.5965716764888,1.57797719794659E-16));
#1786=CARTESIAN_POINT('',(6.42137576747334,-11.9043486496966,0.));
#1787=CARTESIAN_POINT('Ctrl Pts',(6.42137576747331,-11.9043486496966,0.));
#1788=CARTESIAN_POINT('Ctrl Pts',(8.24592388722111,-15.8613784240387,0.));
#1789=CARTESIAN_POINT('Ctrl Pts',(9.38920123018231,-20.1312470166024,1.30295774170008E-11));
#1790=CARTESIAN_POINT('Ctrl Pts',(10.2435279499135,-29.29032291357,1.30295774170008E-11));
#1791=CARTESIAN_POINT('Ctrl Pts',(9.73749348374023,-33.6838579876305,0.));
#1792=CARTESIAN_POINT('Ctrl Pts',(8.78978305818016,-37.4411767150784,0.));
#1793=CARTESIAN_POINT('',(5.0926658084066,-11.4155481171374,1.14755049906989E-8));
#1794=CARTESIAN_POINT('Ctrl Pts',(5.09266556183309,-11.4155475191573,-1.67143780157918E-17));
#1795=CARTESIAN_POINT('Ctrl Pts',(5.21353226270015,-11.3616281660831,-1.67143780157918E-17));
#1796=CARTESIAN_POINT('Ctrl Pts',(5.34510413895102,-11.3328009611266,-4.44089209850063E-15));
#1797=CARTESIAN_POINT('Ctrl Pts',(5.60643496655841,-11.3248637592117,-4.44089209850063E-15));
#1798=CARTESIAN_POINT('Ctrl Pts',(5.73651222139022,-11.3445541740854,0.));
#1799=CARTESIAN_POINT('Ctrl Pts',(5.99720074849348,-11.4376488352231,0.));
#1800=CARTESIAN_POINT('Ctrl Pts',(6.10443145392076,-11.5110252394001,4.44089209850063E-15));
#1801=CARTESIAN_POINT('Ctrl Pts',(6.23557369134524,-11.6300089942555,4.44089209850063E-15));
#1802=CARTESIAN_POINT('Ctrl Pts',(6.28044317893248,-11.6796177913931,0.));
#1803=CARTESIAN_POINT('Ctrl Pts',(6.35941615071022,-11.7866061462174,0.));
#1804=CARTESIAN_POINT('Ctrl Pts',(6.3935515354742,-11.8440042209512,0.));
#1805=CARTESIAN_POINT('Ctrl Pts',(6.42137576747334,-11.9043486496966,0.));
#1806=CARTESIAN_POINT('',(0.177026185283495,-12.4987464063291,8.66995364390277E-11));
#1807=CARTESIAN_POINT('Origin',(0.,0.,0.));
#1808=CARTESIAN_POINT('',(-0.769906436109757,-13.1770363112299,2.61336996487671E-8));
#1809=CARTESIAN_POINT('Ctrl Pts',(-0.769906393462185,-13.1770363196447,
4.74575011293809E-17));
#1810=CARTESIAN_POINT('Ctrl Pts',(-0.736262765813268,-13.0795765166864,
4.74575011293809E-17));
#1811=CARTESIAN_POINT('Ctrl Pts',(-0.686939127508812,-12.9876621559649,
2.22044604925031E-15));
#1812=CARTESIAN_POINT('Ctrl Pts',(-0.56308695447837,-12.8224209123378,2.22044604925031E-15));
#1813=CARTESIAN_POINT('Ctrl Pts',(-0.488440851313334,-12.7490746674523,
2.22044604925031E-15));
#1814=CARTESIAN_POINT('Ctrl Pts',(-0.32013531877405,-12.6289582268212,2.22044604925031E-15));
#1815=CARTESIAN_POINT('Ctrl Pts',(-0.22661041719732,-12.5822005860553,2.22044604925031E-15));
#1816=CARTESIAN_POINT('Ctrl Pts',(-0.0299450694042911,-12.5178209081785,
2.22044604925031E-15));
#1817=CARTESIAN_POINT('Ctrl Pts',(0.0734221525420105,-12.5002138036295,
6.82982647538363E-17));
#1818=CARTESIAN_POINT('Ctrl Pts',(0.177026185283495,-12.4987464063291,6.82982647538363E-17));
#1819=CARTESIAN_POINT('',(-18.6032904089582,-35.1950764838478,-3.6768055267089E-9));
#1820=CARTESIAN_POINT('Ctrl Pts',(-18.6032904112791,-35.1950764799904,0.));
#1821=CARTESIAN_POINT('Ctrl Pts',(-14.9385640901319,-32.9901453836256,0.));
#1822=CARTESIAN_POINT('Ctrl Pts',(-11.1223442369006,-29.9240003542196,5.26467758277249E-12));
#1823=CARTESIAN_POINT('Ctrl Pts',(-4.71873104744641,-22.0084587925204,5.26467758277249E-12));
#1824=CARTESIAN_POINT('Ctrl Pts',(-2.34237415281487,-17.7322219407468,0.));
#1825=CARTESIAN_POINT('Ctrl Pts',(-0.769906505322381,-13.1770362873375,
0.));
#1826=CARTESIAN_POINT('',(-20.1680875686779,-34.7172068545923,4.18462799967045E-7));
#1827=CARTESIAN_POINT('Ctrl Pts',(-20.1680873629619,-34.7172070168254,1.30040422211434E-16));
#1828=CARTESIAN_POINT('Ctrl Pts',(-20.0963701282966,-34.8440848044429,1.30040422211434E-16));
#1829=CARTESIAN_POINT('Ctrl Pts',(-20.0002284470376,-34.9579618867683,6.21724893790088E-14));
#1830=CARTESIAN_POINT('Ctrl Pts',(-19.749888578441,-35.1672765820596,6.21724893790088E-14));
#1831=CARTESIAN_POINT('Ctrl Pts',(-19.6046660028948,-35.2374909997885,-1.73194791841524E-13));
#1832=CARTESIAN_POINT('Ctrl Pts',(-19.2934188288308,-35.3387578503406,-1.73194791841524E-13));
#1833=CARTESIAN_POINT('Ctrl Pts',(-19.1387669214458,-35.3394149814211,-4.44089209850063E-15));
#1834=CARTESIAN_POINT('Ctrl Pts',(-18.9605694351845,-35.3248933194397,-4.44089209850063E-15));
#1835=CARTESIAN_POINT('Ctrl Pts',(-18.8839708359827,-35.3103717817747,0.));
#1836=CARTESIAN_POINT('Ctrl Pts',(-18.7377781652534,-35.2647719032737,0.));
#1837=CARTESIAN_POINT('Ctrl Pts',(-18.6681315776608,-35.2340890259576,-1.02564446720538E-15));
#1838=CARTESIAN_POINT('Ctrl Pts',(-18.6032904133573,-35.1950764812408,-1.02564446720538E-15));
#1839=CARTESIAN_POINT('',(-20.5600961460898,-34.023698979689,8.58999538166927E-10));
#1840=CARTESIAN_POINT('',(-21.0531829425125,-33.1513723394538,0.));
#1841=CARTESIAN_POINT('',(-20.2595947523866,-32.690225148437,-3.72653463642791E-9));
#1842=CARTESIAN_POINT('Ctrl Pts',(-20.2595947568467,-32.6902251446886,-1.26712553715486E-15));
#1843=CARTESIAN_POINT('Ctrl Pts',(-20.3167424116293,-32.7243509049234,-1.26712553715486E-15));
#1844=CARTESIAN_POINT('Ctrl Pts',(-20.3698014292666,-32.7648304456938,-4.44089209850063E-15));
#1845=CARTESIAN_POINT('Ctrl Pts',(-20.465855330334,-32.856462023018,-4.44089209850063E-15));
#1846=CARTESIAN_POINT('Ctrl Pts',(-20.508640522351,-32.9073071386089,6.66133814775094E-15));
#1847=CARTESIAN_POINT('Ctrl Pts',(-20.6125391660868,-33.0615399923238,6.66133814775094E-15));
#1848=CARTESIAN_POINT('Ctrl Pts',(-20.6598461277267,-33.1731882718301,-1.07025499573865E-12));
#1849=CARTESIAN_POINT('Ctrl Pts',(-20.7102651780956,-33.411203802411,-1.07025499573865E-12));
#1850=CARTESIAN_POINT('Ctrl Pts',(-20.7114556142393,-33.5331841315169,4.44089209850063E-15));
#1851=CARTESIAN_POINT('Ctrl Pts',(-20.6688407579072,-33.7860745495599,4.44089209850063E-15));
#1852=CARTESIAN_POINT('Ctrl Pts',(-20.6240730364745,-33.9105165818873,-3.73707142247239E-16));
#1853=CARTESIAN_POINT('Ctrl Pts',(-20.5600961460744,-34.0236989796803,-3.73707142247239E-16));
#1854=CARTESIAN_POINT('',(-3.87704730608204,-12.9582440055368,0.));
#1855=CARTESIAN_POINT('Ctrl Pts',(-3.87704730608204,-12.9582440055368,9.7545497122409E-17));
#1856=CARTESIAN_POINT('Ctrl Pts',(-5.21845856429193,-16.5950742136574,9.7545497122409E-17));
#1857=CARTESIAN_POINT('Ctrl Pts',(-7.28371757832955,-20.505824984787,1.25544019624613E-11));
#1858=CARTESIAN_POINT('Ctrl Pts',(-13.1626528982821,-27.5791371825266,1.25544019624613E-11));
#1859=CARTESIAN_POINT('Ctrl Pts',(-16.518449099263,-30.4561929633702,2.22044604925031E-15));
#1860=CARTESIAN_POINT('Ctrl Pts',(-20.2595947493498,-32.6902251535225,2.22044604925031E-15));
#1861=CARTESIAN_POINT('',(-4.47095295714799,-11.6730700120303,1.14755049906989E-8));
#1862=CARTESIAN_POINT('Ctrl Pts',(-4.47095270866602,-11.6730694148408,1.0823881242047E-17));
#1863=CARTESIAN_POINT('Ctrl Pts',(-4.34735562118566,-11.720410132336,1.0823881242047E-17));
#1864=CARTESIAN_POINT('Ctrl Pts',(-4.23393161865569,-11.7930648320545,-8.88178419700125E-15));
#1865=CARTESIAN_POINT('Ctrl Pts',(-4.04353094876314,-11.9722426223421,-8.88178419700125E-15));
#1866=CARTESIAN_POINT('Ctrl Pts',(-3.96547814665559,-12.0781403834658,0.));
#1867=CARTESIAN_POINT('Ctrl Pts',(-3.84697926347893,-12.3282847617766,0.));
#1868=CARTESIAN_POINT('Ctrl Pts',(-3.82303789443919,-12.4559860447701,2.22044604925031E-15));
#1869=CARTESIAN_POINT('Ctrl Pts',(-3.81443930289659,-12.632862029971,2.22044604925031E-15));
#1870=CARTESIAN_POINT('Ctrl Pts',(-3.81779061447612,-12.6996709571234,-4.44089209850063E-15));
#1871=CARTESIAN_POINT('Ctrl Pts',(-3.83760128520528,-12.831170528545,-4.44089209850063E-15));
#1872=CARTESIAN_POINT('Ctrl Pts',(-3.85405118687751,-12.8958969955109,0.));
#1873=CARTESIAN_POINT('Ctrl Pts',(-3.87704730608204,-12.9582440055368,0.));
#1874=CARTESIAN_POINT('',(-8.71277192418473,-8.96312475630783,8.66995364390277E-11));
#1875=CARTESIAN_POINT('Origin',(0.,0.,0.));
#1876=CARTESIAN_POINT('',(-9.86197779346365,-8.7731656697593,2.61336996487671E-8));
#1877=CARTESIAN_POINT('Ctrl Pts',(-9.86197776925585,-8.77316570586509,-2.77633555009677E-17));
#1878=CARTESIAN_POINT('Ctrl Pts',(-9.76927393719197,-8.7280409980569,-2.77633555009677E-17));
#1879=CARTESIAN_POINT('Ctrl Pts',(-9.66940395623152,-8.69792689324549,-8.88178419700125E-15));
#1880=CARTESIAN_POINT('Ctrl Pts',(-9.46498409533262,-8.66866462857552,-8.88178419700125E-15));
#1881=CARTESIAN_POINT('Ctrl Pts',(-9.3603380390058,-8.6695860210293,1.11022302462516E-14));
#1882=CARTESIAN_POINT('Ctrl Pts',(-9.15639356364693,-8.70366067639195,1.11022302462516E-14));
#1883=CARTESIAN_POINT('Ctrl Pts',(-9.05719846411523,-8.73672785814506,-4.44089209850063E-15));
#1884=CARTESIAN_POINT('Ctrl Pts',(-8.87261046961717,-8.83026396167238,-4.44089209850063E-15));
#1885=CARTESIAN_POINT('Ctrl Pts',(-8.78706842311703,-8.89090346434516,1.85151369181346E-16));
#1886=CARTESIAN_POINT('Ctrl Pts',(-8.71277192418474,-8.96312475630783,1.85151369181346E-16));
#1887=CARTESIAN_POINT('',(-38.0411900477368,-11.7321644413605,-5.66697799797566E-10));
#1888=CARTESIAN_POINT('Ctrl Pts',(-38.0411900475694,-11.7321644406872,0.));
#1889=CARTESIAN_POINT('Ctrl Pts',(-33.8908188503511,-12.7643698361814,0.));
#1890=CARTESIAN_POINT('Ctrl Pts',(-29.0242514541148,-13.2947943049448,5.22026866178749E-12));
#1891=CARTESIAN_POINT('Ctrl Pts',(-18.8989767268942,-12.2256876050664,5.22026866178749E-12));
#1892=CARTESIAN_POINT('Ctrl Pts',(-14.194883069439,-10.8822657531138,0.));
#1893=CARTESIAN_POINT('Ctrl Pts',(-9.86197782550983,-8.77316560392408,0.));
#1894=CARTESIAN_POINT('',(-38.8097638741145,-10.287780907362,4.18462799967045E-7));
#1895=CARTESIAN_POINT('Ctrl Pts',(-38.8097638433675,-10.2877811675413,-8.5435604432888E-17));
#1896=CARTESIAN_POINT('Ctrl Pts',(-38.8487691619474,-10.4282123579118,-8.5435604432888E-17));
#1897=CARTESIAN_POINT('Ctrl Pts',(-38.8613103725536,-10.5767221921565,6.43929354282591E-14));
#1898=CARTESIAN_POINT('Ctrl Pts',(-38.8323001746424,-10.9017515854591,6.43929354282591E-14));
#1899=CARTESIAN_POINT('Ctrl Pts',(-38.7792612265124,-11.054085305071,-1.73194791841524E-13));
#1900=CARTESIAN_POINT('Ctrl Pts',(-38.6307919265659,-11.3457607252937,-1.73194791841524E-13));
#1901=CARTESIAN_POINT('Ctrl Pts',(-38.5219076136885,-11.4555782215202,4.44089209850063E-15));
#1902=CARTESIAN_POINT('Ctrl Pts',(-38.3856285103371,-11.571320302461,4.44089209850063E-15));
#1903=CARTESIAN_POINT('Ctrl Pts',(-38.3211950304323,-11.6152165715279,6.66133814775094E-15));
#1904=CARTESIAN_POINT('Ctrl Pts',(-38.1855734044873,-11.6863481903142,6.66133814775094E-15));
#1905=CARTESIAN_POINT('Ctrl Pts',(-38.1146277140242,-11.7139003500919,2.27534091007462E-16));
#1906=CARTESIAN_POINT('Ctrl Pts',(-38.0411900479322,-11.7321644405969,2.27534091007462E-16));
#1907=CARTESIAN_POINT('',(-38.5965716764954,-9.52020486345727,1.28799193532814E-10));
#1908=CARTESIAN_POINT('',(-38.3284086110794,-8.55471176265637,0.));
#1909=CARTESIAN_POINT('',(-37.4411767128785,-8.7897830494583,-3.726268182902E-9));
#1910=CARTESIAN_POINT('Ctrl Pts',(-37.441176714982,-8.78978304166653,3.17376655804694E-15));
#1911=CARTESIAN_POINT('Ctrl Pts',(-37.5057200255234,-8.77350328168647,3.17376655804694E-15));
#1912=CARTESIAN_POINT('Ctrl Pts',(-37.5718652462235,-8.76460786300816,0.));
#1913=CARTESIAN_POINT('Ctrl Pts',(-37.7045858004064,-8.76148099284968,0.));
#1914=CARTESIAN_POINT('Ctrl Pts',(-37.7707959970906,-8.7671808158579,0.));
#1915=CARTESIAN_POINT('Ctrl Pts',(-37.9533196991725,-8.80277359425312,0.));
#1916=CARTESIAN_POINT('Ctrl Pts',(-38.0657122432774,-8.84826709969868,-1.03028696685215E-12));
#1917=CARTESIAN_POINT('Ctrl Pts',(-38.2696514391312,-8.9809076588887,-1.03028696685215E-12));
#1918=CARTESIAN_POINT('Ctrl Pts',(-38.3567427467882,-9.06631289908096,0.));
#1919=CARTESIAN_POINT('Ctrl Pts',(-38.5054348403661,-9.2752707721633,0.));
#1920=CARTESIAN_POINT('Ctrl Pts',(-38.5617762563358,-9.39492758848149,-1.79778410431686E-16));
#1921=CARTESIAN_POINT('Ctrl Pts',(-38.5965716764888,-9.5202048634591,-1.79778410431686E-16));
#1922=CARTESIAN_POINT('',(-11.9043486496966,-6.42137576747335,0.));
#1923=CARTESIAN_POINT('Ctrl Pts',(-11.9043486496966,-6.42137576747332,0.));
#1924=CARTESIAN_POINT('Ctrl Pts',(-15.8613784240387,-8.24592388722112,0.));
#1925=CARTESIAN_POINT('Ctrl Pts',(-20.1312470166024,-9.38920123018231,1.30295774170008E-11));
#1926=CARTESIAN_POINT('Ctrl Pts',(-29.2903229135703,-10.2435279499135,1.30295774170008E-11));
#1927=CARTESIAN_POINT('Ctrl Pts',(-33.6838579876308,-9.73749348374016,0.));
#1928=CARTESIAN_POINT('Ctrl Pts',(-37.4411767150784,-8.78978305818018,0.));
#1929=CARTESIAN_POINT('',(-11.4155481171374,-5.09266580840661,1.14755049906989E-8));
#1930=CARTESIAN_POINT('Ctrl Pts',(-11.4155475191573,-5.09266556183309,-1.76202397109571E-17));
#1931=CARTESIAN_POINT('Ctrl Pts',(-11.3616281660831,-5.21353226270014,-1.76202397109571E-17));
#1932=CARTESIAN_POINT('Ctrl Pts',(-11.3328009611266,-5.34510413895099,-4.44089209850063E-15));
#1933=CARTESIAN_POINT('Ctrl Pts',(-11.3248637592116,-5.60643496655838,-4.44089209850063E-15));
#1934=CARTESIAN_POINT('Ctrl Pts',(-11.3445541740854,-5.73651222139021,0.));
#1935=CARTESIAN_POINT('Ctrl Pts',(-11.4376488352231,-5.99720074849352,0.));
#1936=CARTESIAN_POINT('Ctrl Pts',(-11.5110252394001,-6.10443145392081,4.44089209850063E-15));
#1937=CARTESIAN_POINT('Ctrl Pts',(-11.6300089942555,-6.2355736913453,4.44089209850063E-15));
#1938=CARTESIAN_POINT('Ctrl Pts',(-11.6796177913931,-6.28044317893252,4.44089209850063E-15));
#1939=CARTESIAN_POINT('Ctrl Pts',(-11.7866061462174,-6.35941615071023,4.44089209850063E-15));
#1940=CARTESIAN_POINT('Ctrl Pts',(-11.8440042209512,-6.39355153547422,0.));
#1941=CARTESIAN_POINT('Ctrl Pts',(-11.9043486496966,-6.42137576747335,0.));
#1942=CARTESIAN_POINT('',(-12.4987464063291,-0.177026185283497,8.66995364390277E-11));
#1943=CARTESIAN_POINT('Origin',(0.,0.,0.));
#1944=CARTESIAN_POINT('',(-13.1770363112339,0.769906436098134,2.61336996487671E-8));
#1945=CARTESIAN_POINT('Ctrl Pts',(-13.1770363196447,0.769906393462184,-1.08241437430836E-15));
#1946=CARTESIAN_POINT('Ctrl Pts',(-13.0795765166864,0.736262765813267,-1.08241437430836E-15));
#1947=CARTESIAN_POINT('Ctrl Pts',(-12.9876621559649,0.686939127508815,0.));
#1948=CARTESIAN_POINT('Ctrl Pts',(-12.8224209123378,0.563086954478382,0.));
#1949=CARTESIAN_POINT('Ctrl Pts',(-12.7490746674523,0.48844085131335,-4.44089209850063E-15));
#1950=CARTESIAN_POINT('Ctrl Pts',(-12.6289582268212,0.320135318774063,-4.44089209850063E-15));
#1951=CARTESIAN_POINT('Ctrl Pts',(-12.5822005860553,0.226610417197323,2.22044604925031E-15));
#1952=CARTESIAN_POINT('Ctrl Pts',(-12.5178209081785,0.0299450694043074,
2.22044604925031E-15));
#1953=CARTESIAN_POINT('Ctrl Pts',(-12.5002138036295,-0.0734221525420039,
-2.77832532353965E-17));
#1954=CARTESIAN_POINT('Ctrl Pts',(-12.4987464063291,-0.177026185283497,
-2.77832532353965E-17));
#1955=CARTESIAN_POINT('',(-35.1950764838478,18.6032904089582,-3.6768055267089E-9));
#1956=CARTESIAN_POINT('Ctrl Pts',(-35.1950764799904,18.6032904112791,0.));
#1957=CARTESIAN_POINT('Ctrl Pts',(-32.7106959298047,14.4741025155614,0.));
#1958=CARTESIAN_POINT('Ctrl Pts',(-29.4978976640533,10.7847595447647,5.28244115116649E-12));
#1959=CARTESIAN_POINT('Ctrl Pts',(-21.5896503654736,4.37198565096942,5.28244115116649E-12));
#1960=CARTESIAN_POINT('Ctrl Pts',(-17.219753848666,2.16546764287875,0.));
#1961=CARTESIAN_POINT('Ctrl Pts',(-13.1770362873495,0.769906505287539,0.));
#1962=CARTESIAN_POINT('',(-34.7172068545923,20.1680875686779,4.18462799967045E-7));
#1963=CARTESIAN_POINT('Ctrl Pts',(-34.7172070168254,20.1680873629619,1.99903103973925E-16));
#1964=CARTESIAN_POINT('Ctrl Pts',(-34.8440848044429,20.0963701282966,1.99903103973925E-16));
#1965=CARTESIAN_POINT('Ctrl Pts',(-34.9579618867683,20.0002284470376,6.88338275267597E-14));
#1966=CARTESIAN_POINT('Ctrl Pts',(-35.1672765820591,19.7498885784417,6.88338275267597E-14));
#1967=CARTESIAN_POINT('Ctrl Pts',(-35.2374909997882,19.6046660028958,-1.73194791841524E-13));
#1968=CARTESIAN_POINT('Ctrl Pts',(-35.3387578503406,19.2934188288309,-1.73194791841524E-13));
#1969=CARTESIAN_POINT('Ctrl Pts',(-35.3394149814211,19.1387669214459,0.));
#1970=CARTESIAN_POINT('Ctrl Pts',(-35.3248933194397,18.9605694351844,0.));
#1971=CARTESIAN_POINT('Ctrl Pts',(-35.3103717817747,18.8839708359827,0.));
#1972=CARTESIAN_POINT('Ctrl Pts',(-35.2647719032737,18.7377781652534,0.));
#1973=CARTESIAN_POINT('Ctrl Pts',(-35.2340890259576,18.6681315776608,-1.1101639825813E-16));
#1974=CARTESIAN_POINT('Ctrl Pts',(-35.1950764812408,18.6032904133573,-1.1101639825813E-16));
#1975=CARTESIAN_POINT('',(-34.023698979689,20.5600961460898,8.58999538166927E-10));
#1976=CARTESIAN_POINT('',(-33.1513723394538,21.0531829425125,0.));
#1977=CARTESIAN_POINT('',(-32.690225148437,20.2595947523866,-3.72653463642791E-9));
#1978=CARTESIAN_POINT('Ctrl Pts',(-32.6902251446886,20.2595947568467,-1.26712553714174E-15));
#1979=CARTESIAN_POINT('Ctrl Pts',(-32.7243509049234,20.3167424116293,-1.26712553714174E-15));
#1980=CARTESIAN_POINT('Ctrl Pts',(-32.7648304456938,20.3698014292665,-4.44089209850063E-15));
#1981=CARTESIAN_POINT('Ctrl Pts',(-32.8564620230179,20.465855330334,-4.44089209850063E-15));
#1982=CARTESIAN_POINT('Ctrl Pts',(-32.9073071386089,20.508640522351,0.));
#1983=CARTESIAN_POINT('Ctrl Pts',(-33.0615399923237,20.6125391660867,0.));
#1984=CARTESIAN_POINT('Ctrl Pts',(-33.17318827183,20.6598461277267,-1.07025499573865E-12));
#1985=CARTESIAN_POINT('Ctrl Pts',(-33.4112038024108,20.7102651780956,-1.07025499573865E-12));
#1986=CARTESIAN_POINT('Ctrl Pts',(-33.5331841315168,20.7114556142393,0.));
#1987=CARTESIAN_POINT('Ctrl Pts',(-33.7860745495598,20.6688407579072,0.));
#1988=CARTESIAN_POINT('Ctrl Pts',(-33.9105165818873,20.6240730364745,1.60696109708314E-16));
#1989=CARTESIAN_POINT('Ctrl Pts',(-34.0236989796803,20.5600961460744,1.60696109708314E-16));
#1990=CARTESIAN_POINT('',(-12.9582440055368,3.87704730608204,0.));
#1991=CARTESIAN_POINT('Ctrl Pts',(-12.9582440055368,3.87704730608204,9.7545497122409E-17));
#1992=CARTESIAN_POINT('Ctrl Pts',(-16.5950742136563,5.21845856429151,9.7545497122409E-17));
#1993=CARTESIAN_POINT('Ctrl Pts',(-20.5058249847861,7.2837175783288,1.25544019624613E-11));
#1994=CARTESIAN_POINT('Ctrl Pts',(-27.5791371825265,13.1626528982821,1.25544019624613E-11));
#1995=CARTESIAN_POINT('Ctrl Pts',(-30.4561929633702,16.518449099263,2.22044604925031E-15));
#1996=CARTESIAN_POINT('Ctrl Pts',(-32.6902251535225,20.2595947493498,2.22044604925031E-15));
#1997=CARTESIAN_POINT('',(-11.6730700120303,4.47095295714799,1.14755049906989E-8));
#1998=CARTESIAN_POINT('Ctrl Pts',(-11.6730694148408,4.47095270866602,5.38871125684801E-18));
#1999=CARTESIAN_POINT('Ctrl Pts',(-11.720410132336,4.34735562118567,5.38871125684801E-18));
#2000=CARTESIAN_POINT('Ctrl Pts',(-11.7930648320545,4.23393161865571,-4.44089209850063E-15));
#2001=CARTESIAN_POINT('Ctrl Pts',(-11.9722426223421,4.04353094876314,-4.44089209850063E-15));
#2002=CARTESIAN_POINT('Ctrl Pts',(-12.0781403834658,3.9654781466556,0.));
#2003=CARTESIAN_POINT('Ctrl Pts',(-12.3282847617766,3.84697926347893,0.));
#2004=CARTESIAN_POINT('Ctrl Pts',(-12.4559860447701,3.82303789443918,2.22044604925031E-15));
#2005=CARTESIAN_POINT('Ctrl Pts',(-12.632862029971,3.81443930289658,2.22044604925031E-15));
#2006=CARTESIAN_POINT('Ctrl Pts',(-12.6996709571234,3.81779061447611,-4.44089209850063E-15));
#2007=CARTESIAN_POINT('Ctrl Pts',(-12.831170528545,3.83760128520528,-4.44089209850063E-15));
#2008=CARTESIAN_POINT('Ctrl Pts',(-12.8958969955109,3.85405118687751,0.));
#2009=CARTESIAN_POINT('Ctrl Pts',(-12.9582440055368,3.87704730608204,0.));
#2010=CARTESIAN_POINT('',(-8.96312475630783,8.71277192418473,8.66995364390277E-11));
#2011=CARTESIAN_POINT('Origin',(0.,0.,0.));
#2012=CARTESIAN_POINT('',(-8.77316566854618,9.86197779097142,2.61336996487671E-8));
#2013=CARTESIAN_POINT('Ctrl Pts',(-8.77316570586624,9.86197776925822,-5.02533459376889E-16));
#2014=CARTESIAN_POINT('Ctrl Pts',(-8.7280409980458,9.7692739371698,-5.02533459376889E-16));
#2015=CARTESIAN_POINT('Ctrl Pts',(-8.6979268932378,9.6694039561778,0.));
#2016=CARTESIAN_POINT('Ctrl Pts',(-8.66866462857552,9.46498409533264,0.));
#2017=CARTESIAN_POINT('Ctrl Pts',(-8.6695860210293,9.36033803900581,1.11022302462516E-14));
#2018=CARTESIAN_POINT('Ctrl Pts',(-8.70366067639195,9.15639356364694,1.11022302462516E-14));
#2019=CARTESIAN_POINT('Ctrl Pts',(-8.73672785814505,9.05719846411524,-8.88178419700125E-15));
#2020=CARTESIAN_POINT('Ctrl Pts',(-8.83026396167238,8.87261046961717,-8.88178419700125E-15));
#2021=CARTESIAN_POINT('Ctrl Pts',(-8.89090346434516,8.78706842311703,3.66174934850252E-16));
#2022=CARTESIAN_POINT('Ctrl Pts',(-8.96312475630783,8.71277192418473,3.66174934850252E-16));
#2023=CARTESIAN_POINT('',(-11.7321644413605,38.0411900477368,-5.66697799797566E-10));
#2024=CARTESIAN_POINT('Ctrl Pts',(-11.7321644406872,38.0411900475694,0.));
#2025=CARTESIAN_POINT('Ctrl Pts',(-12.7643698361811,33.8908188503525,0.));
#2026=CARTESIAN_POINT('Ctrl Pts',(-13.294794304945,29.0242514541162,5.22026866178749E-12));
#2027=CARTESIAN_POINT('Ctrl Pts',(-12.2256876050664,18.8989767268942,5.22026866178749E-12));
#2028=CARTESIAN_POINT('Ctrl Pts',(-10.8822657521941,14.194883066804,0.));
#2029=CARTESIAN_POINT('Ctrl Pts',(-8.77316560271095,9.8619778230176,0.));
#2030=CARTESIAN_POINT('',(-10.287780907362,38.8097638741145,4.18462799967045E-7));
#2031=CARTESIAN_POINT('Ctrl Pts',(-10.2877811675413,38.8097638433675,2.94243705902596E-16));
#2032=CARTESIAN_POINT('Ctrl Pts',(-10.4282123579118,38.8487691619474,2.94243705902596E-16));
#2033=CARTESIAN_POINT('Ctrl Pts',(-10.5767221921565,38.8613103725536,6.43929354282591E-14));
#2034=CARTESIAN_POINT('Ctrl Pts',(-10.9017515854589,38.8323001746425,6.43929354282591E-14));
#2035=CARTESIAN_POINT('Ctrl Pts',(-11.0540853050708,38.7792612265125,-1.73194791841524E-13));
#2036=CARTESIAN_POINT('Ctrl Pts',(-11.3457607252937,38.6307919265659,-1.73194791841524E-13));
#2037=CARTESIAN_POINT('Ctrl Pts',(-11.4555782215202,38.5219076136885,0.));
#2038=CARTESIAN_POINT('Ctrl Pts',(-11.571320302461,38.3856285103371,0.));
#2039=CARTESIAN_POINT('Ctrl Pts',(-11.6152165715279,38.3211950304323,2.22044604925031E-15));
#2040=CARTESIAN_POINT('Ctrl Pts',(-11.6863481903142,38.1855734044873,2.22044604925031E-15));
#2041=CARTESIAN_POINT('Ctrl Pts',(-11.7139003500919,38.1146277140242,9.89570112575327E-16));
#2042=CARTESIAN_POINT('Ctrl Pts',(-11.7321644405969,38.0411900479322,9.89570112575327E-16));
#2043=CARTESIAN_POINT('',(-9.52020486345727,38.5965716764954,1.28799193532814E-10));
#2044=CARTESIAN_POINT('',(-8.55471176265637,38.3284086110794,0.));
#2045=CARTESIAN_POINT('',(-8.7897830474732,37.4411767144794,-3.726268182902E-9));
#2046=CARTESIAN_POINT('Ctrl Pts',(-8.78978304166653,37.441176714982,3.17376655827615E-15));
#2047=CARTESIAN_POINT('Ctrl Pts',(-8.77350328168647,37.5057200255234,3.17376655827615E-15));
#2048=CARTESIAN_POINT('Ctrl Pts',(-8.76460786300816,37.5718652462235,0.));
#2049=CARTESIAN_POINT('Ctrl Pts',(-8.76148099284968,37.7045858004064,0.));
#2050=CARTESIAN_POINT('Ctrl Pts',(-8.7671808158579,37.7707959970906,0.));
#2051=CARTESIAN_POINT('Ctrl Pts',(-8.80277359425312,37.9533196991725,0.));
#2052=CARTESIAN_POINT('Ctrl Pts',(-8.84826709969868,38.0657122432774,-1.03028696685215E-12));
#2053=CARTESIAN_POINT('Ctrl Pts',(-8.9809076588887,38.2696514391312,-1.03028696685215E-12));
#2054=CARTESIAN_POINT('Ctrl Pts',(-9.06631289908096,38.3567427467882,0.));
#2055=CARTESIAN_POINT('Ctrl Pts',(-9.2752707721633,38.5054348403661,0.));
#2056=CARTESIAN_POINT('Ctrl Pts',(-9.39492758848149,38.5617762563358,1.39287793375014E-16));
#2057=CARTESIAN_POINT('Ctrl Pts',(-9.5202048634591,38.5965716764888,1.39287793375014E-16));
#2058=CARTESIAN_POINT('',(-6.42137576747335,11.9043486496966,0.));
#2059=CARTESIAN_POINT('Ctrl Pts',(-6.42137576747332,11.9043486496966,0.));
#2060=CARTESIAN_POINT('Ctrl Pts',(-8.04435310889084,15.4242172559168,0.));
#2061=CARTESIAN_POINT('Ctrl Pts',(-9.34942717897509,19.649871788443,1.2747580768746E-11));
#2062=CARTESIAN_POINT('Ctrl Pts',(-10.1940040892646,28.808794968848,1.2747580768746E-11));
#2063=CARTESIAN_POINT('Ctrl Pts',(-9.85547318085865,33.2160880658368,0.));
#2064=CARTESIAN_POINT('Ctrl Pts',(-8.78978305322162,37.4411767159293,0.));
#2065=CARTESIAN_POINT('',(-5.09266580840661,11.4155481171374,1.14755049906989E-8));
#2066=CARTESIAN_POINT('Ctrl Pts',(-5.09266556183309,11.4155475191573,-2.39612712338016E-17));
#2067=CARTESIAN_POINT('Ctrl Pts',(-5.21353226270016,11.3616281660831,-2.39612712338016E-17));
#2068=CARTESIAN_POINT('Ctrl Pts',(-5.34510413895103,11.3328009611266,-4.44089209850063E-15));
#2069=CARTESIAN_POINT('Ctrl Pts',(-5.60643496655842,11.3248637592117,-4.44089209850063E-15));
#2070=CARTESIAN_POINT('Ctrl Pts',(-5.73651222139022,11.3445541740854,2.22044604925031E-15));
#2071=CARTESIAN_POINT('Ctrl Pts',(-5.99720074849348,11.4376488352231,2.22044604925031E-15));
#2072=CARTESIAN_POINT('Ctrl Pts',(-6.10443145392076,11.5110252394001,2.22044604925031E-15));
#2073=CARTESIAN_POINT('Ctrl Pts',(-6.23557369134525,11.6300089942555,2.22044604925031E-15));
#2074=CARTESIAN_POINT('Ctrl Pts',(-6.28044317893249,11.6796177913931,0.));
#2075=CARTESIAN_POINT('Ctrl Pts',(-6.35941615071023,11.7866061462174,0.));
#2076=CARTESIAN_POINT('Ctrl Pts',(-6.39355153547422,11.8440042209512,0.));
#2077=CARTESIAN_POINT('Ctrl Pts',(-6.42137576747336,11.9043486496966,0.));
#2078=CARTESIAN_POINT('',(-0.1770261852835,12.4987464063291,8.66995364390277E-11));
#2079=CARTESIAN_POINT('Origin',(0.,0.,0.));
#2080=CARTESIAN_POINT('',(0.769906435205005,13.177036308609,2.61336996487671E-8));
#2081=CARTESIAN_POINT('Ctrl Pts',(0.76990639346218,13.1770363196447,7.71894552763305E-17));
#2082=CARTESIAN_POINT('Ctrl Pts',(0.73626276581326,13.0795765166864,7.71894552763305E-17));
#2083=CARTESIAN_POINT('Ctrl Pts',(0.686939127508801,12.9876621559649,-4.44089209850063E-15));
#2084=CARTESIAN_POINT('Ctrl Pts',(0.563086954478374,12.8224209123378,-4.44089209850063E-15));
#2085=CARTESIAN_POINT('Ctrl Pts',(0.488440851313334,12.7490746674523,2.22044604925031E-15));
#2086=CARTESIAN_POINT('Ctrl Pts',(0.320135318774032,12.6289582268211,2.22044604925031E-15));
#2087=CARTESIAN_POINT('Ctrl Pts',(0.226610417197291,12.5822005860553,-4.44089209850063E-15));
#2088=CARTESIAN_POINT('Ctrl Pts',(0.029945069404286,12.5178209081785,-4.44089209850063E-15));
#2089=CARTESIAN_POINT('Ctrl Pts',(-0.0734221525420148,12.5002138036295,
6.29030826902676E-16));
#2090=CARTESIAN_POINT('Ctrl Pts',(-0.1770261852835,12.4987464063291,6.29030826902676E-16));
#2091=CARTESIAN_POINT('',(18.6032904089582,35.1950764838478,-3.6768055267089E-9));
#2092=CARTESIAN_POINT('Ctrl Pts',(18.6032904112791,35.1950764799904,0.));
#2093=CARTESIAN_POINT('Ctrl Pts',(14.938564090132,32.9901453836256,0.));
#2094=CARTESIAN_POINT('Ctrl Pts',(11.1223442369007,29.9240003542197,5.26467758277249E-12));
#2095=CARTESIAN_POINT('Ctrl Pts',(4.7187310474464,22.0084587925204,5.26467758277249E-12));
#2096=CARTESIAN_POINT('Ctrl Pts',(2.34237415160159,17.7322219382324,0.));
#2097=CARTESIAN_POINT('Ctrl Pts',(0.769906504417628,13.1770362847166,0.));
#2098=CARTESIAN_POINT('Ctrl Pts',(20.1680873629619,34.7172070168254,1.6699897848939E-16));
#2099=CARTESIAN_POINT('Ctrl Pts',(20.0963701282966,34.8440848044429,1.6699897848939E-16));
#2100=CARTESIAN_POINT('Ctrl Pts',(20.0002284470376,34.9579618867683,7.105427357601E-14));
#2101=CARTESIAN_POINT('Ctrl Pts',(19.7498885784419,35.1672765820589,7.105427357601E-14));
#2102=CARTESIAN_POINT('Ctrl Pts',(19.604666002896,35.2374909997882,-1.73194791841524E-13));
#2103=CARTESIAN_POINT('Ctrl Pts',(19.2934188288307,35.3387578503406,-1.73194791841524E-13));
#2104=CARTESIAN_POINT('Ctrl Pts',(19.1387669214457,35.3394149814211,2.22044604925031E-15));
#2105=CARTESIAN_POINT('Ctrl Pts',(18.9605694351845,35.3248933194397,2.22044604925031E-15));
#2106=CARTESIAN_POINT('Ctrl Pts',(18.8839708359827,35.3103717817747,2.22044604925031E-15));
#2107=CARTESIAN_POINT('Ctrl Pts',(18.7377781652534,35.2647719032737,2.22044604925031E-15));
#2108=CARTESIAN_POINT('Ctrl Pts',(18.6681315776608,35.2340890259575,1.65945388334167E-16));
#2109=CARTESIAN_POINT('Ctrl Pts',(18.6032904133573,35.1950764812408,1.65945388334167E-16));
#2110=CARTESIAN_POINT('Ctrl Pts',(28.2069545245199,28.5728211857562,20.));
#2111=CARTESIAN_POINT('Ctrl Pts',(25.4483730919039,30.6664618453107,13.1244650170617));
#2112=CARTESIAN_POINT('Ctrl Pts',(22.691266525558,32.7797379719383,6.2539223067624));
#2113=CARTESIAN_POINT('Ctrl Pts',(19.9226104343287,34.9056895687608,-0.6085406717167));
#2114=CARTESIAN_POINT('Ctrl Pts',(28.1835697397934,28.7235794551911,20.0532210487476));
#2115=CARTESIAN_POINT('Ctrl Pts',(25.411984214312,30.8132489467697,13.1819063649536));
#2116=CARTESIAN_POINT('Ctrl Pts',(22.6415864827655,32.9199834770428,6.3149753953958));
#2117=CARTESIAN_POINT('Ctrl Pts',(19.8610222868535,35.0376295802108,-0.5449560946691));
#2118=CARTESIAN_POINT('Ctrl Pts',(28.0630476979665,29.0045697634559,20.1830136000932));
#2119=CARTESIAN_POINT('Ctrl Pts',(25.2669092770754,31.0798488163937,13.3175541231967));
#2120=CARTESIAN_POINT('Ctrl Pts',(22.4728145411741,33.1672916190687,6.4547780122704));
#2121=CARTESIAN_POINT('Ctrl Pts',(19.6723284744408,35.2630461401376,-0.403259874468698));
#2122=CARTESIAN_POINT('Ctrl Pts',(27.6428393521348,29.3158554058657,20.4408138801353));
#2123=CARTESIAN_POINT('Ctrl Pts',(24.8181664187806,31.3499217340482,13.5746369319897));
#2124=CARTESIAN_POINT('Ctrl Pts',(22.0010218536912,33.3902894768,6.7074026539405));
#2125=CARTESIAN_POINT('Ctrl Pts',(19.1855822091311,35.4391509745973,-0.158151149238002));
#2126=CARTESIAN_POINT('Ctrl Pts',(27.242179235061,29.3079977832963,20.5978623745203));
#2127=CARTESIAN_POINT('Ctrl Pts',(24.415602806036,31.307154515901,13.7217431266921));
#2128=CARTESIAN_POINT('Ctrl Pts',(21.6028191250756,33.3127426964333,6.8422026996214));
#2129=CARTESIAN_POINT('Ctrl Pts',(18.7960862136267,35.3304339838435,-0.0361624391866));
#2130=CARTESIAN_POINT('Ctrl Pts',(27.0246559922411,29.2201671179545,20.6587805740601));
#2131=CARTESIAN_POINT('Ctrl Pts',(24.2039088168027,31.2016430881376,13.7747708577843));
#2132=CARTESIAN_POINT('Ctrl Pts',(21.3996348845247,33.1907889082313,6.8866799929154));
#2133=CARTESIAN_POINT('Ctrl Pts',(18.6032904088728,35.195076484455,-1.1044001269056E-8));
#2134=CARTESIAN_POINT('',(26.7547737011961,29.4098081502151,19.9999999793816));
#2135=CARTESIAN_POINT('Ctrl Pts',(18.6032904088728,35.195076484455,-1.1044001269056E-8));
#2136=CARTESIAN_POINT('Ctrl Pts',(21.310435725973,33.2547226498899,6.667005318741));
#2137=CARTESIAN_POINT('Ctrl Pts',(24.0250126926865,31.3285599801668,13.3353329363482));
#2138=CARTESIAN_POINT('Ctrl Pts',(26.7547732968977,29.4098090308021,19.9999998063335));
#2139=CARTESIAN_POINT('Ctrl Pts',(26.7547734482722,29.4098089965773,20.));
#2140=CARTESIAN_POINT('Ctrl Pts',(26.8262659916478,29.4311735790279,20.));
#2141=CARTESIAN_POINT('Ctrl Pts',(26.9002110845378,29.4441536579916,20.));
#2142=CARTESIAN_POINT('Ctrl Pts',(27.05083553251,29.4548449804794,20.));
#2143=CARTESIAN_POINT('Ctrl Pts',(27.1276663782916,29.4522108962831,19.9999999999999));
#2144=CARTESIAN_POINT('Ctrl Pts',(27.3058324415562,29.4286413382115,19.9999999999999));
#2145=CARTESIAN_POINT('Ctrl Pts',(27.4688548490775,29.3944118267951,20.));
#2146=CARTESIAN_POINT('Ctrl Pts',(27.7708282255724,29.2178299116437,20.));
#2147=CARTESIAN_POINT('Ctrl Pts',(27.89920989181,29.115170059115,20.0000000000001));
#2148=CARTESIAN_POINT('Ctrl Pts',(28.0988648699683,28.8541802843138,20.0000000000001));
#2149=CARTESIAN_POINT('Ctrl Pts',(28.1682101729209,28.7174170705871,20.));
#2150=CARTESIAN_POINT('Ctrl Pts',(28.2069545226947,28.5728211925679,20.));
#2151=CARTESIAN_POINT('Origin',(20.,3.03685943167828,20.));
#2152=CARTESIAN_POINT('',(4.03938246881755,12.5656276278438,20.));
#2153=CARTESIAN_POINT('Ctrl Pts',(26.7547739614652,29.4098072792799,20.));
#2154=CARTESIAN_POINT('Ctrl Pts',(22.671304346158,28.1895090132946,20.));
#2155=CARTESIAN_POINT('Ctrl Pts',(18.220429210612,26.1759533858818,20.));
#2156=CARTESIAN_POINT('Ctrl Pts',(10.0569509025088,20.1151690102319,20.));
#2157=CARTESIAN_POINT('Ctrl Pts',(6.69527715347504,16.5749720260271,20.));
#2158=CARTESIAN_POINT('Ctrl Pts',(4.03938246881754,12.5656276278438,20.));
#2159=CARTESIAN_POINT('',(2.95497129927011,12.1457042487876,19.9999999983622));
#2160=CARTESIAN_POINT('Ctrl Pts',(2.95497117697594,12.1457037461185,20.));
#2161=CARTESIAN_POINT('Ctrl Pts',(3.05530381643632,12.1212938567998,20.));
#2162=CARTESIAN_POINT('Ctrl Pts',(3.15942257774312,12.1125246392795,20.));
#2163=CARTESIAN_POINT('Ctrl Pts',(3.3652616178981,12.1256411511573,20.));
#2164=CARTESIAN_POINT('Ctrl Pts',(3.46717811526049,12.1474636633546,20.));
#2165=CARTESIAN_POINT('Ctrl Pts',(3.65987976051389,12.2215352852893,20.));
#2166=CARTESIAN_POINT('Ctrl Pts',(3.75046909838384,12.2738962950124,20.));
#2167=CARTESIAN_POINT('Ctrl Pts',(3.9116811332769,12.4029434349846,20.));
#2168=CARTESIAN_POINT('Ctrl Pts',(3.98242635118072,12.4796465486584,20.));
#2169=CARTESIAN_POINT('Ctrl Pts',(4.03938246881755,12.5656276278438,20.));
#2170=CARTESIAN_POINT('',(-2.07748729867909,12.3261529490684,19.9999999996036));
#2171=CARTESIAN_POINT('Origin',(0.,0.,20.));
#2172=CARTESIAN_POINT('',(-3.24138233080268,13.1316747160711,19.9999999988625));
#2173=CARTESIAN_POINT('Ctrl Pts',(-3.24138229393324,13.1316740075544,20.));
#2174=CARTESIAN_POINT('Ctrl Pts',(-3.22953035012381,13.0663025964127,20.));
#2175=CARTESIAN_POINT('Ctrl Pts',(-3.21083672360307,13.0022045769603,20.));
#2176=CARTESIAN_POINT('Ctrl Pts',(-3.1611443746355,12.8788889228544,20.));
#2177=CARTESIAN_POINT('Ctrl Pts',(-3.13011919934847,12.8196445740033,20.));
#2178=CARTESIAN_POINT('Ctrl Pts',(-3.03293801344583,12.6716579137301,20.));
#2179=CARTESIAN_POINT('Ctrl Pts',(-2.94749603004584,12.5737935854108,20.));
#2180=CARTESIAN_POINT('Ctrl Pts',(-2.71847300826577,12.4184593987738,20.));
#2181=CARTESIAN_POINT('Ctrl Pts',(-2.59750958864404,12.3668558298913,20.));
#2182=CARTESIAN_POINT('Ctrl Pts',(-2.342566289693,12.309158009611,20.));
#2183=CARTESIAN_POINT('Ctrl Pts',(-2.20798055219448,12.3041592193431,20.));
#2184=CARTESIAN_POINT('Ctrl Pts',(-2.07748729867909,12.3261529490684,20.));
#2185=CARTESIAN_POINT('',(0.852847094766621,38.4556124717546,19.9999999995931));
#2186=CARTESIAN_POINT('Ctrl Pts',(-3.24138236731713,13.1316754247634,20.));
#2187=CARTESIAN_POINT('Ctrl Pts',(-3.93297812713012,16.9461873774359,20.));
#2188=CARTESIAN_POINT('Ctrl Pts',(-4.14020812326456,21.3650957806252,20.));
#2189=CARTESIAN_POINT('Ctrl Pts',(-2.66700960812646,30.4468577817478,20.));
#2190=CARTESIAN_POINT('Ctrl Pts',(-1.236488645456,34.6304980642836,20.));
#2191=CARTESIAN_POINT('Ctrl Pts',(0.852847093153796,38.4556124713565,20.));
#2192=CARTESIAN_POINT('',(0.475427093539241,39.7255120009729,20.0000000025952));
#2193=CARTESIAN_POINT('Ctrl Pts',(0.475427086374981,39.7255119628719,20.));
#2194=CARTESIAN_POINT('Ctrl Pts',(0.586972343072882,39.661111032214,20.));
#2195=CARTESIAN_POINT('Ctrl Pts',(0.686734268872095,39.5764315766968,20.));
#2196=CARTESIAN_POINT('Ctrl Pts',(0.842337093306902,39.381613812341,20.));
#2197=CARTESIAN_POINT('Ctrl Pts',(0.896432676786729,39.2797498547871,20.0000000000011));
#2198=CARTESIAN_POINT('Ctrl Pts',(0.963164218209429,39.0572975634994,20.0000000000011));
#2199=CARTESIAN_POINT('Ctrl Pts',(0.974555700502421,38.9409742497605,20.));
#2200=CARTESIAN_POINT('Ctrl Pts',(0.959042475896833,38.7615998493308,20.));
#2201=CARTESIAN_POINT('Ctrl Pts',(0.946862744971502,38.6980253148244,20.));
#2202=CARTESIAN_POINT('Ctrl Pts',(0.909501070699817,38.5735902771663,20.));
#2203=CARTESIAN_POINT('Ctrl Pts',(0.884214382806029,38.5130392983019,20.));
#2204=CARTESIAN_POINT('Ctrl Pts',(0.852847095851906,38.4556124719563,20.));
#2205=CARTESIAN_POINT('',(-0.258706797976584,40.1493644390654,19.9999999990862));
#2206=CARTESIAN_POINT('',(1.29903810567665,39.25,20.));
#2207=CARTESIAN_POINT('',(-1.87739286329555,39.7143566896858,19.9999999793824));
#2208=CARTESIAN_POINT('Ctrl Pts',(-1.87739364050352,39.7143571092535,20.));
#2209=CARTESIAN_POINT('Ctrl Pts',(-1.84194679971911,39.7800189014797,20.));
#2210=CARTESIAN_POINT('Ctrl Pts',(-1.79883683942602,39.8414861641529,20.));
#2211=CARTESIAN_POINT('Ctrl Pts',(-1.69988645116766,39.9555570615942,20.));
#2212=CARTESIAN_POINT('Ctrl Pts',(-1.64369466135632,40.0080236771993,19.9999999999999));
#2213=CARTESIAN_POINT('Ctrl Pts',(-1.50104267633998,40.1173419963278,19.9999999999999));
#2214=CARTESIAN_POINT('Ctrl Pts',(-1.36156918236045,40.2084079525692,20.));
#2215=CARTESIAN_POINT('Ctrl Pts',(-1.02319270301409,40.2970692386364,20.));
#2216=CARTESIAN_POINT('Ctrl Pts',(-0.859825632342311,40.3152574536422,20.0000000000001));
#2217=CARTESIAN_POINT('Ctrl Pts',(-0.534097484841937,40.2718881609294,20.0000000000001));
#2218=CARTESIAN_POINT('Ctrl Pts',(-0.388351717870117,40.2242149687325,20.));
#2219=CARTESIAN_POINT('Ctrl Pts',(-0.258706797808779,40.149364439356,20.));
#2220=CARTESIAN_POINT('',(-6.02896577000643,11.7415152410203,20.));
#2221=CARTESIAN_POINT('Ctrl Pts',(-1.87739206351888,39.7143562579366,20.));
#2222=CARTESIAN_POINT('Ctrl Pts',(-3.9019088329831,35.9641207675535,20.));
#2223=CARTESIAN_POINT('Ctrl Pts',(-5.62539455218662,31.3930879532626,20.));
#2224=CARTESIAN_POINT('Ctrl Pts',(-7.1122380761318,21.3349111192771,20.));
#2225=CARTESIAN_POINT('Ctrl Pts',(-6.98599924944378,16.4545510390891,20.));
#2226=CARTESIAN_POINT('Ctrl Pts',(-6.02896577000643,11.7415152410203,20.));
#2227=CARTESIAN_POINT('',(-6.49882959267849,10.6777900805295,19.9999999983622));
#2228=CARTESIAN_POINT('Ctrl Pts',(-6.49882932371278,10.6777896386137,20.));
#2229=CARTESIAN_POINT('Ctrl Pts',(-6.41062329846276,10.7314749701702,20.));
#2230=CARTESIAN_POINT('Ctrl Pts',(-6.33080135452377,10.7988980655584,20.));
#2231=CARTESIAN_POINT('Ctrl Pts',(-6.19452947696992,10.9537252573569,20.));
#2232=CARTESIAN_POINT('Ctrl Pts',(-6.13789656875349,11.0412228688212,20.));
#2233=CARTESIAN_POINT('Ctrl Pts',(-6.05401283638084,11.2298594518664,20.));
#2234=CARTESIAN_POINT('Ctrl Pts',(-6.02697922768984,11.3309397164395,20.));
#2235=CARTESIAN_POINT('Ctrl Pts',(-6.00423114034013,11.5361828628633,20.));
#2236=CARTESIAN_POINT('Ctrl Pts',(-6.00844208762299,11.6404436987392,20.));
#2237=CARTESIAN_POINT('Ctrl Pts',(-6.02896577000643,11.7415152410203,20.));
#2238=CARTESIAN_POINT('',(-10.1849116930009,7.24690097943757,19.9999999993409));
#2239=CARTESIAN_POINT('Origin',(0.,0.,20.));
#2240=CARTESIAN_POINT('',(-11.5774996665987,6.993492813541,19.9999999988625));
#2241=CARTESIAN_POINT('Ctrl Pts',(-11.577499139531,6.99349233861465,20.));
#2242=CARTESIAN_POINT('Ctrl Pts',(-11.5228919224739,6.95564693328038,20.));
#2243=CARTESIAN_POINT('Ctrl Pts',(-11.464347107747,6.9235398715312,20.));
#2244=CARTESIAN_POINT('Ctrl Pts',(-11.3420072852293,6.87147829137316,20.));
#2245=CARTESIAN_POINT('Ctrl Pts',(-11.2781745180167,6.85152353921476,20.));
#2246=CARTESIAN_POINT('Ctrl Pts',(-11.1048101196883,6.81559846366497,20.));
#2247=CARTESIAN_POINT('Ctrl Pts',(-10.9751985063298,6.80681692523463,20.));
#2248=CARTESIAN_POINT('Ctrl Pts',(-10.7034315706671,6.85892063711395,20.));
#2249=CARTESIAN_POINT('Ctrl Pts',(-10.5814127461055,6.90796405146262,20.));
#2250=CARTESIAN_POINT('Ctrl Pts',(-10.3603408388413,7.04743674547432,20.));
#2251=CARTESIAN_POINT('Ctrl Pts',(-10.2616353484357,7.13907231485289,20.));
#2252=CARTESIAN_POINT('Ctrl Pts',(-10.1849116930009,7.24690097943756,20.));
#2253=CARTESIAN_POINT('',(-26.5891703894831,27.7952783176563,19.9999999995987));
#2254=CARTESIAN_POINT('Ctrl Pts',(-11.5775001935394,6.99349328884248,20.));
#2255=CARTESIAN_POINT('Ctrl Pts',(-14.7640529244349,9.20190412978652,20.));
#2256=CARTESIAN_POINT('Ctrl Pts',(-18.0351396002352,12.1800880527126,20.));
#2257=CARTESIAN_POINT('Ctrl Pts',(-23.415031869442,19.6433251739645,20.));
#2258=CARTESIAN_POINT('Ctrl Pts',(-25.3617894887415,23.6131303934431,20.));
#2259=CARTESIAN_POINT('Ctrl Pts',(-26.5891703904735,27.7952783166743,20.));
#2260=CARTESIAN_POINT('',(-27.7540012007626,28.4263566430808,20.0000000013307));
#2261=CARTESIAN_POINT('Ctrl Pts',(-27.7540011783185,28.4263566117896,20.));
#2262=CARTESIAN_POINT('Ctrl Pts',(-27.6295944111604,28.459691083429,20.));
#2263=CARTESIAN_POINT('Ctrl Pts',(-27.4991818396254,28.4703549863935,20.));
#2264=CARTESIAN_POINT('Ctrl Pts',(-27.2514074307299,28.4426283282816,20.));
#2265=CARTESIAN_POINT('Ctrl Pts',(-27.1411201935236,28.40885259769,20.0000000000012));
#2266=CARTESIAN_POINT('Ctrl Pts',(-26.9366175375147,28.298731842162,20.0000000000012));
#2267=CARTESIAN_POINT('Ctrl Pts',(-26.8463049098746,28.2245304326736,20.));
#2268=CARTESIAN_POINT('Ctrl Pts',(-26.7304371384309,28.086721399598,20.));
#2269=CARTESIAN_POINT('Ctrl Pts',(-26.6940975920234,28.0331576741669,20.));
#2270=CARTESIAN_POINT('Ctrl Pts',(-26.6325307008756,27.9187556146051,20.));
#2271=CARTESIAN_POINT('Ctrl Pts',(-26.607596379219,27.8580622170443,20.));
#2272=CARTESIAN_POINT('Ctrl Pts',(-26.5891703888102,27.7952783183944,20.));
#2273=CARTESIAN_POINT('',(-28.5728211918713,28.2069545200951,19.9999999940771));
#2274=CARTESIAN_POINT('',(-26.8353825080283,28.6724998151157,20.));
#2275=CARTESIAN_POINT('',(-29.4098090018824,26.754773466025,20.));
#2276=CARTESIAN_POINT('Ctrl Pts',(-29.4098090018824,26.754773466025,20.));
#2277=CARTESIAN_POINT('Ctrl Pts',(-29.4311735829468,26.8262660098148,20.));
#2278=CARTESIAN_POINT('Ctrl Pts',(-29.4441536579916,26.9002110845377,20.));
#2279=CARTESIAN_POINT('Ctrl Pts',(-29.4548449804794,27.05083553251,20.));
#2280=CARTESIAN_POINT('Ctrl Pts',(-29.4522108962831,27.1276663782916,19.9999999999999));
#2281=CARTESIAN_POINT('Ctrl Pts',(-29.4286413382114,27.3058324415566,19.9999999999999));
#2282=CARTESIAN_POINT('Ctrl Pts',(-29.394411826795,27.4688548490778,20.));
#2283=CARTESIAN_POINT('Ctrl Pts',(-29.2178299116437,27.7708282255723,20.));
#2284=CARTESIAN_POINT('Ctrl Pts',(-29.1151700591151,27.89920989181,20.0000000000001));
#2285=CARTESIAN_POINT('Ctrl Pts',(-28.8541802843138,28.0988648699683,20.0000000000001));
#2286=CARTESIAN_POINT('Ctrl Pts',(-28.7174170705871,28.1682101729209,20.));
#2287=CARTESIAN_POINT('Ctrl Pts',(-28.5728211925679,28.2069545226947,20.));
#2288=CARTESIAN_POINT('',(-12.5656276278438,4.03938246881755,20.));
#2289=CARTESIAN_POINT('Ctrl Pts',(-29.4098069524426,26.7547740784877,20.));
#2290=CARTESIAN_POINT('Ctrl Pts',(-28.0327452858042,22.1469259218825,20.));
#2291=CARTESIAN_POINT('Ctrl Pts',(-25.8442872396499,17.7829177988285,20.));
#2292=CARTESIAN_POINT('Ctrl Pts',(-19.7985271411474,9.62007928792518,20.));
#2293=CARTESIAN_POINT('Ctrl Pts',(-16.1263738049233,6.39811394855896,20.));
#2294=CARTESIAN_POINT('Ctrl Pts',(-12.5656276278438,4.03938246881754,20.));
#2295=CARTESIAN_POINT('',(-12.1457042487876,2.95497129927012,19.9999999983622));
#2296=CARTESIAN_POINT('Ctrl Pts',(-12.1457037461185,2.95497117697594,20.));
#2297=CARTESIAN_POINT('Ctrl Pts',(-12.1212938567998,3.05530381643632,20.));
#2298=CARTESIAN_POINT('Ctrl Pts',(-12.1125246392795,3.15942257774311,20.));
#2299=CARTESIAN_POINT('Ctrl Pts',(-12.1256411511573,3.36526161789811,20.));
#2300=CARTESIAN_POINT('Ctrl Pts',(-12.1474636633546,3.4671781152605,20.));
#2301=CARTESIAN_POINT('Ctrl Pts',(-12.2215352852893,3.65987976051389,20.));
#2302=CARTESIAN_POINT('Ctrl Pts',(-12.2738962950124,3.75046909838384,20.));
#2303=CARTESIAN_POINT('Ctrl Pts',(-12.4029434349846,3.91168113327691,20.));
#2304=CARTESIAN_POINT('Ctrl Pts',(-12.4796465486584,3.98242635118073,20.));
#2305=CARTESIAN_POINT('Ctrl Pts',(-12.5656276278438,4.03938246881755,20.));
#2306=CARTESIAN_POINT('',(-12.3261529490684,-2.07748729867909,19.9999999996036));
#2307=CARTESIAN_POINT('Origin',(0.,0.,20.));
#2308=CARTESIAN_POINT('',(-13.1316747160711,-3.24138233080268,19.9999999988625));
#2309=CARTESIAN_POINT('Ctrl Pts',(-13.1316740075544,-3.24138229393324,20.));
#2310=CARTESIAN_POINT('Ctrl Pts',(-13.0663025964127,-3.22953035012381,20.));
#2311=CARTESIAN_POINT('Ctrl Pts',(-13.0022045769603,-3.21083672360307,20.));
#2312=CARTESIAN_POINT('Ctrl Pts',(-12.8788889228544,-3.1611443746355,20.));
#2313=CARTESIAN_POINT('Ctrl Pts',(-12.8196445740033,-3.13011919934847,20.));
#2314=CARTESIAN_POINT('Ctrl Pts',(-12.6716579137301,-3.03293801344583,20.));
#2315=CARTESIAN_POINT('Ctrl Pts',(-12.5737935854108,-2.94749603004585,20.));
#2316=CARTESIAN_POINT('Ctrl Pts',(-12.4184593987738,-2.71847300826577,20.));
#2317=CARTESIAN_POINT('Ctrl Pts',(-12.3668558298913,-2.59750958864404,20.));
#2318=CARTESIAN_POINT('Ctrl Pts',(-12.309158009611,-2.342566289693,20.));
#2319=CARTESIAN_POINT('Ctrl Pts',(-12.3041592193431,-2.20798055219449,20.));
#2320=CARTESIAN_POINT('Ctrl Pts',(-12.3261529490684,-2.07748729867909,20.));
#2321=CARTESIAN_POINT('',(-38.4556124717546,0.852847094766621,19.9999999995931));
#2322=CARTESIAN_POINT('Ctrl Pts',(-13.1316754247634,-3.24138236731713,20.));
#2323=CARTESIAN_POINT('Ctrl Pts',(-17.4202921917312,-4.01893640523796,20.));
#2324=CARTESIAN_POINT('Ctrl Pts',(-21.8415691132343,-4.05826351614377,20.));
#2325=CARTESIAN_POINT('Ctrl Pts',(-30.9248786674764,-2.59463704326184,20.));
#2326=CARTESIAN_POINT('Ctrl Pts',(-35.053362883925,-1.00551344151345,20.));
#2327=CARTESIAN_POINT('Ctrl Pts',(-38.4556124713566,0.852847093153797,20.));
#2328=CARTESIAN_POINT('',(-39.7255120009729,0.475427093539241,20.0000000025952));
#2329=CARTESIAN_POINT('Ctrl Pts',(-39.7255119628719,0.475427086374982,20.));
#2330=CARTESIAN_POINT('Ctrl Pts',(-39.661111032214,0.586972343072881,20.));
#2331=CARTESIAN_POINT('Ctrl Pts',(-39.5764315766968,0.686734268872095,20.));
#2332=CARTESIAN_POINT('Ctrl Pts',(-39.381613812341,0.842337093306902,20.));
#2333=CARTESIAN_POINT('Ctrl Pts',(-39.2797498547871,0.896432676786729,20.0000000000011));
#2334=CARTESIAN_POINT('Ctrl Pts',(-39.0572975634994,0.963164218209429,20.0000000000011));
#2335=CARTESIAN_POINT('Ctrl Pts',(-38.9409742497605,0.974555700502421,20.));
#2336=CARTESIAN_POINT('Ctrl Pts',(-38.7615998493308,0.959042475896832,20.));
#2337=CARTESIAN_POINT('Ctrl Pts',(-38.6980253148244,0.946862744971502,20.));
#2338=CARTESIAN_POINT('Ctrl Pts',(-38.5735902771663,0.909501070699816,20.));
#2339=CARTESIAN_POINT('Ctrl Pts',(-38.5130392983019,0.884214382806028,20.));
#2340=CARTESIAN_POINT('Ctrl Pts',(-38.4556124719563,0.852847095851905,20.));
#2341=CARTESIAN_POINT('',(-40.1493644390654,-0.258706797976584,19.9999999990862));
#2342=CARTESIAN_POINT('',(-39.25,1.29903810567665,20.));
#2343=CARTESIAN_POINT('',(-39.7143566896858,-1.87739286329555,19.9999999793824));
#2344=CARTESIAN_POINT('Ctrl Pts',(-39.7143571092535,-1.87739364050353,20.));
#2345=CARTESIAN_POINT('Ctrl Pts',(-39.7800189014797,-1.84194679971912,20.));
#2346=CARTESIAN_POINT('Ctrl Pts',(-39.8414861641529,-1.79883683942603,20.));
#2347=CARTESIAN_POINT('Ctrl Pts',(-39.9555570615942,-1.69988645116766,20.));
#2348=CARTESIAN_POINT('Ctrl Pts',(-40.0080236771992,-1.64369466135633,19.9999999999999));
#2349=CARTESIAN_POINT('Ctrl Pts',(-40.1173419963278,-1.50104267633994,19.9999999999999));
#2350=CARTESIAN_POINT('Ctrl Pts',(-40.2084079525692,-1.36156918236041,20.));
#2351=CARTESIAN_POINT('Ctrl Pts',(-40.2970692386364,-1.02319270301393,20.));
#2352=CARTESIAN_POINT('Ctrl Pts',(-40.3152574536422,-0.859825632342158,
20.0000000000001));
#2353=CARTESIAN_POINT('Ctrl Pts',(-40.2718881609294,-0.534097484841943,
20.0000000000001));
#2354=CARTESIAN_POINT('Ctrl Pts',(-40.2242149687325,-0.388351717870123,
20.));
#2355=CARTESIAN_POINT('Ctrl Pts',(-40.149364439356,-0.258706797808779,20.));
#2356=CARTESIAN_POINT('',(-11.7415152410203,-6.02896577000643,20.));
#2357=CARTESIAN_POINT('Ctrl Pts',(-39.7143562579365,-1.87739206351889,20.));
#2358=CARTESIAN_POINT('Ctrl Pts',(-35.9641207675536,-3.90190883298309,20.));
#2359=CARTESIAN_POINT('Ctrl Pts',(-31.3930879532626,-5.62539455218661,20.));
#2360=CARTESIAN_POINT('Ctrl Pts',(-21.3349111192771,-7.1122380761318,20.));
#2361=CARTESIAN_POINT('Ctrl Pts',(-16.4545510390891,-6.98599924944378,20.));
#2362=CARTESIAN_POINT('Ctrl Pts',(-11.7415152410203,-6.02896577000643,20.));
#2363=CARTESIAN_POINT('',(-10.6777900805295,-6.49882959267848,19.9999999983622));
#2364=CARTESIAN_POINT('Ctrl Pts',(-10.6777896386137,-6.49882932371278,20.));
#2365=CARTESIAN_POINT('Ctrl Pts',(-10.7314749701702,-6.41062329846276,20.));
#2366=CARTESIAN_POINT('Ctrl Pts',(-10.7988980655584,-6.33080135452377,20.));
#2367=CARTESIAN_POINT('Ctrl Pts',(-10.9537252573569,-6.19452947696993,20.));
#2368=CARTESIAN_POINT('Ctrl Pts',(-11.0412228688212,-6.13789656875349,20.));
#2369=CARTESIAN_POINT('Ctrl Pts',(-11.2298594518664,-6.05401283638085,20.));
#2370=CARTESIAN_POINT('Ctrl Pts',(-11.3309397164395,-6.02697922768984,20.));
#2371=CARTESIAN_POINT('Ctrl Pts',(-11.5361828628633,-6.00423114034012,20.));
#2372=CARTESIAN_POINT('Ctrl Pts',(-11.6404436987392,-6.00844208762299,20.));
#2373=CARTESIAN_POINT('Ctrl Pts',(-11.7415152410203,-6.02896577000643,20.));
#2374=CARTESIAN_POINT('',(-7.24690097943757,-10.1849116930009,19.9999999993409));
#2375=CARTESIAN_POINT('Origin',(0.,0.,20.));
#2376=CARTESIAN_POINT('',(-6.99349281484065,-11.5774996659792,20.0000000023495));
#2377=CARTESIAN_POINT('Ctrl Pts',(-6.99349233861465,-11.577499139531,20.));
#2378=CARTESIAN_POINT('Ctrl Pts',(-6.95564693328039,-11.5228919224739,20.));
#2379=CARTESIAN_POINT('Ctrl Pts',(-6.9235398715312,-11.464347107747,20.));
#2380=CARTESIAN_POINT('Ctrl Pts',(-6.87147829137317,-11.3420072852293,20.));
#2381=CARTESIAN_POINT('Ctrl Pts',(-6.85152353921476,-11.2781745180167,20.));
#2382=CARTESIAN_POINT('Ctrl Pts',(-6.81559846366497,-11.1048101196883,20.));
#2383=CARTESIAN_POINT('Ctrl Pts',(-6.80681692523463,-10.9751985063298,20.));
#2384=CARTESIAN_POINT('Ctrl Pts',(-6.85892063711394,-10.7034315706672,20.));
#2385=CARTESIAN_POINT('Ctrl Pts',(-6.90796405146261,-10.5814127461055,20.));
#2386=CARTESIAN_POINT('Ctrl Pts',(-7.04743674547431,-10.3603408388413,20.));
#2387=CARTESIAN_POINT('Ctrl Pts',(-7.13907231485288,-10.2616353484357,20.));
#2388=CARTESIAN_POINT('Ctrl Pts',(-7.24690097943756,-10.1849116930009,20.));
#2389=CARTESIAN_POINT('',(-27.7952783176564,-26.5891703894831,19.9999999995987));
#2390=CARTESIAN_POINT('Ctrl Pts',(-6.99349328884248,-11.5775001935394,20.));
#2391=CARTESIAN_POINT('Ctrl Pts',(-9.20190412978675,-14.7640529244352,20.));
#2392=CARTESIAN_POINT('Ctrl Pts',(-12.1800880527129,-18.0351396002354,20.));
#2393=CARTESIAN_POINT('Ctrl Pts',(-19.6433251739645,-23.415031869442,20.));
#2394=CARTESIAN_POINT('Ctrl Pts',(-23.6131303934431,-25.3617894887415,20.));
#2395=CARTESIAN_POINT('Ctrl Pts',(-27.7952783166743,-26.5891703904735,20.));
#2396=CARTESIAN_POINT('',(-28.4263566437969,-27.7540012001941,20.0000000025952));
#2397=CARTESIAN_POINT('Ctrl Pts',(-28.4263566117896,-27.7540011783185,20.));
#2398=CARTESIAN_POINT('Ctrl Pts',(-28.459691083429,-27.6295944111604,20.));
#2399=CARTESIAN_POINT('Ctrl Pts',(-28.4703549863935,-27.4991818396254,20.));
#2400=CARTESIAN_POINT('Ctrl Pts',(-28.4426283282817,-27.25140743073,20.));
#2401=CARTESIAN_POINT('Ctrl Pts',(-28.4088525976901,-27.1411201935237,20.0000000000012));
#2402=CARTESIAN_POINT('Ctrl Pts',(-28.298731842162,-26.9366175375147,20.0000000000012));
#2403=CARTESIAN_POINT('Ctrl Pts',(-28.2245304326736,-26.8463049098746,20.));
#2404=CARTESIAN_POINT('Ctrl Pts',(-28.086721399598,-26.730437138431,20.));
#2405=CARTESIAN_POINT('Ctrl Pts',(-28.033157674167,-26.6940975920234,20.));
#2406=CARTESIAN_POINT('Ctrl Pts',(-27.918755614605,-26.6325307008756,20.));
#2407=CARTESIAN_POINT('Ctrl Pts',(-27.8580622170444,-26.607596379219,20.));
#2408=CARTESIAN_POINT('Ctrl Pts',(-27.7952783183945,-26.5891703888102,20.));
#2409=CARTESIAN_POINT('',(-28.2069545200951,-28.5728211918713,19.9999999940771));
#2410=CARTESIAN_POINT('',(-28.6724998151157,-26.8353825080283,20.));
#2411=CARTESIAN_POINT('',(-26.7547737011961,-29.409808150215,19.9999999793816));
#2412=CARTESIAN_POINT('Ctrl Pts',(-26.7547734482722,-29.4098089965772,20.));
#2413=CARTESIAN_POINT('Ctrl Pts',(-26.8262659916478,-29.4311735790278,20.));
#2414=CARTESIAN_POINT('Ctrl Pts',(-26.9002110845378,-29.4441536579916,20.));
#2415=CARTESIAN_POINT('Ctrl Pts',(-27.05083553251,-29.4548449804794,20.));
#2416=CARTESIAN_POINT('Ctrl Pts',(-27.1276663782916,-29.4522108962831,19.9999999999999));
#2417=CARTESIAN_POINT('Ctrl Pts',(-27.3058324415563,-29.4286413382115,19.9999999999999));
#2418=CARTESIAN_POINT('Ctrl Pts',(-27.4688548490776,-29.3944118267951,20.));
#2419=CARTESIAN_POINT('Ctrl Pts',(-27.7708282255725,-29.2178299116436,20.));
#2420=CARTESIAN_POINT('Ctrl Pts',(-27.8992098918101,-29.1151700591149,20.0000000000001));
#2421=CARTESIAN_POINT('Ctrl Pts',(-28.0988648699684,-28.8541802843138,20.0000000000001));
#2422=CARTESIAN_POINT('Ctrl Pts',(-28.1682101729209,-28.7174170705871,20.));
#2423=CARTESIAN_POINT('Ctrl Pts',(-28.2069545226947,-28.5728211925679,20.));
#2424=CARTESIAN_POINT('',(-4.03938246881755,-12.5656276278438,20.));
#2425=CARTESIAN_POINT('Ctrl Pts',(-26.7547739614652,-29.4098072792798,20.));
#2426=CARTESIAN_POINT('Ctrl Pts',(-22.6713043461575,-28.1895090132945,20.));
#2427=CARTESIAN_POINT('Ctrl Pts',(-18.2204292106117,-26.1759533858816,20.));
#2428=CARTESIAN_POINT('Ctrl Pts',(-10.0569509025088,-20.1151690102319,20.));
#2429=CARTESIAN_POINT('Ctrl Pts',(-6.69527715347504,-16.5749720260271,20.));
#2430=CARTESIAN_POINT('Ctrl Pts',(-4.03938246881755,-12.5656276278438,20.));
#2431=CARTESIAN_POINT('',(-2.95497129927011,-12.1457042487876,19.9999999983622));
#2432=CARTESIAN_POINT('Ctrl Pts',(-2.95497117697594,-12.1457037461185,20.));
#2433=CARTESIAN_POINT('Ctrl Pts',(-3.05530381643632,-12.1212938567998,20.));
#2434=CARTESIAN_POINT('Ctrl Pts',(-3.1594225777431,-12.1125246392795,20.));
#2435=CARTESIAN_POINT('Ctrl Pts',(-3.36526161789809,-12.1256411511573,20.));
#2436=CARTESIAN_POINT('Ctrl Pts',(-3.46717811526048,-12.1474636633546,20.));
#2437=CARTESIAN_POINT('Ctrl Pts',(-3.65987976051388,-12.2215352852893,20.));
#2438=CARTESIAN_POINT('Ctrl Pts',(-3.75046909838384,-12.2738962950124,20.));
#2439=CARTESIAN_POINT('Ctrl Pts',(-3.9116811332769,-12.4029434349846,20.));
#2440=CARTESIAN_POINT('Ctrl Pts',(-3.98242635118072,-12.4796465486584,20.));
#2441=CARTESIAN_POINT('Ctrl Pts',(-4.03938246881755,-12.5656276278438,20.));
#2442=CARTESIAN_POINT('',(2.07748729867909,-12.3261529490684,19.9999999996036));
#2443=CARTESIAN_POINT('Origin',(0.,0.,20.));
#2444=CARTESIAN_POINT('',(3.24138233080268,-13.1316747160711,19.9999999988625));
#2445=CARTESIAN_POINT('Ctrl Pts',(3.24138229393324,-13.1316740075544,20.));
#2446=CARTESIAN_POINT('Ctrl Pts',(3.22953035012381,-13.0663025964127,20.));
#2447=CARTESIAN_POINT('Ctrl Pts',(3.21083672360306,-13.0022045769603,20.));
#2448=CARTESIAN_POINT('Ctrl Pts',(3.16114437463551,-12.8788889228544,20.));
#2449=CARTESIAN_POINT('Ctrl Pts',(3.13011919934849,-12.8196445740034,20.));
#2450=CARTESIAN_POINT('Ctrl Pts',(3.03293801344583,-12.6716579137301,20.));
#2451=CARTESIAN_POINT('Ctrl Pts',(2.94749603004585,-12.5737935854108,20.));
#2452=CARTESIAN_POINT('Ctrl Pts',(2.71847300826579,-12.4184593987738,20.));
#2453=CARTESIAN_POINT('Ctrl Pts',(2.59750958864406,-12.3668558298913,20.));
#2454=CARTESIAN_POINT('Ctrl Pts',(2.34256628969303,-12.309158009611,20.));
#2455=CARTESIAN_POINT('Ctrl Pts',(2.2079805521945,-12.3041592193431,20.));
#2456=CARTESIAN_POINT('Ctrl Pts',(2.07748729867909,-12.3261529490684,20.));
#2457=CARTESIAN_POINT('',(-0.852847094766627,-38.4556124717546,19.9999999995931));
#2458=CARTESIAN_POINT('Ctrl Pts',(3.24138236731713,-13.1316754247634,20.));
#2459=CARTESIAN_POINT('Ctrl Pts',(4.01893640523795,-17.4202921917312,20.));
#2460=CARTESIAN_POINT('Ctrl Pts',(4.05826351614377,-21.8415691132343,20.));
#2461=CARTESIAN_POINT('Ctrl Pts',(2.59463704326177,-30.9248786674767,20.));
#2462=CARTESIAN_POINT('Ctrl Pts',(1.00551344151326,-35.0533628839253,20.));
#2463=CARTESIAN_POINT('Ctrl Pts',(-0.852847093153806,-38.4556124713565,
20.));
#2464=CARTESIAN_POINT('',(-0.475427092630882,-39.7255120008685,20.0000000013307));
#2465=CARTESIAN_POINT('Ctrl Pts',(-0.475427086374989,-39.7255119628719,
20.));
#2466=CARTESIAN_POINT('Ctrl Pts',(-0.586972343072882,-39.661111032214,20.));
#2467=CARTESIAN_POINT('Ctrl Pts',(-0.686734268872102,-39.5764315766968,
20.));
#2468=CARTESIAN_POINT('Ctrl Pts',(-0.842337093306915,-39.381613812341,20.));
#2469=CARTESIAN_POINT('Ctrl Pts',(-0.896432676786738,-39.2797498547871,
20.0000000000011));
#2470=CARTESIAN_POINT('Ctrl Pts',(-0.963164218209436,-39.0572975634993,
20.0000000000011));
#2471=CARTESIAN_POINT('Ctrl Pts',(-0.974555700502425,-38.9409742497605,
20.));
#2472=CARTESIAN_POINT('Ctrl Pts',(-0.959042475896832,-38.7615998493308,
20.));
#2473=CARTESIAN_POINT('Ctrl Pts',(-0.946862744971499,-38.6980253148244,
20.));
#2474=CARTESIAN_POINT('Ctrl Pts',(-0.909501070699808,-38.5735902771663,
20.));
#2475=CARTESIAN_POINT('Ctrl Pts',(-0.884214382806023,-38.5130392983019,
20.));
#2476=CARTESIAN_POINT('Ctrl Pts',(-0.85284709585191,-38.4556124719563,20.));
#2477=CARTESIAN_POINT('',(0.258706797976585,-40.1493644390654,19.9999999990862));
#2478=CARTESIAN_POINT('',(-1.29903810567666,-39.25,20.));
#2479=CARTESIAN_POINT('',(1.87739286329554,-39.7143566896858,19.9999999793824));
#2480=CARTESIAN_POINT('Ctrl Pts',(1.87739364050351,-39.7143571092535,20.));
#2481=CARTESIAN_POINT('Ctrl Pts',(1.84194679971909,-39.7800189014798,20.));
#2482=CARTESIAN_POINT('Ctrl Pts',(1.79883683942597,-39.8414861641529,20.));
#2483=CARTESIAN_POINT('Ctrl Pts',(1.69988645116758,-39.9555570615943,20.));
#2484=CARTESIAN_POINT('Ctrl Pts',(1.64369466135622,-40.0080236771993,19.9999999999999));
#2485=CARTESIAN_POINT('Ctrl Pts',(1.50104267633953,-40.1173419963281,19.9999999999999));
#2486=CARTESIAN_POINT('Ctrl Pts',(1.36156918235997,-40.2084079525693,20.));
#2487=CARTESIAN_POINT('Ctrl Pts',(1.02319270301474,-40.2970692386361,20.));
#2488=CARTESIAN_POINT('Ctrl Pts',(0.859825632342916,-40.3152574536423,20.0000000000001));
#2489=CARTESIAN_POINT('Ctrl Pts',(0.534097484841803,-40.2718881609293,20.0000000000001));
#2490=CARTESIAN_POINT('Ctrl Pts',(0.388351717870058,-40.2242149687325,20.));
#2491=CARTESIAN_POINT('Ctrl Pts',(0.258706797808781,-40.149364439356,20.));
#2492=CARTESIAN_POINT('',(6.02896577000644,-11.7415152410203,20.));
#2493=CARTESIAN_POINT('Ctrl Pts',(1.87739206351888,-39.7143562579366,20.));
#2494=CARTESIAN_POINT('Ctrl Pts',(3.90190883298312,-35.9641207675535,20.));
#2495=CARTESIAN_POINT('Ctrl Pts',(5.62539455218663,-31.3930879532626,20.));
#2496=CARTESIAN_POINT('Ctrl Pts',(7.11223807613181,-21.3349111192771,20.));
#2497=CARTESIAN_POINT('Ctrl Pts',(6.98599924944379,-16.4545510390891,20.));
#2498=CARTESIAN_POINT('Ctrl Pts',(6.02896577000644,-11.7415152410203,20.));
#2499=CARTESIAN_POINT('',(6.49882959267849,-10.6777900805295,19.9999999983622));
#2500=CARTESIAN_POINT('Ctrl Pts',(6.49882932371279,-10.6777896386137,20.));
#2501=CARTESIAN_POINT('Ctrl Pts',(6.41062329846327,-10.7314749701699,20.));
#2502=CARTESIAN_POINT('Ctrl Pts',(6.33080135452467,-10.7988980655577,20.));
#2503=CARTESIAN_POINT('Ctrl Pts',(6.19452947697133,-10.9537252573551,20.));
#2504=CARTESIAN_POINT('Ctrl Pts',(6.137896568755,-11.0412228688188,20.));
#2505=CARTESIAN_POINT('Ctrl Pts',(6.05401283638166,-11.2298594518637,20.));
#2506=CARTESIAN_POINT('Ctrl Pts',(6.02697922769026,-11.3309397164373,20.));
#2507=CARTESIAN_POINT('Ctrl Pts',(6.00423114034008,-11.5361828628621,20.));
#2508=CARTESIAN_POINT('Ctrl Pts',(6.00844208762288,-11.6404436987387,20.));
#2509=CARTESIAN_POINT('Ctrl Pts',(6.02896577000644,-11.7415152410203,20.));
#2510=CARTESIAN_POINT('',(10.1849116930009,-7.24690097943757,19.9999999993409));
#2511=CARTESIAN_POINT('Origin',(0.,0.,20.));
#2512=CARTESIAN_POINT('',(11.5774996659792,-6.99349281484064,20.0000000023495));
#2513=CARTESIAN_POINT('Ctrl Pts',(11.577499139531,-6.99349233861464,20.));
#2514=CARTESIAN_POINT('Ctrl Pts',(11.5228919224739,-6.95564693328038,20.));
#2515=CARTESIAN_POINT('Ctrl Pts',(11.464347107747,-6.9235398715312,20.));
#2516=CARTESIAN_POINT('Ctrl Pts',(11.3420072852293,-6.87147829137317,20.));
#2517=CARTESIAN_POINT('Ctrl Pts',(11.2781745180167,-6.85152353921476,20.));
#2518=CARTESIAN_POINT('Ctrl Pts',(11.1048101196884,-6.81559846366497,20.));
#2519=CARTESIAN_POINT('Ctrl Pts',(10.9751985063298,-6.80681692523463,20.));
#2520=CARTESIAN_POINT('Ctrl Pts',(10.7034315706672,-6.85892063711393,20.));
#2521=CARTESIAN_POINT('Ctrl Pts',(10.5814127461055,-6.9079640514626,20.));
#2522=CARTESIAN_POINT('Ctrl Pts',(10.3603408388413,-7.0474367454743,20.));
#2523=CARTESIAN_POINT('Ctrl Pts',(10.2616353484357,-7.13907231485288,20.));
#2524=CARTESIAN_POINT('Ctrl Pts',(10.1849116930009,-7.24690097943756,20.));
#2525=CARTESIAN_POINT('',(26.5891703894831,-27.7952783176564,19.9999999995987));
#2526=CARTESIAN_POINT('Ctrl Pts',(11.5775001935394,-6.99349328884248,20.));
#2527=CARTESIAN_POINT('Ctrl Pts',(14.7640529244347,-9.20190412978642,20.));
#2528=CARTESIAN_POINT('Ctrl Pts',(18.0351396002351,-12.1800880527125,20.));
#2529=CARTESIAN_POINT('Ctrl Pts',(23.415031869442,-19.6433251739645,20.));
#2530=CARTESIAN_POINT('Ctrl Pts',(25.3617894887415,-23.6131303934431,20.));
#2531=CARTESIAN_POINT('Ctrl Pts',(26.5891703904735,-27.7952783166743,20.));
#2532=CARTESIAN_POINT('',(27.7540012007626,-28.4263566430808,20.0000000013307));
#2533=CARTESIAN_POINT('Ctrl Pts',(27.7540011783185,-28.4263566117896,20.));
#2534=CARTESIAN_POINT('Ctrl Pts',(27.6295944111605,-28.459691083429,20.));
#2535=CARTESIAN_POINT('Ctrl Pts',(27.4991818396255,-28.4703549863935,20.));
#2536=CARTESIAN_POINT('Ctrl Pts',(27.25140743073,-28.4426283282817,20.));
#2537=CARTESIAN_POINT('Ctrl Pts',(27.1411201935237,-28.4088525976901,20.0000000000012));
#2538=CARTESIAN_POINT('Ctrl Pts',(26.9366175375147,-28.298731842162,20.0000000000012));
#2539=CARTESIAN_POINT('Ctrl Pts',(26.8463049098746,-28.2245304326736,20.));
#2540=CARTESIAN_POINT('Ctrl Pts',(26.730437138431,-28.0867213995981,20.));
#2541=CARTESIAN_POINT('Ctrl Pts',(26.6940975920234,-28.033157674167,20.));
#2542=CARTESIAN_POINT('Ctrl Pts',(26.6325307008756,-27.918755614605,20.));
#2543=CARTESIAN_POINT('Ctrl Pts',(26.607596379219,-27.8580622170444,20.));
#2544=CARTESIAN_POINT('Ctrl Pts',(26.5891703888102,-27.7952783183945,20.));
#2545=CARTESIAN_POINT('',(28.5728211918713,-28.2069545200951,19.9999999940771));
#2546=CARTESIAN_POINT('',(26.8353825080283,-28.6724998151157,20.));
#2547=CARTESIAN_POINT('',(29.4098090018824,-26.7547734660249,20.));
#2548=CARTESIAN_POINT('Ctrl Pts',(29.4098090018824,-26.7547734660249,20.));
#2549=CARTESIAN_POINT('Ctrl Pts',(29.4311735829468,-26.8262660098148,20.));
#2550=CARTESIAN_POINT('Ctrl Pts',(29.4441536579916,-26.9002110845378,20.));
#2551=CARTESIAN_POINT('Ctrl Pts',(29.4548449804794,-27.05083553251,20.));
#2552=CARTESIAN_POINT('Ctrl Pts',(29.4522108962831,-27.1276663782917,19.9999999999999));
#2553=CARTESIAN_POINT('Ctrl Pts',(29.4286413382114,-27.3058324415567,19.9999999999999));
#2554=CARTESIAN_POINT('Ctrl Pts',(29.3944118267949,-27.4688548490779,20.));
#2555=CARTESIAN_POINT('Ctrl Pts',(29.2178299116441,-27.7708282255717,20.));
#2556=CARTESIAN_POINT('Ctrl Pts',(29.1151700591156,-27.8992098918097,20.0000000000001));
#2557=CARTESIAN_POINT('Ctrl Pts',(28.8541802843137,-28.0988648699684,20.0000000000001));
#2558=CARTESIAN_POINT('Ctrl Pts',(28.717417070587,-28.1682101729209,20.));
#2559=CARTESIAN_POINT('Ctrl Pts',(28.5728211925679,-28.2069545226947,20.));
#2560=CARTESIAN_POINT('',(12.5656276278438,-4.03938246881755,20.));
#2561=CARTESIAN_POINT('Ctrl Pts',(29.4098069524426,-26.7547740784877,20.));
#2562=CARTESIAN_POINT('Ctrl Pts',(28.0327452858042,-22.1469259218825,20.));
#2563=CARTESIAN_POINT('Ctrl Pts',(25.8442872396499,-17.7829177988285,20.));
#2564=CARTESIAN_POINT('Ctrl Pts',(19.7985271411472,-9.620079287925,20.));
#2565=CARTESIAN_POINT('Ctrl Pts',(16.1263738049231,-6.39811394855883,20.));
#2566=CARTESIAN_POINT('Ctrl Pts',(12.5656276278438,-4.03938246881754,20.));
#2567=CARTESIAN_POINT('',(12.1457042487876,-2.95497129927011,19.9999999983622));
#2568=CARTESIAN_POINT('Ctrl Pts',(12.1457037461185,-2.95497117697593,20.));
#2569=CARTESIAN_POINT('Ctrl Pts',(12.1212938567998,-3.05530381643632,20.));
#2570=CARTESIAN_POINT('Ctrl Pts',(12.1125246392795,-3.15942257774312,20.));
#2571=CARTESIAN_POINT('Ctrl Pts',(12.1256411511573,-3.36526161789812,20.));
#2572=CARTESIAN_POINT('Ctrl Pts',(12.1474636633546,-3.46717811526051,20.));
#2573=CARTESIAN_POINT('Ctrl Pts',(12.2215352852893,-3.6598797605139,20.));
#2574=CARTESIAN_POINT('Ctrl Pts',(12.2738962950124,-3.75046909838385,20.));
#2575=CARTESIAN_POINT('Ctrl Pts',(12.4029434349846,-3.91168113327691,20.));
#2576=CARTESIAN_POINT('Ctrl Pts',(12.4796465486584,-3.98242635118073,20.));
#2577=CARTESIAN_POINT('Ctrl Pts',(12.5656276278438,-4.03938246881755,20.));
#2578=CARTESIAN_POINT('',(12.3261529490684,2.0774872986791,19.9999999996036));
#2579=CARTESIAN_POINT('Origin',(0.,0.,20.));
#2580=CARTESIAN_POINT('',(13.1316747165521,3.24138232944569,20.0000000023495));
#2581=CARTESIAN_POINT('Ctrl Pts',(13.1316740075544,3.24138229393325,20.));
#2582=CARTESIAN_POINT('Ctrl Pts',(13.0662535030944,3.22952072650061,20.));
#2583=CARTESIAN_POINT('Ctrl Pts',(13.0022488184799,3.21061968212245,20.));
#2584=CARTESIAN_POINT('Ctrl Pts',(12.8791227222701,3.16030063243821,20.));
#2585=CARTESIAN_POINT('Ctrl Pts',(12.8200984975349,3.12891432487131,20.));
#2586=CARTESIAN_POINT('Ctrl Pts',(12.6577828131157,3.02129536696433,20.));
#2587=CARTESIAN_POINT('Ctrl Pts',(12.5640402234136,2.93035860505982,20.));
#2588=CARTESIAN_POINT('Ctrl Pts',(12.4064786072315,2.70411772046866,20.));
#2589=CARTESIAN_POINT('Ctrl Pts',(12.3613702715323,2.58158751793351,20.));
#2590=CARTESIAN_POINT('Ctrl Pts',(12.3082785664106,2.34377789624452,20.));
#2591=CARTESIAN_POINT('Ctrl Pts',(12.3041029791986,2.20831423636084,20.));
#2592=CARTESIAN_POINT('Ctrl Pts',(12.3261529490684,2.0774872986791,20.));
#2593=CARTESIAN_POINT('',(38.4556124717546,-0.852847094766622,19.9999999995931));
#2594=CARTESIAN_POINT('Ctrl Pts',(13.1316754247634,3.24138236731713,20.));
#2595=CARTESIAN_POINT('Ctrl Pts',(17.4202921917312,4.01893640523796,20.));
#2596=CARTESIAN_POINT('Ctrl Pts',(21.8415691132343,4.05826351614378,20.));
#2597=CARTESIAN_POINT('Ctrl Pts',(30.9248786674765,2.59463704326181,20.));
#2598=CARTESIAN_POINT('Ctrl Pts',(35.0533628839252,1.00551344151336,20.));
#2599=CARTESIAN_POINT('Ctrl Pts',(38.4556124713566,-0.852847093153798,20.));
#2600=CARTESIAN_POINT('',(39.7255120009729,-0.475427093539241,20.0000000025952));
#2601=CARTESIAN_POINT('Ctrl Pts',(39.7255119628719,-0.475427086374982,20.));
#2602=CARTESIAN_POINT('Ctrl Pts',(39.661111032214,-0.586972343072886,20.));
#2603=CARTESIAN_POINT('Ctrl Pts',(39.5764315766968,-0.686734268872099,20.));
#2604=CARTESIAN_POINT('Ctrl Pts',(39.381613812341,-0.842337093306903,20.));
#2605=CARTESIAN_POINT('Ctrl Pts',(39.2797498547871,-0.896432676786732,20.0000000000011));
#2606=CARTESIAN_POINT('Ctrl Pts',(39.0572975634993,-0.963164218209431,20.0000000000011));
#2607=CARTESIAN_POINT('Ctrl Pts',(38.9409742497605,-0.974555700502421,20.));
#2608=CARTESIAN_POINT('Ctrl Pts',(38.7615998493308,-0.959042475896832,20.));
#2609=CARTESIAN_POINT('Ctrl Pts',(38.6980253148244,-0.946862744971499,20.));
#2610=CARTESIAN_POINT('Ctrl Pts',(38.5735902771663,-0.909501070699814,20.));
#2611=CARTESIAN_POINT('Ctrl Pts',(38.5130392983019,-0.884214382806028,20.));
#2612=CARTESIAN_POINT('Ctrl Pts',(38.4556124719563,-0.852847095851905,20.));
#2613=CARTESIAN_POINT('',(40.1493644390654,0.258706797976582,19.9999999990862));
#2614=CARTESIAN_POINT('',(39.25,-1.29903810567665,20.));
#2615=CARTESIAN_POINT('',(39.7143571255603,1.87739363170046,20.));
#2616=CARTESIAN_POINT('Ctrl Pts',(39.7143571255603,1.87739363170046,20.));
#2617=CARTESIAN_POINT('Ctrl Pts',(39.7800189170991,1.84194678964275,20.));
#2618=CARTESIAN_POINT('Ctrl Pts',(39.8414861641528,1.79883683942606,20.));
#2619=CARTESIAN_POINT('Ctrl Pts',(39.9555570615941,1.69988645116774,20.));
#2620=CARTESIAN_POINT('Ctrl Pts',(40.0080236771991,1.64369466135644,19.9999999999999));
#2621=CARTESIAN_POINT('Ctrl Pts',(40.1173419963276,1.50104267634011,19.9999999999999));
#2622=CARTESIAN_POINT('Ctrl Pts',(40.2084079525691,1.3615691823605,20.));
#2623=CARTESIAN_POINT('Ctrl Pts',(40.2970692386362,1.02319270301462,20.));
#2624=CARTESIAN_POINT('Ctrl Pts',(40.3152574536423,0.859825632342762,20.0000000000001));
#2625=CARTESIAN_POINT('Ctrl Pts',(40.2718881609294,0.534097484841821,20.0000000000001));
#2626=CARTESIAN_POINT('Ctrl Pts',(40.2242149687325,0.388351717870068,20.));
#2627=CARTESIAN_POINT('Ctrl Pts',(40.149364439356,0.258706797808779,20.));
#2628=CARTESIAN_POINT('Ctrl Pts',(39.7143561095516,1.8773917496133,20.));
#2629=CARTESIAN_POINT('Ctrl Pts',(35.4823857567651,4.1619028366008,20.));
#2630=CARTESIAN_POINT('Ctrl Pts',(30.8490931520824,5.70025286257278,20.));
#2631=CARTESIAN_POINT('Ctrl Pts',(20.8019949323518,7.19726949240083,20.));
#2632=CARTESIAN_POINT('Ctrl Pts',(15.9271145434485,6.87889749884559,20.));
#2633=CARTESIAN_POINT('Ctrl Pts',(11.7415152410203,6.02896577000643,20.));
#2634=CARTESIAN_POINT('Ctrl Pts',(26.8113276092622,29.4266636667622,20.));
#2635=CARTESIAN_POINT('Ctrl Pts',(24.0753152106432,31.3494679382647,13.3333333333333));
#2636=CARTESIAN_POINT('Ctrl Pts',(21.3393028120243,33.2722722097672,6.6666666666667));
#2637=CARTESIAN_POINT('Ctrl Pts',(18.6032904134053,35.1950764812697,0.));
#2638=CARTESIAN_POINT('Ctrl Pts',(22.8517183783639,28.2495432866422,20.));
#2639=CARTESIAN_POINT('Ctrl Pts',(20.2556478453574,29.8548592729529,13.3333333333333));
#2640=CARTESIAN_POINT('Ctrl Pts',(17.6597658892523,31.4601162800629,6.6666666666667));
#2641=CARTESIAN_POINT('Ctrl Pts',(15.0636953562458,33.0654322663737,0.));
#2642=CARTESIAN_POINT('Ctrl Pts',(14.0236795595727,24.1155342102569,20.));
#2643=CARTESIAN_POINT('Ctrl Pts',(11.8657425534164,25.0290656517256,13.3333333333333));
#2644=CARTESIAN_POINT('Ctrl Pts',(9.70742280028573,25.9421540437295,6.6666666666667));
#2645=CARTESIAN_POINT('Ctrl Pts',(7.54948579412939,26.8556854851982,0.));
#2646=CARTESIAN_POINT('Ctrl Pts',(7.08108439648089,17.1573874800207,20.));
#2647=CARTESIAN_POINT('Ctrl Pts',(5.57607334142617,17.5654906870671,13.3333333333333));
#2648=CARTESIAN_POINT('Ctrl Pts',(4.07189467021445,17.9747368857108,6.6666666666667));
#2649=CARTESIAN_POINT('Ctrl Pts',(2.56688361515973,18.3828400927572,0.));
#2650=CARTESIAN_POINT('Ctrl Pts',(4.03938246881754,12.5656276278438,20.));
#2651=CARTESIAN_POINT('Ctrl Pts',(2.94949109611575,12.7692391690709,13.3333333333333));
#2652=CARTESIAN_POINT('Ctrl Pts',(1.85959972341396,12.972850710298,6.6666666666667));
#2653=CARTESIAN_POINT('Ctrl Pts',(0.769708350712168,13.1764622515251,0.));
#2654=CARTESIAN_POINT('Ctrl Pts',(4.03938246881755,12.5656276278438,20.));
#2655=CARTESIAN_POINT('Ctrl Pts',(3.02779550118627,12.8906722629777,13.3217063506645));
#2656=CARTESIAN_POINT('Ctrl Pts',(1.90562164385247,13.1100755666181,6.6586682360454));
#2657=CARTESIAN_POINT('Ctrl Pts',(0.769906406830458,13.1770363188449,7.84010989463013E-8));
#2658=CARTESIAN_POINT('Ctrl Pts',(2.97692498723601,12.1403425953765,20.1514304985326));
#2659=CARTESIAN_POINT('Ctrl Pts',(1.99261782984583,12.3817038584113,13.4250770798623));
#2660=CARTESIAN_POINT('Ctrl Pts',(0.908757453559411,12.5141709972466,6.71128644526086));
#2661=CARTESIAN_POINT('Ctrl Pts',(-0.177543031588262,12.4987391036667,-0.00177498747653271));
#2662=CARTESIAN_POINT('Ctrl Pts',(3.17355826239693,12.0920731319964,20.1184834125769));
#2663=CARTESIAN_POINT('Ctrl Pts',(2.19298434988028,12.3494322836952,13.3906466091308));
#2664=CARTESIAN_POINT('Ctrl Pts',(1.1110309693348,12.4994074336367,6.67600976048769));
#2665=CARTESIAN_POINT('Ctrl Pts',(0.0246324186838664,12.501559302281,-0.037115048880807));
#2666=CARTESIAN_POINT('Ctrl Pts',(3.5972627991593,12.1222953659659,20.0526915625009));
#2667=CARTESIAN_POINT('Ctrl Pts',(2.61364201804508,12.4141021179803,13.3218977679354));
#2668=CARTESIAN_POINT('Ctrl Pts',(1.52468751170499,12.600546640184,6.60556558367422));
#2669=CARTESIAN_POINT('Ctrl Pts',(0.42650227379194,12.6377057756868,-0.107685159375115));
#2670=CARTESIAN_POINT('Ctrl Pts',(3.92770976499281,12.3939963452676,20.0109971795029));
#2671=CARTESIAN_POINT('Ctrl Pts',(2.9218418734631,12.7127006420227,13.2783177525274));
#2672=CARTESIAN_POINT('Ctrl Pts',(1.80557128614643,12.9249515288574,6.56093271684792));
#2673=CARTESIAN_POINT('Ctrl Pts',(0.677311945052983,12.984260400624,-0.152377000792923));
#2674=CARTESIAN_POINT('Ctrl Pts',(4.03938246881755,12.5656276278438,20.));
#2675=CARTESIAN_POINT('Ctrl Pts',(3.0194829928678,12.8933432505643,13.2668288430556));
#2676=CARTESIAN_POINT('Ctrl Pts',(1.88717170980859,13.1136742365476,6.54916496939309));
#2677=CARTESIAN_POINT('Ctrl Pts',(0.74190619687647,13.1786561210355,-0.164147759883839));
#2678=CARTESIAN_POINT('Ctrl Pts',(-0.177026185297162,12.4987464063289,8.89031070983037E-11));
#2679=CARTESIAN_POINT('Ctrl Pts',(-0.00306591115185312,12.5012102953241,
1.07503072418258));
#2680=CARTESIAN_POINT('Ctrl Pts',(0.170870095141063,12.5000369381302,2.15008019807081));
#2681=CARTESIAN_POINT('Ctrl Pts',(0.344355499231494,12.4952558713357,3.2251970189318));
#2682=CARTESIAN_POINT('Ctrl Pts',(0.518141041337837,12.4904665330678,4.30217384312378));
#2683=CARTESIAN_POINT('Ctrl Pts',(0.69147408571841,12.482057033682,5.37921824751705));
#2684=CARTESIAN_POINT('Ctrl Pts',(0.863931187769081,12.4701091776616,6.45637908195274));
#2685=CARTESIAN_POINT('Ctrl Pts',(1.0444998695253,12.4575993500826,7.58420455043551));
#2686=CARTESIAN_POINT('Ctrl Pts',(1.22410780638301,12.4412101622944,8.71215765919665));
#2687=CARTESIAN_POINT('Ctrl Pts',(1.40228080237889,12.4210953040092,9.84029448038326));
#2688=CARTESIAN_POINT('Ctrl Pts',(1.57407726824923,12.4017003247332,10.9280570664855));
#2689=CARTESIAN_POINT('Ctrl Pts',(1.7445394334351,12.3788420688544,12.015990450759));
#2690=CARTESIAN_POINT('Ctrl Pts',(1.91325788315232,12.3527099971041,13.1041448980333));
#2691=CARTESIAN_POINT('Ctrl Pts',(2.09136975902564,12.3251230181596,14.2528825148664));
#2692=CARTESIAN_POINT('Ctrl Pts',(2.26753780653919,12.2938872839424,15.4018664953689));
#2693=CARTESIAN_POINT('Ctrl Pts',(2.44130441665952,12.2592835331107,16.5511559759729));
#2694=CARTESIAN_POINT('Ctrl Pts',(2.61507102677985,12.224679782279,17.7004454565769));
#2695=CARTESIAN_POINT('Ctrl Pts',(2.78643589494753,12.1867083492284,18.8500404372824));
#2696=CARTESIAN_POINT('Ctrl Pts',(2.95497104904714,12.1457048416011,20.0000000545216));
#2697=CARTESIAN_POINT('Ctrl Pts',(-5.11677661097491,11.4047620366836,-0.167677306660501));
#2698=CARTESIAN_POINT('Ctrl Pts',(-4.15070588154352,11.8381922211103,6.5553736216005));
#2699=CARTESIAN_POINT('Ctrl Pts',(-3.10490476177675,12.1529888857375,13.2738631832039));
#2700=CARTESIAN_POINT('Ctrl Pts',(-2.07748729855801,12.3261529490888,20.));
#2701=CARTESIAN_POINT('Ctrl Pts',(-5.38415445193181,11.2848022621175,-0.117830279755302));
#2702=CARTESIAN_POINT('Ctrl Pts',(-4.42894836698982,11.7406540693482,6.6061236470558));
#2703=CARTESIAN_POINT('Ctrl Pts',(-3.39005787923626,12.0800174715754,13.3242903117479));
#2704=CARTESIAN_POINT('Ctrl Pts',(-2.36657790724189,12.2774287388544,20.0490460353084));
#2705=CARTESIAN_POINT('Ctrl Pts',(-5.94857598799656,11.3030714183958,-0.0315092113635007));
#2706=CARTESIAN_POINT('Ctrl Pts',(-4.99257021134544,11.8074374538839,6.6939838760064));
#2707=CARTESIAN_POINT('Ctrl Pts',(-3.94632411904988,12.1957959393781,13.4115852687424));
#2708=CARTESIAN_POINT('Ctrl Pts',(-2.90836600879853,12.4372784573182,20.1339802749914));
#2709=CARTESIAN_POINT('Ctrl Pts',(-6.32808114125506,11.7018595533239,-0.000379807760202411));
#2710=CARTESIAN_POINT('Ctrl Pts',(-5.33819663279642,12.2403330166328,6.7254703120369));
#2711=CARTESIAN_POINT('Ctrl Pts',(-4.252555649528,12.656751338592,13.442877320797));
#2712=CARTESIAN_POINT('Ctrl Pts',(-3.17522643351625,12.9187572697224,20.1646169416663));
#2713=CARTESIAN_POINT('Ctrl Pts',(-6.42137576747336,11.9043486496966,0.));
#2714=CARTESIAN_POINT('Ctrl Pts',(-5.41389428712264,12.4513482215885,6.7257354655113));
#2715=CARTESIAN_POINT('Ctrl Pts',(-4.30947106942615,12.8735672117722,13.4431423639921));
#2716=CARTESIAN_POINT('Ctrl Pts',(-3.21450317978713,13.1382013956201,20.1649948823545));
#2717=CARTESIAN_POINT('Ctrl Pts',(-6.42137576747336,11.9043486496966,0.));
#2718=CARTESIAN_POINT('Ctrl Pts',(-5.4221375583415,12.4468726397384,6.67070511242809));
#2719=CARTESIAN_POINT('Ctrl Pts',(-4.32753748769921,12.866649618247,13.3332173898866));
#2720=CARTESIAN_POINT('Ctrl Pts',(-3.24138229060092,13.1316740083607,20.0000000204464));
#2721=CARTESIAN_POINT('Ctrl Pts',(-2.07748729861997,12.3261529490783,19.9999999995944));
#2722=CARTESIAN_POINT('Ctrl Pts',(-3.09636322320415,12.1544285026155,13.3297815991616));
#2723=CARTESIAN_POINT('Ctrl Pts',(-4.13331840611467,11.8434166196373,6.6670838304137));
#2724=CARTESIAN_POINT('Ctrl Pts',(-5.09266555628234,11.4155475216329,3.91179977299316E-8));
#2725=CARTESIAN_POINT('Ctrl Pts',(-3.24138236731713,13.1316754247634,20.));
#2726=CARTESIAN_POINT('Ctrl Pts',(-4.3013795242175,12.7225651048916,13.3333333333333));
#2727=CARTESIAN_POINT('Ctrl Pts',(-5.36137668111787,12.3134547850199,6.6666666666667));
#2728=CARTESIAN_POINT('Ctrl Pts',(-6.42137383801825,11.9043444651482,0.));
#2729=CARTESIAN_POINT('Ctrl Pts',(-3.9078953055474,16.807842511412,20.));
#2730=CARTESIAN_POINT('Ctrl Pts',(-5.26714098362474,16.3042382279601,13.3333333333333));
#2731=CARTESIAN_POINT('Ctrl Pts',(-6.62651830905248,15.800753990159,6.6666666666667));
#2732=CARTESIAN_POINT('Ctrl Pts',(-7.98576398712981,15.2971497067071,0.));
#2733=CARTESIAN_POINT('Ctrl Pts',(-4.20771489826083,25.6140580951267,20.));
#2734=CARTESIAN_POINT('Ctrl Pts',(-6.29766420349738,24.9924315208908,13.3333333333333));
#2735=CARTESIAN_POINT('Ctrl Pts',(-8.38766765018339,24.3704029574745,6.6666666666667));
#2736=CARTESIAN_POINT('Ctrl Pts',(-10.4776169554199,23.7487763832386,0.));
#2737=CARTESIAN_POINT('Ctrl Pts',(-1.53510149803641,34.0838035798196,20.));
#2738=CARTESIAN_POINT('Ctrl Pts',(-4.35925019480016,33.594732738355,13.3333333333333));
#2739=CARTESIAN_POINT('Ctrl Pts',(-7.1831578323494,33.1067963769669,6.6666666666667));
#2740=CARTESIAN_POINT('Ctrl Pts',(-10.0073065291132,32.6177255355024,0.));
#2741=CARTESIAN_POINT('Ctrl Pts',(0.852847093196538,38.4556124714348,20.));
#2742=CARTESIAN_POINT('Ctrl Pts',(-2.36081442808757,38.1196411278957,13.3333333333333));
#2743=CARTESIAN_POINT('Ctrl Pts',(-5.57447594937169,37.7836697843566,6.6666666666667));
#2744=CARTESIAN_POINT('Ctrl Pts',(-8.7881374706558,37.4476984408174,0.));
#2745=CARTESIAN_POINT('Ctrl Pts',(0.852847095294162,38.4556124719509,19.9999999987794));
#2746=CARTESIAN_POINT('Ctrl Pts',(-2.36351216449314,38.113572691049,13.3346897277717));
#2747=CARTESIAN_POINT('Ctrl Pts',(-5.57683598778476,37.7747794951438,6.6676466805077));
#2748=CARTESIAN_POINT('Ctrl Pts',(-8.78978304704441,37.4411767144578,-1.11788001078139E-8));
#2749=CARTESIAN_POINT('Ctrl Pts',(0.8888122552591,38.4594372645225,20.0745308126966));
#2750=CARTESIAN_POINT('Ctrl Pts',(-2.37638115056864,38.1121821812196,13.3080816079953));
#2751=CARTESIAN_POINT('Ctrl Pts',(-5.6384360771363,37.7682655034888,6.5398422977731));
#2752=CARTESIAN_POINT('Ctrl Pts',(-8.90013408635864,37.4297209094868,-0.229005795280699));
#2753=CARTESIAN_POINT('Ctrl Pts',(0.993073057618708,38.7048549733285,20.0083257490818));
#2754=CARTESIAN_POINT('Ctrl Pts',(-2.28986867902124,38.3685798819157,13.2499744248017));
#2755=CARTESIAN_POINT('Ctrl Pts',(-5.5708367803016,38.0335133535722,6.4905594850678));
#2756=CARTESIAN_POINT('Ctrl Pts',(-8.85117143036476,37.702396314417,-0.269452872401801));
#2757=CARTESIAN_POINT('Ctrl Pts',(1.00316960172828,39.2245818841279,19.9710536117991));
#2758=CARTESIAN_POINT('Ctrl Pts',(-2.31851080138122,38.8921583456216,13.231330484362));
#2759=CARTESIAN_POINT('Ctrl Pts',(-5.63950135626901,38.5583131627851,6.4914098909284));
#2760=CARTESIAN_POINT('Ctrl Pts',(-8.95897317294102,38.223622073372,-0.249155932343199));
#2761=CARTESIAN_POINT('Ctrl Pts',(0.711200139437295,39.6195602694752,20.0891108968653));
#2762=CARTESIAN_POINT('Ctrl Pts',(-2.64134118489746,39.2619675293664,13.3655907676341));
#2763=CARTESIAN_POINT('Ctrl Pts',(-5.99272500095466,38.8980283383013,6.6419860582932));
#2764=CARTESIAN_POINT('Ctrl Pts',(-9.33942740086741,38.5299942787277,-0.0835381660405998));
#2765=CARTESIAN_POINT('Ctrl Pts',(0.554697813867323,39.734284060788,20.1584276855696));
#2766=CARTESIAN_POINT('Ctrl Pts',(-2.80693376603686,39.3623529739218,13.4400170980453));
#2767=CARTESIAN_POINT('Ctrl Pts',(-6.16690144996229,38.9820716300677,6.7214083666177));
#2768=CARTESIAN_POINT('Ctrl Pts',(-9.52020486356962,38.5965716765195,0.));
#2769=CARTESIAN_POINT('Ctrl Pts',(-9.52020486349653,38.5965716765279,1.46498368991388E-10));
#2770=CARTESIAN_POINT('Ctrl Pts',(-6.19325966540246,38.9790414566611,6.6685755901172));
#2771=CARTESIAN_POINT('Ctrl Pts',(-2.85975455260797,39.356374345095,13.3343953841304));
#2772=CARTESIAN_POINT('Ctrl Pts',(0.475427090689697,39.7255119633494,20.0000000086233));
#2773=CARTESIAN_POINT('Ctrl Pts',(0.4754270967282,39.7255120377239,20.));
#2774=CARTESIAN_POINT('Ctrl Pts',(-2.84006450299452,39.3446474950156,13.3333333333333));
#2775=CARTESIAN_POINT('Ctrl Pts',(-6.15555610271724,38.9637829523072,6.6666666666667));
#2776=CARTESIAN_POINT('Ctrl Pts',(-9.47104770243997,38.5829184095988,0.));
#2777=CARTESIAN_POINT('Ctrl Pts',(0.230715798549217,39.8667961716013,20.));
#2778=CARTESIAN_POINT('Ctrl Pts',(-3.09395927814329,39.4640435675514,13.3333333333333));
#2779=CARTESIAN_POINT('Ctrl Pts',(-6.4186343548358,39.0612909635015,6.6666666666667));
#2780=CARTESIAN_POINT('Ctrl Pts',(-9.74330943152831,38.6585383594517,0.));
#2781=CARTESIAN_POINT('Ctrl Pts',(-0.0139954996297648,40.0080803054787,
20.));
#2782=CARTESIAN_POINT('Ctrl Pts',(-3.34785405329206,39.5834396400873,13.3333333333333));
#2783=CARTESIAN_POINT('Ctrl Pts',(-6.68171260695436,39.1587989746959,6.6666666666667));
#2784=CARTESIAN_POINT('Ctrl Pts',(-10.0155711606167,38.7341583093045,0.));
#2785=CARTESIAN_POINT('Ctrl Pts',(-0.258706797808747,40.1493644393561,20.));
#2786=CARTESIAN_POINT('Ctrl Pts',(-3.60174882844083,39.7028357126232,13.3333333333333));
#2787=CARTESIAN_POINT('Ctrl Pts',(-6.94479085907291,39.2563069858903,6.6666666666667));
#2788=CARTESIAN_POINT('Ctrl Pts',(-10.287832889705,38.8097782591574,0.));
#2789=CARTESIAN_POINT('Ctrl Pts',(-0.258706797692011,40.1493644389159,19.9999999989544));
#2790=CARTESIAN_POINT('Ctrl Pts',(-3.58833148981485,39.6930779840256,13.3276916742935));
#2791=CARTESIAN_POINT('Ctrl Pts',(-6.93004974976138,39.2508493923517,6.6600848607699));
#2792=CARTESIAN_POINT('Ctrl Pts',(-10.2877806306174,38.8097639531711,1.25538839990114E-6));
#2793=CARTESIAN_POINT('Ctrl Pts',(-0.258706797170249,40.1493644389874,20.));
#2794=CARTESIAN_POINT('Ctrl Pts',(-3.68974594075178,39.6791803094896,13.124465020299));
#2795=CARTESIAN_POINT('Ctrl Pts',(-7.13362656909781,39.2239234397324,6.253922311645));
#2796=CARTESIAN_POINT('Ctrl Pts',(-10.5946368543168,38.7694627337315,-0.608540662407804));
#2797=CARTESIAN_POINT('Ctrl Pts',(-0.381844531664347,40.2394310937682,20.0532210487476));
#2798=CARTESIAN_POINT('Ctrl Pts',(-3.81927091768616,39.7572436422226,13.1819063681889));
#2799=CARTESIAN_POINT('Ctrl Pts',(-7.26792421193261,39.2879628922845,6.3149754002757));
#2800=CARTESIAN_POINT('Ctrl Pts',(-10.7314819278398,38.8192090138365,-0.544956085363602));
#2801=CARTESIAN_POINT('Ctrl Pts',(-0.665758308287875,40.3529024214553,20.1830141790377));
#2802=CARTESIAN_POINT('Ctrl Pts',(-4.11037063640112,39.8431778743337,13.3175547053738));
#2803=CARTESIAN_POINT('Ctrl Pts',(-7.56213942786041,39.3434988064336,6.4547789088267));
#2804=CARTESIAN_POINT('Ctrl Pts',(-11.0243043475708,38.845178351899,-0.403258973486103));
#2805=CARTESIAN_POINT('Ctrl Pts',(-1.18300505151126,40.2758846757435,20.4408154522782));
#2806=CARTESIAN_POINT('Ctrl Pts',(-4.61865252974359,39.7168413842389,13.5746385073654));
#2807=CARTESIAN_POINT('Ctrl Pts',(-8.0534331331135,39.1675757251113,6.7074047242372));
#2808=CARTESIAN_POINT('Ctrl Pts',(-11.4930134543819,38.62552311957,-0.158149074507703));
#2809=CARTESIAN_POINT('Ctrl Pts',(-1.46075430415815,39.9870136469801,20.5978623745203));
#2810=CARTESIAN_POINT('Ctrl Pts',(-4.87306294533663,39.4019395690295,13.7217431299297));
#2811=CARTESIAN_POINT('Ctrl Pts',(-8.280166362063,38.8311661570654,6.8422027045094));
#2812=CARTESIAN_POINT('Ctrl Pts',(-11.6915494261894,38.2732294744185,-0.0361624298560992));
#2813=CARTESIAN_POINT('Ctrl Pts',(-1.55246080516241,39.7710958278571,20.6587805740601));
#2814=CARTESIAN_POINT('Ctrl Pts',(-4.94814535460359,39.177641467646,13.7747708610255));
#2815=CARTESIAN_POINT('Ctrl Pts',(-8.33760496577047,38.601258852117,6.8866799978096));
#2816=CARTESIAN_POINT('Ctrl Pts',(-11.732164441436,38.0411900477937,-1.70220282313949E-9));
#2817=CARTESIAN_POINT('Ctrl Pts',(-11.732164441436,38.0411900477937,-1.70220282313949E-9));
#2818=CARTESIAN_POINT('Ctrl Pts',(-8.44588627791207,38.5833935045052,6.6670053236752));
#2819=CARTESIAN_POINT('Ctrl Pts',(-5.16438781214237,39.1408866001479,13.335332939494));
#2820=CARTESIAN_POINT('Ctrl Pts',(-1.8773937717364,39.7143570264267,19.9999998063335));
#2821=CARTESIAN_POINT('Ctrl Pts',(-26.5664437198462,27.8234140603125,20.0745308048945));
#2822=CARTESIAN_POINT('Ctrl Pts',(-28.6297376939942,25.269027237947,13.3080816027941));
#2823=CARTESIAN_POINT('Ctrl Pts',(-30.6931730374075,22.7192202647473,6.5398422951313));
#2824=CARTESIAN_POINT('Ctrl Pts',(-32.7601546389518,20.1734643070843,-0.229005795280699));
#2825=CARTESIAN_POINT('Ctrl Pts',(-26.666256725629,28.0706741067872,20.008325741289));
#2826=CARTESIAN_POINT('Ctrl Pts',(-28.7498646915638,25.511501346073,13.2499744196073));
#2827=CARTESIAN_POINT('Ctrl Pts',(-30.8329316697086,22.9545787394286,6.4905594824294));
#2828=CARTESIAN_POINT('Ctrl Pts',(-32.9183434407625,20.4008967610514,-0.269452872401801));
#2829=CARTESIAN_POINT('Ctrl Pts',(-27.0266238485845,28.4453065055451,19.9710584650264));
#2830=CARTESIAN_POINT('Ctrl Pts',(-29.1403476474398,25.8614648302614,13.2313353401812));
#2831=CARTESIAN_POINT('Ctrl Pts',(-31.2525758162021,23.2771039684543,6.4914146045415));
#2832=CARTESIAN_POINT('Ctrl Pts',(-33.3631345079781,20.6932205990097,-0.249151216099199));
#2833=CARTESIAN_POINT('Ctrl Pts',(-27.51236529524,28.518154172527,20.0891108891126));
#2834=CARTESIAN_POINT('Ctrl Pts',(-29.6301137476329,25.894693217454,13.3655907624671));
#2835=CARTESIAN_POINT('Ctrl Pts',(-31.7425560995826,23.267563125813,6.6419860556683));
#2836=CARTESIAN_POINT('Ctrl Pts',(-33.84879268112,20.6408477860145,-0.0835381660405998));
#2837=CARTESIAN_POINT('Ctrl Pts',(-27.7041511217184,28.4886122876266,20.1584276778228));
#2838=CARTESIAN_POINT('Ctrl Pts',(-29.8181886132441,25.8485848089802,13.4400170928822));
#2839=CARTESIAN_POINT('Ctrl Pts',(-31.9251450293171,23.2038293591113,6.7214083639944));
#2840=CARTESIAN_POINT('Ctrl Pts',(-34.0236989803348,20.5600961457044,0.));
#2841=CARTESIAN_POINT('Ctrl Pts',(-34.0236989800326,20.5600961460851,9.68098934350792E-10));
#2842=CARTESIAN_POINT('Ctrl Pts',(-31.941640444967,23.183048631409,6.6685755908989));
#2843=CARTESIAN_POINT('Ctrl Pts',(-29.8513110190071,25.8070073456604,13.334395384144));
#2844=CARTESIAN_POINT('Ctrl Pts',(-27.7540011756052,28.4263566151782,20.0000000086233));
#2845=CARTESIAN_POINT('Ctrl Pts',(-26.5891703891956,27.7952783180024,19.999999998796));
#2846=CARTESIAN_POINT('Ctrl Pts',(-28.6216211840134,25.2791102261618,13.3346897277841));
#2847=CARTESIAN_POINT('Ctrl Pts',(-30.6542212833806,22.7673841943024,6.6676466804745));
#2848=CARTESIAN_POINT('Ctrl Pts',(-32.6902251481209,20.259594752673,-1.11796039092837E-8));
#2849=CARTESIAN_POINT('Ctrl Pts',(-11.5775001935394,6.99349328884248,20.));
#2850=CARTESIAN_POINT('Ctrl Pts',(-12.0377466897874,5.95467742972506,13.3333333333333));
#2851=CARTESIAN_POINT('Ctrl Pts',(-12.4979931860354,4.91586157060764,6.6666666666667));
#2852=CARTESIAN_POINT('Ctrl Pts',(-12.9582396822834,3.87704571149022,0.));
#2853=CARTESIAN_POINT('Ctrl Pts',(-14.648238687719,9.12164014625998,20.));
#2854=CARTESIAN_POINT('Ctrl Pts',(-15.2532685201256,7.80440630612372,13.3333333333333));
#2855=CARTESIAN_POINT('Ctrl Pts',(-15.8584763263601,6.48716426234698,6.6666666666667));
#2856=CARTESIAN_POINT('Ctrl Pts',(-16.4635061587667,5.16993042221072,0.));
#2857=CARTESIAN_POINT('Ctrl Pts',(-21.0871591723478,15.1365850519818,20.));
#2858=CARTESIAN_POINT('Ctrl Pts',(-22.1254201324229,13.2192113598876,13.3333333333333));
#2859=CARTESIAN_POINT('Ctrl Pts',(-23.1634393762524,11.3015193552017,6.6666666666667));
#2860=CARTESIAN_POINT('Ctrl Pts',(-24.2017003363274,9.38414566310747,0.));
#2861=CARTESIAN_POINT('Ctrl Pts',(-25.186369319185,23.0154079612556,20.));
#2862=CARTESIAN_POINT('Ctrl Pts',(-26.8375187052974,20.6726079581942,13.3333333333333));
#2863=CARTESIAN_POINT('Ctrl Pts',(-28.4892998353598,18.3307806082933,6.6666666666667));
#2864=CARTESIAN_POINT('Ctrl Pts',(-30.1404492214722,15.9879806052319,0.));
#2865=CARTESIAN_POINT('Ctrl Pts',(-26.5891703904735,27.7952783166743,20.));
#2866=CARTESIAN_POINT('Ctrl Pts',(-28.6240046293531,25.2853088472167,13.3333333333333));
#2867=CARTESIAN_POINT('Ctrl Pts',(-30.6588388682327,22.7753393777591,6.6666666666667));
#2868=CARTESIAN_POINT('Ctrl Pts',(-32.6936731071123,20.2653699083015,0.));
#2869=CARTESIAN_POINT('Ctrl Pts',(-12.9582440055368,3.87704730608204,0.));
#2870=CARTESIAN_POINT('Ctrl Pts',(-12.6352982841538,4.96723781209515,6.67070511243019));
#2871=CARTESIAN_POINT('Ctrl Pts',(-12.158126299638,6.03806409276861,13.3332173895081));
#2872=CARTESIAN_POINT('Ctrl Pts',(-11.5774991377449,6.9934923415411,20.0000000204464));
#2873=CARTESIAN_POINT('Ctrl Pts',(-40.1493644389874,-0.258706797170249,
20.));
#2874=CARTESIAN_POINT('Ctrl Pts',(-39.6791803094896,-3.68974594075178,13.124465020299));
#2875=CARTESIAN_POINT('Ctrl Pts',(-39.2239234397324,-7.13362656909781,6.253922311645));
#2876=CARTESIAN_POINT('Ctrl Pts',(-38.7694627337315,-10.5946368543168,-0.608540662407804));
#2877=CARTESIAN_POINT('Ctrl Pts',(-40.2394310937682,-0.381844531664347,
20.0532210487476));
#2878=CARTESIAN_POINT('Ctrl Pts',(-39.7572436422226,-3.81927091768616,13.1819063681889));
#2879=CARTESIAN_POINT('Ctrl Pts',(-39.2879628922845,-7.26792421193261,6.3149754002757));
#2880=CARTESIAN_POINT('Ctrl Pts',(-38.8192090138365,-10.7314819278398,-0.544956085363602));
#2881=CARTESIAN_POINT('Ctrl Pts',(-40.3529024214553,-0.665758308287875,
20.1830141790377));
#2882=CARTESIAN_POINT('Ctrl Pts',(-39.8431778743337,-4.11037063640112,13.3175547053738));
#2883=CARTESIAN_POINT('Ctrl Pts',(-39.3434988064336,-7.56213942786041,6.4547789088267));
#2884=CARTESIAN_POINT('Ctrl Pts',(-38.845178351899,-11.0243043475708,-0.403258973486103));
#2885=CARTESIAN_POINT('Ctrl Pts',(-40.2758846757435,-1.18300505151126,20.4408154522782));
#2886=CARTESIAN_POINT('Ctrl Pts',(-39.7168413842389,-4.61865252974359,13.5746385073654));
#2887=CARTESIAN_POINT('Ctrl Pts',(-39.1675757251113,-8.0534331331135,6.7074047242372));
#2888=CARTESIAN_POINT('Ctrl Pts',(-38.62552311957,-11.4930134543819,-0.158149074507703));
#2889=CARTESIAN_POINT('Ctrl Pts',(-39.9870136469801,-1.46075430415815,20.5978623745203));
#2890=CARTESIAN_POINT('Ctrl Pts',(-39.4019395690295,-4.87306294533663,13.7217431299297));
#2891=CARTESIAN_POINT('Ctrl Pts',(-38.8311661570654,-8.280166362063,6.8422027045094));
#2892=CARTESIAN_POINT('Ctrl Pts',(-38.2732294744185,-11.6915494261894,-0.0361624298560992));
#2893=CARTESIAN_POINT('Ctrl Pts',(-39.7710958278571,-1.55246080516241,20.6587805740601));
#2894=CARTESIAN_POINT('Ctrl Pts',(-39.177641467646,-4.94814535460359,13.7747708610255));
#2895=CARTESIAN_POINT('Ctrl Pts',(-38.601258852117,-8.33760496577047,6.8866799978096));
#2896=CARTESIAN_POINT('Ctrl Pts',(-38.0411900477937,-11.732164441436,-1.70220282313949E-9));
#2897=CARTESIAN_POINT('Ctrl Pts',(-38.0411900477937,-11.732164441436,-1.70220282313949E-9));
#2898=CARTESIAN_POINT('Ctrl Pts',(-38.5833935045052,-8.44588627791207,6.6670053236752));
#2899=CARTESIAN_POINT('Ctrl Pts',(-39.1408866001479,-5.16438781214237,13.335332939494));
#2900=CARTESIAN_POINT('Ctrl Pts',(-39.7143570264267,-1.8773937717364,19.9999998063335));
#2901=CARTESIAN_POINT('Ctrl Pts',(-40.1493644389159,-0.258706797692011,
19.9999999989544));
#2902=CARTESIAN_POINT('Ctrl Pts',(-39.6930779840256,-3.58833148981485,13.3276916742935));
#2903=CARTESIAN_POINT('Ctrl Pts',(-39.2508493923517,-6.93004974976138,6.6600848607699));
#2904=CARTESIAN_POINT('Ctrl Pts',(-38.8097639531711,-10.2877806306174,1.25538839990114E-6));
#2905=CARTESIAN_POINT('Ctrl Pts',(-39.7255120377239,0.4754270967282,20.));
#2906=CARTESIAN_POINT('Ctrl Pts',(-39.3446474950156,-2.84006450299452,13.3333333333333));
#2907=CARTESIAN_POINT('Ctrl Pts',(-38.9637829523072,-6.15555610271724,6.6666666666667));
#2908=CARTESIAN_POINT('Ctrl Pts',(-38.5829184095988,-9.47104770243997,0.));
#2909=CARTESIAN_POINT('Ctrl Pts',(-39.8667961716013,0.230715798549217,20.));
#2910=CARTESIAN_POINT('Ctrl Pts',(-39.4640435675514,-3.09395927814329,13.3333333333333));
#2911=CARTESIAN_POINT('Ctrl Pts',(-39.0612909635015,-6.4186343548358,6.6666666666667));
#2912=CARTESIAN_POINT('Ctrl Pts',(-38.6585383594517,-9.74330943152831,0.));
#2913=CARTESIAN_POINT('Ctrl Pts',(-40.0080803054787,-0.0139954996297648,
20.));
#2914=CARTESIAN_POINT('Ctrl Pts',(-39.5834396400873,-3.34785405329206,13.3333333333333));
#2915=CARTESIAN_POINT('Ctrl Pts',(-39.1587989746959,-6.68171260695436,6.6666666666667));
#2916=CARTESIAN_POINT('Ctrl Pts',(-38.7341583093045,-10.0155711606167,0.));
#2917=CARTESIAN_POINT('Ctrl Pts',(-40.1493644393561,-0.258706797808747,
20.));
#2918=CARTESIAN_POINT('Ctrl Pts',(-39.7028357126232,-3.60174882844083,13.3333333333333));
#2919=CARTESIAN_POINT('Ctrl Pts',(-39.2563069858903,-6.94479085907291,6.6666666666667));
#2920=CARTESIAN_POINT('Ctrl Pts',(-38.8097782591574,-10.287832889705,0.));
#2921=CARTESIAN_POINT('Ctrl Pts',(-38.5965716765279,-9.52020486349653,1.46498368991388E-10));
#2922=CARTESIAN_POINT('Ctrl Pts',(-38.9790414566611,-6.19325966540246,6.6685755901172));
#2923=CARTESIAN_POINT('Ctrl Pts',(-39.356374345095,-2.85975455260797,13.3343953841304));
#2924=CARTESIAN_POINT('Ctrl Pts',(-39.7255119633494,0.475427090689697,20.0000000086233));
#2925=CARTESIAN_POINT('Ctrl Pts',(-38.4594372645225,0.8888122552591,20.0745308126966));
#2926=CARTESIAN_POINT('Ctrl Pts',(-38.1121821812196,-2.37638115056864,13.3080816079953));
#2927=CARTESIAN_POINT('Ctrl Pts',(-37.7682655034888,-5.6384360771363,6.5398422977731));
#2928=CARTESIAN_POINT('Ctrl Pts',(-37.4297209094868,-8.90013408635864,-0.229005795280699));
#2929=CARTESIAN_POINT('Ctrl Pts',(-38.7048549733285,0.993073057618708,20.0083257490818));
#2930=CARTESIAN_POINT('Ctrl Pts',(-38.3685798819157,-2.28986867902124,13.2499744248017));
#2931=CARTESIAN_POINT('Ctrl Pts',(-38.0335133535722,-5.5708367803016,6.4905594850678));
#2932=CARTESIAN_POINT('Ctrl Pts',(-37.702396314417,-8.85117143036476,-0.269452872401801));
#2933=CARTESIAN_POINT('Ctrl Pts',(-39.2245818841279,1.00316960172828,19.9710536117991));
#2934=CARTESIAN_POINT('Ctrl Pts',(-38.8921583456216,-2.31851080138122,13.231330484362));
#2935=CARTESIAN_POINT('Ctrl Pts',(-38.5583131627851,-5.63950135626901,6.4914098909284));
#2936=CARTESIAN_POINT('Ctrl Pts',(-38.223622073372,-8.95897317294102,-0.249155932343199));
#2937=CARTESIAN_POINT('Ctrl Pts',(-39.6195602694752,0.711200139437295,20.0891108968653));
#2938=CARTESIAN_POINT('Ctrl Pts',(-39.2619675293664,-2.64134118489746,13.3655907676341));
#2939=CARTESIAN_POINT('Ctrl Pts',(-38.8980283383013,-5.99272500095466,6.6419860582932));
#2940=CARTESIAN_POINT('Ctrl Pts',(-38.5299942787277,-9.33942740086741,-0.0835381660405998));
#2941=CARTESIAN_POINT('Ctrl Pts',(-39.734284060788,0.554697813867323,20.1584276855696));
#2942=CARTESIAN_POINT('Ctrl Pts',(-39.3623529739218,-2.80693376603686,13.4400170980453));
#2943=CARTESIAN_POINT('Ctrl Pts',(-38.9820716300677,-6.16690144996229,6.7214083666177));
#2944=CARTESIAN_POINT('Ctrl Pts',(-38.5965716765195,-9.52020486356962,0.));
#2945=CARTESIAN_POINT('Ctrl Pts',(-38.4556124719509,0.852847095294162,19.9999999987794));
#2946=CARTESIAN_POINT('Ctrl Pts',(-38.113572691049,-2.36351216449314,13.3346897277717));
#2947=CARTESIAN_POINT('Ctrl Pts',(-37.7747794951438,-5.57683598778476,6.6676466805077));
#2948=CARTESIAN_POINT('Ctrl Pts',(-37.4411767144578,-8.78978304704441,-1.11788001078139E-8));
#2949=CARTESIAN_POINT('Ctrl Pts',(-13.1316754247634,-3.24138236731713,20.));
#2950=CARTESIAN_POINT('Ctrl Pts',(-12.7225651048916,-4.3013795242175,13.3333333333333));
#2951=CARTESIAN_POINT('Ctrl Pts',(-12.3134547850199,-5.36137668111787,6.6666666666667));
#2952=CARTESIAN_POINT('Ctrl Pts',(-11.9043444651482,-6.42137383801825,0.));
#2953=CARTESIAN_POINT('Ctrl Pts',(-18.0332315402949,-4.13006628495749,20.));
#2954=CARTESIAN_POINT('Ctrl Pts',(-17.4977998825045,-5.58906546731298,13.3333333333333));
#2955=CARTESIAN_POINT('Ctrl Pts',(-16.9635164450172,-7.04822818781151,6.6666666666667));
#2956=CARTESIAN_POINT('Ctrl Pts',(-16.4280847872268,-8.507227370167,0.));
#2957=CARTESIAN_POINT('Ctrl Pts',(-26.9136540871706,-3.99760364314337,20.));
#2958=CARTESIAN_POINT('Ctrl Pts',(-26.2957818386516,-6.19810354553206,13.3333333333333));
#2959=CARTESIAN_POINT('Ctrl Pts',(-25.6775048540329,-8.39857670306206,6.6666666666667));
#2960=CARTESIAN_POINT('Ctrl Pts',(-25.0596326055139,-10.5990766054507,0.));
#2961=CARTESIAN_POINT('Ctrl Pts',(-35.1767558027234,-0.938114350228169,
20.));
#2962=CARTESIAN_POINT('Ctrl Pts',(-34.7262065098193,-3.85962748438852,13.3333333333333));
#2963=CARTESIAN_POINT('Ctrl Pts',(-34.2757680547352,-6.78100113033847,6.6666666666667));
#2964=CARTESIAN_POINT('Ctrl Pts',(-33.8252187618311,-9.70251426449881,0.));
#2965=CARTESIAN_POINT('Ctrl Pts',(-38.4556124714348,0.852847093196538,20.));
#2966=CARTESIAN_POINT('Ctrl Pts',(-38.1196411278957,-2.36081442808757,13.3333333333333));
#2967=CARTESIAN_POINT('Ctrl Pts',(-37.7836697843566,-5.57447594937169,6.6666666666667));
#2968=CARTESIAN_POINT('Ctrl Pts',(-37.4476984408174,-8.7881374706558,0.));
#2969=CARTESIAN_POINT('Ctrl Pts',(-11.9043486496966,-6.42137576747335,0.));
#2970=CARTESIAN_POINT('Ctrl Pts',(-12.4468726397384,-5.42213755834149,6.67070511242809));
#2971=CARTESIAN_POINT('Ctrl Pts',(-12.866649618247,-4.32753748769921,13.3332173898866));
#2972=CARTESIAN_POINT('Ctrl Pts',(-13.1316740083607,-3.24138229060093,20.0000000204464));
#2973=CARTESIAN_POINT('Ctrl Pts',(-28.5728211857562,28.2069545245199,20.));
#2974=CARTESIAN_POINT('Ctrl Pts',(-30.6664618453107,25.4483730919039,13.1244650170617));
#2975=CARTESIAN_POINT('Ctrl Pts',(-32.7797379719383,22.691266525558,6.2539223067624));
#2976=CARTESIAN_POINT('Ctrl Pts',(-34.9056895687608,19.9226104343287,-0.6085406717167));
#2977=CARTESIAN_POINT('Ctrl Pts',(-28.7235794551911,28.1835697397934,20.0532210487476));
#2978=CARTESIAN_POINT('Ctrl Pts',(-30.8132489467697,25.411984214312,13.1819063649536));
#2979=CARTESIAN_POINT('Ctrl Pts',(-32.9199834770428,22.6415864827655,6.3149753953958));
#2980=CARTESIAN_POINT('Ctrl Pts',(-35.0376295802108,19.8610222868535,-0.5449560946691));
#2981=CARTESIAN_POINT('Ctrl Pts',(-29.0045697634559,28.0630476979665,20.1830136000932));
#2982=CARTESIAN_POINT('Ctrl Pts',(-31.0798488163937,25.2669092770754,13.3175541231967));
#2983=CARTESIAN_POINT('Ctrl Pts',(-33.1672916190687,22.4728145411741,6.4547780122704));
#2984=CARTESIAN_POINT('Ctrl Pts',(-35.2630461401376,19.6723284744408,-0.403259874468698));
#2985=CARTESIAN_POINT('Ctrl Pts',(-29.3158554058657,27.6428393521348,20.4408138801353));
#2986=CARTESIAN_POINT('Ctrl Pts',(-31.3499217340482,24.8181664187806,13.5746369319897));
#2987=CARTESIAN_POINT('Ctrl Pts',(-33.3902894768,22.0010218536912,6.7074026539406));
#2988=CARTESIAN_POINT('Ctrl Pts',(-35.4391509745973,19.1855822091311,-0.158151149238002));
#2989=CARTESIAN_POINT('Ctrl Pts',(-29.3079977832963,27.242179235061,20.5978623745203));
#2990=CARTESIAN_POINT('Ctrl Pts',(-31.307154515901,24.415602806036,13.7217431266921));
#2991=CARTESIAN_POINT('Ctrl Pts',(-33.3127426964333,21.6028191250756,6.8422026996214));
#2992=CARTESIAN_POINT('Ctrl Pts',(-35.3304339838435,18.7960862136267,-0.0361624391866));
#2993=CARTESIAN_POINT('Ctrl Pts',(-29.2201671179544,27.0246559922411,20.6587805740601));
#2994=CARTESIAN_POINT('Ctrl Pts',(-31.2016430881376,24.2039088168027,13.7747708577843));
#2995=CARTESIAN_POINT('Ctrl Pts',(-33.1907889082313,21.3996348845248,6.8866799929154));
#2996=CARTESIAN_POINT('Ctrl Pts',(-35.195076484455,18.6032904088728,-1.1044001269056E-8));
#2997=CARTESIAN_POINT('Ctrl Pts',(-35.195076484455,18.6032904088728,-1.1044001269056E-8));
#2998=CARTESIAN_POINT('Ctrl Pts',(-33.2547226498899,21.3104357259731,6.6670053187411));
#2999=CARTESIAN_POINT('Ctrl Pts',(-31.3285599801668,24.0250126926865,13.3353329363482));
#3000=CARTESIAN_POINT('Ctrl Pts',(-29.4098090308021,26.7547732968977,19.9999998063335));
#3001=CARTESIAN_POINT('Ctrl Pts',(-28.5728211888014,28.2069545205075,19.9999999899994));
#3002=CARTESIAN_POINT('Ctrl Pts',(-30.6045781410568,25.5299110754213,13.3276916651814));
#3003=CARTESIAN_POINT('Ctrl Pts',(-32.654826944472,22.854256600919,6.6600848614442));
#3004=CARTESIAN_POINT('Ctrl Pts',(-34.7172067148058,20.1680878202673,1.25538839990114E-6));
#3005=CARTESIAN_POINT('Ctrl Pts',(-29.4266636667621,26.8113276092622,20.));
#3006=CARTESIAN_POINT('Ctrl Pts',(-31.3494679382647,24.0753152106432,13.3333333333333));
#3007=CARTESIAN_POINT('Ctrl Pts',(-33.2722722097672,21.3393028120243,6.6666666666667));
#3008=CARTESIAN_POINT('Ctrl Pts',(-35.1950764812697,18.6032904134053,0.));
#3009=CARTESIAN_POINT('Ctrl Pts',(-27.8571698266022,21.5318486347312,20.));
#3010=CARTESIAN_POINT('Ctrl Pts',(-29.3563695092925,18.9821165206397,13.3333333333333));
#3011=CARTESIAN_POINT('Ctrl Pts',(-30.8563511787179,16.4335624512841,6.6666666666667));
#3012=CARTESIAN_POINT('Ctrl Pts',(-32.3555508614083,13.8838303371926,0.));
#3013=CARTESIAN_POINT('Ctrl Pts',(-23.2470353060768,12.8507143067333,20.));
#3014=CARTESIAN_POINT('Ctrl Pts',(-24.0719858304642,10.7775932188477,13.3333333333333));
#3015=CARTESIAN_POINT('Ctrl Pts',(-24.8965731995788,8.70401288557828,6.6666666666667));
#3016=CARTESIAN_POINT('Ctrl Pts',(-25.7215237239662,6.63089179769266,0.));
#3017=CARTESIAN_POINT('Ctrl Pts',(-16.0094475169765,6.32065891456506,20.));
#3018=CARTESIAN_POINT('Ctrl Pts',(-16.3666499023948,4.91965278881265,13.3333333333333));
#3019=CARTESIAN_POINT('Ctrl Pts',(-16.7240432470308,3.51859592480025,6.6666666666667));
#3020=CARTESIAN_POINT('Ctrl Pts',(-17.0812456324492,2.11758979904784,0.));
#3021=CARTESIAN_POINT('Ctrl Pts',(-12.5656276278438,4.03938246881755,20.));
#3022=CARTESIAN_POINT('Ctrl Pts',(-12.7692391690709,2.94949109611576,13.3333333333333));
#3023=CARTESIAN_POINT('Ctrl Pts',(-12.972850710298,1.85959972341396,6.6666666666667));
#3024=CARTESIAN_POINT('Ctrl Pts',(-13.1764622515251,0.769708350712173,0.));
#3025=CARTESIAN_POINT('Ctrl Pts',(-12.5656276278438,4.03938246881755,20.));
#3026=CARTESIAN_POINT('Ctrl Pts',(-12.8906722629777,3.02779550118627,13.3217063506645));
#3027=CARTESIAN_POINT('Ctrl Pts',(-13.1100755666181,1.90562164385246,6.6586682360454));
#3028=CARTESIAN_POINT('Ctrl Pts',(-13.1770363188449,0.769906406830459,7.84010989463013E-8));
#3029=CARTESIAN_POINT('Ctrl Pts',(-6.47951472958877,10.6895224206631,20.1514304985377));
#3030=CARTESIAN_POINT('Ctrl Pts',(-7.34619318116655,10.1641803407014,13.4250770797878));
#3031=CARTESIAN_POINT('Ctrl Pts',(-8.20626661526163,9.49144373091205,6.71128644510685));
#3032=CARTESIAN_POINT('Ctrl Pts',(-8.9634850581236,8.71240129484743,-0.00177498771009255));
#3033=CARTESIAN_POINT('Ctrl Pts',(-6.30634233660841,10.7944314754806,20.1184834119884));
#3034=CARTESIAN_POINT('Ctrl Pts',(-7.18169320097934,10.2830414138451,13.3906466084626));
#3035=CARTESIAN_POINT('Ctrl Pts',(-8.05279821836145,9.62403328859816,6.67600975969546));
#3036=CARTESIAN_POINT('Ctrl Pts',(-8.8225196015138,8.85735510725956,-0.0371150497525763));
#3037=CARTESIAN_POINT('Ctrl Pts',(-6.02812411794742,11.1154131632406,20.0526931690507));
#3038=CARTESIAN_POINT('Ctrl Pts',(-6.92998757554454,10.6262267719383,13.3218993744052));
#3039=CARTESIAN_POINT('Ctrl Pts',(-7.83183215670819,9.98805165516272,6.6055673107317));
#3040=CARTESIAN_POINT('Ctrl Pts',(-8.63464186190828,9.23779290387538,-0.107683432418897));
#3041=CARTESIAN_POINT('Ctrl Pts',(-5.98656865238098,11.5411890710991,20.0109971795029));
#3042=CARTESIAN_POINT('Ctrl Pts',(-6.92318262889941,11.0552910334436,13.2783177524475));
#3043=CARTESIAN_POINT('Ctrl Pts',(-7.86258917223494,10.4160525728972,6.56093271668845));
#3044=CARTESIAN_POINT('Ctrl Pts',(-8.70232670867746,9.66019044727188,-0.152377001031976));
#3045=CARTESIAN_POINT('Ctrl Pts',(-6.02896577000643,11.7415152410203,20.));
#3046=CARTESIAN_POINT('Ctrl Pts',(-6.9818735447169,11.2520673445683,13.2668288429756));
#3047=CARTESIAN_POINT('Ctrl Pts',(-7.93833606568776,10.6071998921879,6.54916496923361));
#3048=CARTESIAN_POINT('Ctrl Pts',(-8.79411020732461,9.84332401289829,-0.164147760122901));
#3049=CARTESIAN_POINT('Ctrl Pts',(-6.02896577000643,11.7415152410203,20.));
#3050=CARTESIAN_POINT('Ctrl Pts',(-6.97410704026991,11.2560565021398,13.3217063506645));
#3051=CARTESIAN_POINT('Ctrl Pts',(-7.92274534827982,10.6177013217677,6.6586682360454));
#3052=CARTESIAN_POINT('Ctrl Pts',(-8.77316569584783,9.8619777781454,7.84010989463013E-8));
#3053=CARTESIAN_POINT('Ctrl Pts',(-8.96312475631735,8.71277192417494,8.89031070983037E-11));
#3054=CARTESIAN_POINT('Ctrl Pts',(-8.84185849942882,8.83752264629675,1.07503072418219));
#3055=CARTESIAN_POINT('Ctrl Pts',(-8.71803748105802,8.95968428701032,2.15008019807003));
#3056=CARTESIAN_POINT('Ctrl Pts',(-8.59198405063716,9.07897626792783,3.22519701893062));
#3057=CARTESIAN_POINT('Ctrl Pts',(-8.46571254177513,9.19847462965667,4.30217384312136));
#3058=CARTESIAN_POINT('Ctrl Pts',(-8.33720115664799,9.31509318669967,5.37921824751337));
#3059=CARTESIAN_POINT('Ctrl Pts',(-8.20680716031164,9.42859036301066,6.45637908194782));
#3060=CARTESIAN_POINT('Ctrl Pts',(-8.07028003705929,9.54742591843788,7.584204550431));
#3061=CARTESIAN_POINT('Ctrl Pts',(-7.93168914112906,9.66283900272179,8.71215765919255));
#3062=CARTESIAN_POINT('Ctrl Pts',(-7.79147845473991,9.77460298371876,9.84029448037956));
#3063=CARTESIAN_POINT('Ctrl Pts',(-7.65628568737202,9.88236710835259,10.9280570664823));
#3064=CARTESIAN_POINT('Ctrl Pts',(-7.51958750669527,9.98673883355329,12.0159904507563));
#3065=CARTESIAN_POINT('Ctrl Pts',(-7.38180738164781,10.0875626283186,13.1041448980311));
#3066=CARTESIAN_POINT('Ctrl Pts',(-7.23635632652377,10.1939998036744,14.2528825148645));
#3067=CARTESIAN_POINT('Ctrl Pts',(-7.08969970601816,10.2964824252193,15.4018664953674));
#3068=CARTESIAN_POINT('Ctrl Pts',(-6.94235961079065,10.3948854267117,16.5511559759718));
#3069=CARTESIAN_POINT('Ctrl Pts',(-6.79501951556314,10.493288428204,17.7004454565762));
#3070=CARTESIAN_POINT('Ctrl Pts',(-6.64699639742314,10.5876118307411,18.8500404372821));
#3071=CARTESIAN_POINT('Ctrl Pts',(-6.49883018879527,10.6777903227776,20.0000000545216));
#3072=CARTESIAN_POINT('Ctrl Pts',(-1.84932186136253,39.766264991545,20.));
#3073=CARTESIAN_POINT('Ctrl Pts',(-5.14360272110663,39.1912400103435,13.3333333333333));
#3074=CARTESIAN_POINT('Ctrl Pts',(-8.43788358085074,38.616215029142,6.6666666666667));
#3075=CARTESIAN_POINT('Ctrl Pts',(-11.7321644405949,38.0411900479405,0.));
#3076=CARTESIAN_POINT('Ctrl Pts',(-3.81683859631641,36.134048650476,20.));
#3077=CARTESIAN_POINT('Ctrl Pts',(-6.78766749450804,35.4334793920151,13.3333333333333));
#3078=CARTESIAN_POINT('Ctrl Pts',(-9.75832134410116,34.7330017729673,6.6666666666667));
#3079=CARTESIAN_POINT('Ctrl Pts',(-12.7291502422928,34.0324325145064,0.));
#3080=CARTESIAN_POINT('Ctrl Pts',(-7.13602767478917,26.9684976567924,20.));
#3081=CARTESIAN_POINT('Ctrl Pts',(-9.30788384230325,26.0885700434557,13.3333333333333));
#3082=CARTESIAN_POINT('Ctrl Pts',(-11.4796973323175,25.2080562688871,6.6666666666666));
#3083=CARTESIAN_POINT('Ctrl Pts',(-13.6515534998316,24.3281286555504,0.));
#3084=CARTESIAN_POINT('Ctrl Pts',(-7.12502223966012,17.1391878294649,20.));
#3085=CARTESIAN_POINT('Ctrl Pts',(-8.47779830757581,16.3635568518017,13.3333333333333));
#3086=CARTESIAN_POINT('Ctrl Pts',(-9.83079400834082,15.5893226755077,6.6666666666667));
#3087=CARTESIAN_POINT('Ctrl Pts',(-11.1835700762565,14.8136916978445,0.));
#3088=CARTESIAN_POINT('Ctrl Pts',(-6.02896577000643,11.7415152410203,20.));
#3089=CARTESIAN_POINT('Ctrl Pts',(-6.94361045193011,11.1148207621557,13.3333333333333));
#3090=CARTESIAN_POINT('Ctrl Pts',(-7.85825513385379,10.4881262832911,6.6666666666667));
#3091=CARTESIAN_POINT('Ctrl Pts',(-8.77289981577746,9.86143180442645,0.));
#3092=CARTESIAN_POINT('Ctrl Pts',(-11.682492013395,4.44627713452083,-0.167677306660501));
#3093=CARTESIAN_POINT('Ctrl Pts',(-11.3058582720873,5.43587372098647,6.5553736215995));
#3094=CARTESIAN_POINT('Ctrl Pts',(-10.7889600648156,6.3979616407496,13.2738631828126));
#3095=CARTESIAN_POINT('Ctrl Pts',(-10.1849116928825,7.24690097960395,20.));
#3096=CARTESIAN_POINT('Ctrl Pts',(-11.7867323278093,4.17238807997584,-0.117830279755302));
#3097=CARTESIAN_POINT('Ctrl Pts',(-11.4336355318252,5.17015668417781,6.6061236470547));
#3098=CARTESIAN_POINT('Ctrl Pts',(-10.9389951860598,6.14472935592987,13.3242903113566));
#3099=CARTESIAN_POINT('Ctrl Pts',(-10.3548764031955,7.00802983036151,20.0490460353084));
#3100=CARTESIAN_POINT('Ctrl Pts',(-12.1987535001887,3.78619062575692,-0.0315079203258994));
#3101=CARTESIAN_POINT('Ctrl Pts',(-11.8793959765591,4.8188294371741,6.693985167043));
#3102=CARTESIAN_POINT('Ctrl Pts',(-11.4142016685223,5.83324751723132,13.4115865383113));
#3103=CARTESIAN_POINT('Ctrl Pts',(-10.8510083761166,6.73794866160369,20.1339815449515));
#3104=CARTESIAN_POINT('Ctrl Pts',(-12.749093329528,3.79983515576772,-0.000379807760202411));
#3105=CARTESIAN_POINT('Ctrl Pts',(-12.4298975184003,4.88054744168497,6.7254703120358));
#3106=CARTESIAN_POINT('Ctrl Pts',(-11.9566856364983,5.9426637621008,13.442877320406));
#3107=CARTESIAN_POINT('Ctrl Pts',(-11.3801650128658,6.88971672698159,20.1646169416663));
#3108=CARTESIAN_POINT('Ctrl Pts',(-12.9582440055368,3.87704730608204,0.));
#3109=CARTESIAN_POINT('Ctrl Pts',(-12.6326341254518,4.97623139934856,6.7257354655103));
#3110=CARTESIAN_POINT('Ctrl Pts',(-12.1502428900576,6.05573045693053,13.443142363601));
#3111=CARTESIAN_POINT('Ctrl Pts',(-11.5631082960107,7.01711430286434,20.1649948823545));
#3112=CARTESIAN_POINT('Ctrl Pts',(-10.1849116929431,7.24690097951881,19.9999999993254));
#3113=CARTESIAN_POINT('Ctrl Pts',(-10.7839382478475,6.40501938341629,13.3297815985048));
#3114=CARTESIAN_POINT('Ctrl Pts',(-11.2972576779307,5.45186273039451,6.6670838304019));
#3115=CARTESIAN_POINT('Ctrl Pts',(-11.6730694126663,4.47095271434153,3.91179000303055E-8));
#3116=CARTESIAN_POINT('Ctrl Pts',(-12.1403425953765,2.97692498723602,20.1514304985326));
#3117=CARTESIAN_POINT('Ctrl Pts',(-12.3817038584113,1.99261782984584,13.4250770798623));
#3118=CARTESIAN_POINT('Ctrl Pts',(-12.5141709972466,0.908757453559415,6.71128644526087));
#3119=CARTESIAN_POINT('Ctrl Pts',(-12.4987391036667,-0.177543031588253,
-0.0017749874765105));
#3120=CARTESIAN_POINT('Ctrl Pts',(-12.0920731319964,3.17355826239693,20.1184834125769));
#3121=CARTESIAN_POINT('Ctrl Pts',(-12.3494322836952,2.19298434988028,13.3906466091308));
#3122=CARTESIAN_POINT('Ctrl Pts',(-12.4994074336367,1.1110309693348,6.6760097604876));
#3123=CARTESIAN_POINT('Ctrl Pts',(-12.501559302281,0.0246324186838752,-0.0371150488807892));
#3124=CARTESIAN_POINT('Ctrl Pts',(-12.1222953659659,3.59726279915931,20.0526915625009));
#3125=CARTESIAN_POINT('Ctrl Pts',(-12.4141021179803,2.61364201804509,13.3218977679353));
#3126=CARTESIAN_POINT('Ctrl Pts',(-12.600546640184,1.52468751170498,6.60556558367423));
#3127=CARTESIAN_POINT('Ctrl Pts',(-12.6377057756868,0.426502273791947,-0.107685159375097));
#3128=CARTESIAN_POINT('Ctrl Pts',(-12.3939963452676,3.92770976499282,20.0109971795029));
#3129=CARTESIAN_POINT('Ctrl Pts',(-12.7127006420227,2.9218418734631,13.2783177525274));
#3130=CARTESIAN_POINT('Ctrl Pts',(-12.9249515288574,1.80557128614643,6.56093271684794));
#3131=CARTESIAN_POINT('Ctrl Pts',(-12.984260400624,0.677311945052988,-0.152377000792892));
#3132=CARTESIAN_POINT('Ctrl Pts',(-12.5656276278438,4.03938246881755,20.));
#3133=CARTESIAN_POINT('Ctrl Pts',(-12.8933432505643,3.0194829928678,13.2668288430555));
#3134=CARTESIAN_POINT('Ctrl Pts',(-13.1136742365476,1.88717170980859,6.5491649693931));
#3135=CARTESIAN_POINT('Ctrl Pts',(-13.1786561210355,0.741906196876476,-0.164147759883817));
#3136=CARTESIAN_POINT('Ctrl Pts',(-12.4987464063289,-0.17702618529716,8.89031070983037E-11));
#3137=CARTESIAN_POINT('Ctrl Pts',(-12.5012102953241,-0.00306591115189433,
1.07503072418231));
#3138=CARTESIAN_POINT('Ctrl Pts',(-12.5000369381302,0.17087009514098,2.15008019807026));
#3139=CARTESIAN_POINT('Ctrl Pts',(-12.4952558713357,0.344355499231367,3.22519701893098));
#3140=CARTESIAN_POINT('Ctrl Pts',(-12.4904665330678,0.518141041337508,4.30217384312171));
#3141=CARTESIAN_POINT('Ctrl Pts',(-12.4820570336821,0.691474085717879,5.37921824751374));
#3142=CARTESIAN_POINT('Ctrl Pts',(-12.4701091776616,0.863931187768352,6.45637908194818));
#3143=CARTESIAN_POINT('Ctrl Pts',(-12.4575993500827,1.04449986952463,7.58420455043132));
#3144=CARTESIAN_POINT('Ctrl Pts',(-12.4412101622945,1.22410780638242,8.71215765919284));
#3145=CARTESIAN_POINT('Ctrl Pts',(-12.4210953040093,1.40228080237836,9.84029448037983));
#3146=CARTESIAN_POINT('Ctrl Pts',(-12.4017003247333,1.57407726824887,10.9280570664831));
#3147=CARTESIAN_POINT('Ctrl Pts',(-12.3788420688544,1.7445394334349,12.0159904507576));
#3148=CARTESIAN_POINT('Ctrl Pts',(-12.3527099971041,1.91325788315227,13.104144898033));
#3149=CARTESIAN_POINT('Ctrl Pts',(-12.3251230181596,2.0913697590256,14.2528825148661));
#3150=CARTESIAN_POINT('Ctrl Pts',(-12.2938872839424,2.26753780653916,15.4018664953687));
#3151=CARTESIAN_POINT('Ctrl Pts',(-12.2592835331107,2.4413044166595,16.5511559759727));
#3152=CARTESIAN_POINT('Ctrl Pts',(-12.224679782279,2.61507102677984,17.7004454565768));
#3153=CARTESIAN_POINT('Ctrl Pts',(-12.1867083492284,2.78643589494753,18.8500404372824));
#3154=CARTESIAN_POINT('Ctrl Pts',(-12.1457048416011,2.95497104904714,20.0000000545216));
#3155=CARTESIAN_POINT('Ctrl Pts',(-11.4047620366836,-5.11677661097491,-0.167677306660501));
#3156=CARTESIAN_POINT('Ctrl Pts',(-11.8381922211103,-4.15070588154352,6.5553736216005));
#3157=CARTESIAN_POINT('Ctrl Pts',(-12.1529888857375,-3.10490476177674,13.2738631832039));
#3158=CARTESIAN_POINT('Ctrl Pts',(-12.3261529490888,-2.07748729855801,20.));
#3159=CARTESIAN_POINT('Ctrl Pts',(-11.2848022621175,-5.38415445193181,-0.117830279755302));
#3160=CARTESIAN_POINT('Ctrl Pts',(-11.7406540693482,-4.42894836698981,6.6061236470558));
#3161=CARTESIAN_POINT('Ctrl Pts',(-12.0800174715754,-3.39005787923626,13.3242903117479));
#3162=CARTESIAN_POINT('Ctrl Pts',(-12.2774287388544,-2.36657790724189,20.0490460353084));
#3163=CARTESIAN_POINT('Ctrl Pts',(-11.3030714183958,-5.94857598799656,-0.0315092113635007));
#3164=CARTESIAN_POINT('Ctrl Pts',(-11.8074374538839,-4.99257021134543,6.6939838760064));
#3165=CARTESIAN_POINT('Ctrl Pts',(-12.1957959393781,-3.94632411904988,13.4115852687424));
#3166=CARTESIAN_POINT('Ctrl Pts',(-12.4372784573182,-2.90836600879853,20.1339802749914));
#3167=CARTESIAN_POINT('Ctrl Pts',(-11.7018595533238,-6.32808114125506,-0.000379807760202411));
#3168=CARTESIAN_POINT('Ctrl Pts',(-12.2403330166328,-5.33819663279641,6.7254703120369));
#3169=CARTESIAN_POINT('Ctrl Pts',(-12.656751338592,-4.252555649528,13.442877320797));
#3170=CARTESIAN_POINT('Ctrl Pts',(-12.9187572697224,-3.17522643351625,20.1646169416663));
#3171=CARTESIAN_POINT('Ctrl Pts',(-11.9043486496966,-6.42137576747335,0.));
#3172=CARTESIAN_POINT('Ctrl Pts',(-12.4513482215885,-5.41389428712263,6.7257354655113));
#3173=CARTESIAN_POINT('Ctrl Pts',(-12.8735672117722,-4.30947106942615,13.4431423639921));
#3174=CARTESIAN_POINT('Ctrl Pts',(-13.1382013956201,-3.21450317978713,20.1649948823545));
#3175=CARTESIAN_POINT('Ctrl Pts',(-12.3261529490783,-2.07748729861997,19.9999999995944));
#3176=CARTESIAN_POINT('Ctrl Pts',(-12.1544285026155,-3.09636322320415,13.3297815991616));
#3177=CARTESIAN_POINT('Ctrl Pts',(-11.8434166196373,-4.13331840611467,6.6670838304137));
#3178=CARTESIAN_POINT('Ctrl Pts',(-11.4155475216329,-5.09266555628234,3.91179000303055E-8));
#3179=CARTESIAN_POINT('Ctrl Pts',(-10.6895224206631,-6.47951472958878,20.1514304985377));
#3180=CARTESIAN_POINT('Ctrl Pts',(-10.1641803407014,-7.34619318116655,13.4250770797878));
#3181=CARTESIAN_POINT('Ctrl Pts',(-9.49144373091205,-8.20626661526163,6.71128644510684));
#3182=CARTESIAN_POINT('Ctrl Pts',(-8.71240129484743,-8.9634850581236,-0.00177498771010587));
#3183=CARTESIAN_POINT('Ctrl Pts',(-10.7944314754806,-6.30634233660841,20.1184834119884));
#3184=CARTESIAN_POINT('Ctrl Pts',(-10.2830414138451,-7.18169320097934,13.3906466084626));
#3185=CARTESIAN_POINT('Ctrl Pts',(-9.62403328859816,-8.05279821836145,6.67600975969545));
#3186=CARTESIAN_POINT('Ctrl Pts',(-8.85735510725956,-8.8225196015138,-0.0371150497525896));
#3187=CARTESIAN_POINT('Ctrl Pts',(-11.1154131632406,-6.02812411794742,20.0526931690507));
#3188=CARTESIAN_POINT('Ctrl Pts',(-10.6262267719383,-6.92998757554454,13.3218993744052));
#3189=CARTESIAN_POINT('Ctrl Pts',(-9.98805165516271,-7.8318321567082,6.6055673107317));
#3190=CARTESIAN_POINT('Ctrl Pts',(-9.23779290387538,-8.63464186190829,-0.107683432418906));
#3191=CARTESIAN_POINT('Ctrl Pts',(-11.5411890710991,-5.98656865238098,20.0109971795029));
#3192=CARTESIAN_POINT('Ctrl Pts',(-11.0552910334436,-6.92318262889941,13.2783177524475));
#3193=CARTESIAN_POINT('Ctrl Pts',(-10.4160525728972,-7.86258917223494,6.56093271668835));
#3194=CARTESIAN_POINT('Ctrl Pts',(-9.66019044727188,-8.70232670867747,-0.15237700103198));
#3195=CARTESIAN_POINT('Ctrl Pts',(-11.7415152410203,-6.02896577000643,20.));
#3196=CARTESIAN_POINT('Ctrl Pts',(-11.2520673445683,-6.9818735447169,13.2668288429756));
#3197=CARTESIAN_POINT('Ctrl Pts',(-10.6071998921879,-7.93833606568776,6.54916496923351));
#3198=CARTESIAN_POINT('Ctrl Pts',(-9.84332401289829,-8.79411020732461,-0.164147760122915));
#3199=CARTESIAN_POINT('Ctrl Pts',(-11.7415152410203,-6.02896577000643,20.));
#3200=CARTESIAN_POINT('Ctrl Pts',(-11.2560565021398,-6.9741070402699,13.3217063506645));
#3201=CARTESIAN_POINT('Ctrl Pts',(-10.6177013217677,-7.92274534827982,6.6586682360453));
#3202=CARTESIAN_POINT('Ctrl Pts',(-9.8619777781454,-8.77316569584783,7.84010989463013E-8));
#3203=CARTESIAN_POINT('Ctrl Pts',(-8.71277192417494,-8.96312475631735,8.89031070983037E-11));
#3204=CARTESIAN_POINT('Ctrl Pts',(-8.83752264629673,-8.84185849942885,1.07503072418195));
#3205=CARTESIAN_POINT('Ctrl Pts',(-8.95968428701026,-8.71803748105808,2.15008019806955));
#3206=CARTESIAN_POINT('Ctrl Pts',(-9.07897626792775,-8.59198405063724,3.22519701892991));
#3207=CARTESIAN_POINT('Ctrl Pts',(-9.19847462965649,-8.46571254177532,4.30217384311973));
#3208=CARTESIAN_POINT('Ctrl Pts',(-9.31509318669939,-8.33720115664829,5.37921824751084));
#3209=CARTESIAN_POINT('Ctrl Pts',(-9.4285903630103,-8.20680716031206,6.45637908194437));
#3210=CARTESIAN_POINT('Ctrl Pts',(-9.54742591843756,-8.07028003705968,7.58420455042783));
#3211=CARTESIAN_POINT('Ctrl Pts',(-9.6628390027215,-7.93168914112941,8.71215765918967));
#3212=CARTESIAN_POINT('Ctrl Pts',(-9.77460298371851,-7.79147845474023,9.84029448037697));
#3213=CARTESIAN_POINT('Ctrl Pts',(-9.88236710835235,-7.65628568737233,10.9280570664798));
#3214=CARTESIAN_POINT('Ctrl Pts',(-9.98673883355307,-7.51958750669557,12.0159904507539));
#3215=CARTESIAN_POINT('Ctrl Pts',(-10.0875626283184,-7.3818073816481,13.1041448980288));
#3216=CARTESIAN_POINT('Ctrl Pts',(-10.1939998036742,-7.23635632652401,14.2528825148626));
#3217=CARTESIAN_POINT('Ctrl Pts',(-10.2964824252192,-7.08969970601835,15.4018664953659));
#3218=CARTESIAN_POINT('Ctrl Pts',(-10.3948854267116,-6.9423596107908,16.5511559759706));
#3219=CARTESIAN_POINT('Ctrl Pts',(-10.493288428204,-6.79501951556324,17.7004454565754));
#3220=CARTESIAN_POINT('Ctrl Pts',(-10.5876118307411,-6.64699639742319,18.8500404372817));
#3221=CARTESIAN_POINT('Ctrl Pts',(-10.6777903227776,-6.49883018879527,20.0000000545216));
#3222=CARTESIAN_POINT('Ctrl Pts',(-39.766264991545,-1.84932186136253,20.));
#3223=CARTESIAN_POINT('Ctrl Pts',(-39.1912400103435,-5.14360272110663,13.3333333333333));
#3224=CARTESIAN_POINT('Ctrl Pts',(-38.616215029142,-8.43788358085074,6.6666666666667));
#3225=CARTESIAN_POINT('Ctrl Pts',(-38.0411900479405,-11.7321644405949,0.));
#3226=CARTESIAN_POINT('Ctrl Pts',(-36.134048650476,-3.81683859631641,20.));
#3227=CARTESIAN_POINT('Ctrl Pts',(-35.4334793920151,-6.78766749450804,13.3333333333333));
#3228=CARTESIAN_POINT('Ctrl Pts',(-34.7330017729673,-9.75832134410116,6.6666666666667));
#3229=CARTESIAN_POINT('Ctrl Pts',(-34.0324325145064,-12.7291502422928,0.));
#3230=CARTESIAN_POINT('Ctrl Pts',(-26.9684976567924,-7.13602767478917,20.));
#3231=CARTESIAN_POINT('Ctrl Pts',(-26.0885700434557,-9.30788384230325,13.3333333333333));
#3232=CARTESIAN_POINT('Ctrl Pts',(-25.2080562688871,-11.4796973323175,6.6666666666667));
#3233=CARTESIAN_POINT('Ctrl Pts',(-24.3281286555504,-13.6515534998315,0.));
#3234=CARTESIAN_POINT('Ctrl Pts',(-17.1391878294649,-7.12502223966012,20.));
#3235=CARTESIAN_POINT('Ctrl Pts',(-16.3635568518017,-8.47779830757581,13.3333333333333));
#3236=CARTESIAN_POINT('Ctrl Pts',(-15.5893226755077,-9.83079400834082,6.6666666666667));
#3237=CARTESIAN_POINT('Ctrl Pts',(-14.8136916978445,-11.1835700762565,0.));
#3238=CARTESIAN_POINT('Ctrl Pts',(-11.7415152410203,-6.02896577000643,20.));
#3239=CARTESIAN_POINT('Ctrl Pts',(-11.1148207621557,-6.94361045193011,13.3333333333333));
#3240=CARTESIAN_POINT('Ctrl Pts',(-10.4881262832911,-7.85825513385379,6.6666666666667));
#3241=CARTESIAN_POINT('Ctrl Pts',(-9.86143180442646,-8.77289981577747,0.));
#3242=CARTESIAN_POINT('Ctrl Pts',(-4.44627713452083,-11.682492013395,-0.167677306660501));
#3243=CARTESIAN_POINT('Ctrl Pts',(-5.43587372098646,-11.3058582720873,6.5553736215995));
#3244=CARTESIAN_POINT('Ctrl Pts',(-6.3979616407496,-10.7889600648156,13.2738631828126));
#3245=CARTESIAN_POINT('Ctrl Pts',(-7.24690097960395,-10.1849116928825,20.));
#3246=CARTESIAN_POINT('Ctrl Pts',(-4.17238807997584,-11.7867323278093,-0.117830279755302));
#3247=CARTESIAN_POINT('Ctrl Pts',(-5.17015668417781,-11.4336355318252,6.6061236470547));
#3248=CARTESIAN_POINT('Ctrl Pts',(-6.14472935592986,-10.9389951860598,13.3242903113566));
#3249=CARTESIAN_POINT('Ctrl Pts',(-7.00802983036151,-10.3548764031955,20.0490460353084));
#3250=CARTESIAN_POINT('Ctrl Pts',(-3.78619062575692,-12.1987535001887,-0.0315079203258994));
#3251=CARTESIAN_POINT('Ctrl Pts',(-4.8188294371741,-11.8793959765591,6.693985167043));
#3252=CARTESIAN_POINT('Ctrl Pts',(-5.83324751723131,-11.4142016685223,13.4115865383113));
#3253=CARTESIAN_POINT('Ctrl Pts',(-6.73794866160369,-10.8510083761166,20.1339815449515));
#3254=CARTESIAN_POINT('Ctrl Pts',(-3.79983515576773,-12.749093329528,-0.000379807760202411));
#3255=CARTESIAN_POINT('Ctrl Pts',(-4.88054744168497,-12.4298975184003,6.7254703120358));
#3256=CARTESIAN_POINT('Ctrl Pts',(-5.9426637621008,-11.9566856364983,13.442877320406));
#3257=CARTESIAN_POINT('Ctrl Pts',(-6.88971672698159,-11.3801650128658,20.1646169416663));
#3258=CARTESIAN_POINT('Ctrl Pts',(-3.87704730608204,-12.9582440055368,0.));
#3259=CARTESIAN_POINT('Ctrl Pts',(-4.97623139934856,-12.6326341254518,6.7257354655103));
#3260=CARTESIAN_POINT('Ctrl Pts',(-6.05573045693053,-12.1502428900576,13.4431423636011));
#3261=CARTESIAN_POINT('Ctrl Pts',(-7.01711430286434,-11.5631082960107,20.1649948823545));
#3262=CARTESIAN_POINT('Ctrl Pts',(-3.87704730608204,-12.9582440055368,0.));
#3263=CARTESIAN_POINT('Ctrl Pts',(-4.96723781229277,-12.6352982840953,6.67070511363933));
#3264=CARTESIAN_POINT('Ctrl Pts',(-6.03806409315681,-12.158126299465,13.3332173919234));
#3265=CARTESIAN_POINT('Ctrl Pts',(-6.99349234206064,-11.5774991374292,20.0000000240717));
#3266=CARTESIAN_POINT('Ctrl Pts',(-7.24690097951881,-10.1849116929431,19.9999999993254));
#3267=CARTESIAN_POINT('Ctrl Pts',(-6.40501938341628,-10.7839382478475,13.3297815985048));
#3268=CARTESIAN_POINT('Ctrl Pts',(-5.45186273039451,-11.2972576779307,6.6670838304019));
#3269=CARTESIAN_POINT('Ctrl Pts',(-4.47095271434153,-11.6730694126663,3.91179000303055E-8));
#3270=CARTESIAN_POINT('Ctrl Pts',(-6.99349328884248,-11.5775001935394,20.));
#3271=CARTESIAN_POINT('Ctrl Pts',(-5.95467742972506,-12.0377466897874,13.3333333333333));
#3272=CARTESIAN_POINT('Ctrl Pts',(-4.91586157060764,-12.4979931860354,6.6666666666667));
#3273=CARTESIAN_POINT('Ctrl Pts',(-3.87704571149022,-12.9582396822834,0.));
#3274=CARTESIAN_POINT('Ctrl Pts',(-9.12164014625999,-14.648238687719,20.));
#3275=CARTESIAN_POINT('Ctrl Pts',(-7.80440630612372,-15.2532685201256,13.3333333333333));
#3276=CARTESIAN_POINT('Ctrl Pts',(-6.48716426234698,-15.8584763263601,6.6666666666667));
#3277=CARTESIAN_POINT('Ctrl Pts',(-5.16993042221072,-16.4635061587667,0.));
#3278=CARTESIAN_POINT('Ctrl Pts',(-15.1365850519818,-21.0871591723478,20.));
#3279=CARTESIAN_POINT('Ctrl Pts',(-13.2192113598876,-22.1254201324229,13.3333333333333));
#3280=CARTESIAN_POINT('Ctrl Pts',(-11.3015193552017,-23.1634393762524,6.6666666666667));
#3281=CARTESIAN_POINT('Ctrl Pts',(-9.38414566310747,-24.2017003363274,0.));
#3282=CARTESIAN_POINT('Ctrl Pts',(-23.0154079612556,-25.186369319185,20.));
#3283=CARTESIAN_POINT('Ctrl Pts',(-20.6726079581942,-26.8375187052974,13.3333333333333));
#3284=CARTESIAN_POINT('Ctrl Pts',(-18.3307806082933,-28.4892998353598,6.6666666666667));
#3285=CARTESIAN_POINT('Ctrl Pts',(-15.9879806052319,-30.1404492214722,0.));
#3286=CARTESIAN_POINT('Ctrl Pts',(-27.7952783166743,-26.5891703904735,20.));
#3287=CARTESIAN_POINT('Ctrl Pts',(-25.2853088472167,-28.6240046293531,13.3333333333333));
#3288=CARTESIAN_POINT('Ctrl Pts',(-22.7753393777591,-30.6588388682327,6.6666666666667));
#3289=CARTESIAN_POINT('Ctrl Pts',(-20.2653699083016,-32.6936731071123,0.));
#3290=CARTESIAN_POINT('Ctrl Pts',(-27.7952783180025,-26.5891703891957,19.999999998796));
#3291=CARTESIAN_POINT('Ctrl Pts',(-25.2791102261618,-28.6216211840134,13.3346897277841));
#3292=CARTESIAN_POINT('Ctrl Pts',(-22.7673841943024,-30.6542212833806,6.6676466804745));
#3293=CARTESIAN_POINT('Ctrl Pts',(-20.259594752673,-32.6902251481209,-1.11796039092837E-8));
#3294=CARTESIAN_POINT('Ctrl Pts',(-2.97692498723602,-12.1403425953765,20.1514304985326));
#3295=CARTESIAN_POINT('Ctrl Pts',(-1.99261782984584,-12.3817038584113,13.4250770798623));
#3296=CARTESIAN_POINT('Ctrl Pts',(-0.908757453559418,-12.5141709972466,
6.71128644526079));
#3297=CARTESIAN_POINT('Ctrl Pts',(0.177543031588244,-12.4987391036667,-0.00177498747648386));
#3298=CARTESIAN_POINT('Ctrl Pts',(-3.17355826239694,-12.0920731319964,20.1184834125769));
#3299=CARTESIAN_POINT('Ctrl Pts',(-2.19298434988028,-12.3494322836952,13.3906466091308));
#3300=CARTESIAN_POINT('Ctrl Pts',(-1.1110309693348,-12.4994074336367,6.67600976048761));
#3301=CARTESIAN_POINT('Ctrl Pts',(-0.0246324186838827,-12.501559302281,
-0.0371150488807714));
#3302=CARTESIAN_POINT('Ctrl Pts',(-3.5972627991593,-12.1222953659659,20.0526915625009));
#3303=CARTESIAN_POINT('Ctrl Pts',(-2.61364201804509,-12.4141021179803,13.3218977679353));
#3304=CARTESIAN_POINT('Ctrl Pts',(-1.52468751170498,-12.600546640184,6.60556558367425));
#3305=CARTESIAN_POINT('Ctrl Pts',(-0.426502273791953,-12.6377057756868,
-0.107685159374977));
#3306=CARTESIAN_POINT('Ctrl Pts',(-3.92770976499281,-12.3939963452676,20.0109971795029));
#3307=CARTESIAN_POINT('Ctrl Pts',(-2.9218418734631,-12.7127006420227,13.2783177525274));
#3308=CARTESIAN_POINT('Ctrl Pts',(-1.80557128614644,-12.9249515288574,6.56093271684795));
#3309=CARTESIAN_POINT('Ctrl Pts',(-0.677311945052994,-12.984260400624,-0.152377000792874));
#3310=CARTESIAN_POINT('Ctrl Pts',(-4.03938246881755,-12.5656276278438,20.));
#3311=CARTESIAN_POINT('Ctrl Pts',(-3.0194829928678,-12.8933432505643,13.2668288430555));
#3312=CARTESIAN_POINT('Ctrl Pts',(-1.88717170980859,-13.1136742365476,6.54916496939312));
#3313=CARTESIAN_POINT('Ctrl Pts',(-0.741906196876481,-13.1786561210355,
-0.164147759883799));
#3314=CARTESIAN_POINT('Ctrl Pts',(-4.03938246881755,-12.5656276278438,20.));
#3315=CARTESIAN_POINT('Ctrl Pts',(-3.02779550118627,-12.8906722629777,13.3217063506645));
#3316=CARTESIAN_POINT('Ctrl Pts',(-1.90562164385246,-13.1100755666181,6.6586682360454));
#3317=CARTESIAN_POINT('Ctrl Pts',(-0.769906406830462,-13.1770363188449,
7.84010989463013E-8));
#3318=CARTESIAN_POINT('Ctrl Pts',(0.177026185297155,-12.4987464063289,8.89031070983037E-11));
#3319=CARTESIAN_POINT('Ctrl Pts',(0.00306591115184596,-12.5012102953241,
1.07503072418259));
#3320=CARTESIAN_POINT('Ctrl Pts',(-0.170870095141079,-12.5000369381302,
2.15008019807082));
#3321=CARTESIAN_POINT('Ctrl Pts',(-0.344355499231509,-12.4952558713357,
3.22519701893182));
#3322=CARTESIAN_POINT('Ctrl Pts',(-0.518141041337886,-12.4904665330678,
4.30217384312402));
#3323=CARTESIAN_POINT('Ctrl Pts',(-0.691474085718487,-12.482057033682,5.37921824751751));
#3324=CARTESIAN_POINT('Ctrl Pts',(-0.863931187769193,-12.4701091776616,
6.45637908195342));
#3325=CARTESIAN_POINT('Ctrl Pts',(-1.0444998695254,-12.4575993500826,7.58420455043613));
#3326=CARTESIAN_POINT('Ctrl Pts',(-1.22410780638312,-12.4412101622944,8.71215765919722));
#3327=CARTESIAN_POINT('Ctrl Pts',(-1.40228080237899,-12.4210953040092,9.84029448038377));
#3328=CARTESIAN_POINT('Ctrl Pts',(-1.57407726824971,-12.4017003247331,10.9280570664885));
#3329=CARTESIAN_POINT('Ctrl Pts',(-1.74453943343596,-12.3788420688543,12.0159904507644));
#3330=CARTESIAN_POINT('Ctrl Pts',(-1.91325788315354,-12.3527099971039,13.1041448980412));
#3331=CARTESIAN_POINT('Ctrl Pts',(-2.09136975902665,-12.3251230181594,14.252882514873));
#3332=CARTESIAN_POINT('Ctrl Pts',(-2.26753780654,-12.2938872839422,15.4018664953741));
#3333=CARTESIAN_POINT('Ctrl Pts',(-2.44130441666012,-12.2592835331106,16.5511559759768));
#3334=CARTESIAN_POINT('Ctrl Pts',(-2.61507102678025,-12.2246797822789,17.7004454565795));
#3335=CARTESIAN_POINT('Ctrl Pts',(-2.78643589494773,-12.1867083492283,18.8500404372837));
#3336=CARTESIAN_POINT('Ctrl Pts',(-2.95497104904714,-12.1457048416011,20.0000000545216));
#3337=CARTESIAN_POINT('Ctrl Pts',(-26.8113276092622,-29.4266636667621,20.));
#3338=CARTESIAN_POINT('Ctrl Pts',(-24.0753152106432,-31.3494679382647,13.3333333333333));
#3339=CARTESIAN_POINT('Ctrl Pts',(-21.3393028120243,-33.2722722097672,6.6666666666667));
#3340=CARTESIAN_POINT('Ctrl Pts',(-18.6032904134053,-35.1950764812697,0.));
#3341=CARTESIAN_POINT('Ctrl Pts',(-22.8517183783639,-28.2495432866422,20.));
#3342=CARTESIAN_POINT('Ctrl Pts',(-20.2556478453574,-29.8548592729529,13.3333333333333));
#3343=CARTESIAN_POINT('Ctrl Pts',(-17.6597658892523,-31.4601162800629,6.6666666666667));
#3344=CARTESIAN_POINT('Ctrl Pts',(-15.0636953562458,-33.0654322663737,0.));
#3345=CARTESIAN_POINT('Ctrl Pts',(-14.0236795595727,-24.1155342102569,20.));
#3346=CARTESIAN_POINT('Ctrl Pts',(-11.8657425534164,-25.0290656517257,13.3333333333333));
#3347=CARTESIAN_POINT('Ctrl Pts',(-9.70742280028574,-25.9421540437295,6.6666666666667));
#3348=CARTESIAN_POINT('Ctrl Pts',(-7.5494857941294,-26.8556854851982,0.));
#3349=CARTESIAN_POINT('Ctrl Pts',(-7.0810843964809,-17.1573874800207,20.));
#3350=CARTESIAN_POINT('Ctrl Pts',(-5.57607334142618,-17.5654906870671,13.3333333333333));
#3351=CARTESIAN_POINT('Ctrl Pts',(-4.07189467021445,-17.9747368857108,6.6666666666667));
#3352=CARTESIAN_POINT('Ctrl Pts',(-2.56688361515974,-18.3828400927572,0.));
#3353=CARTESIAN_POINT('Ctrl Pts',(-4.03938246881755,-12.5656276278438,20.));
#3354=CARTESIAN_POINT('Ctrl Pts',(-2.94949109611576,-12.7692391690709,13.3333333333333));
#3355=CARTESIAN_POINT('Ctrl Pts',(-1.85959972341397,-12.972850710298,6.6666666666667));
#3356=CARTESIAN_POINT('Ctrl Pts',(-0.769708350712177,-13.1764622515251,
0.));
#3357=CARTESIAN_POINT('Ctrl Pts',(-18.6032904088728,-35.195076484455,-1.1044001269056E-8));
#3358=CARTESIAN_POINT('Ctrl Pts',(-21.3104357259731,-33.2547226498899,6.667005318741));
#3359=CARTESIAN_POINT('Ctrl Pts',(-24.0250126926865,-31.3285599801668,13.3353329363482));
#3360=CARTESIAN_POINT('Ctrl Pts',(-26.7547732968977,-29.4098090308021,19.9999998063335));
#3361=CARTESIAN_POINT('Ctrl Pts',(-27.8234140603126,-26.5664437198462,20.0745308048945));
#3362=CARTESIAN_POINT('Ctrl Pts',(-25.269027237947,-28.6297376939942,13.3080816027941));
#3363=CARTESIAN_POINT('Ctrl Pts',(-22.7192202647473,-30.6931730374075,6.5398422951313));
#3364=CARTESIAN_POINT('Ctrl Pts',(-20.1734643070843,-32.7601546389518,-0.229005795280699));
#3365=CARTESIAN_POINT('Ctrl Pts',(-28.0706741067872,-26.666256725629,20.008325741289));
#3366=CARTESIAN_POINT('Ctrl Pts',(-25.511501346073,-28.7498646915638,13.2499744196073));
#3367=CARTESIAN_POINT('Ctrl Pts',(-22.9545787394286,-30.8329316697086,6.4905594824294));
#3368=CARTESIAN_POINT('Ctrl Pts',(-20.4008967610514,-32.9183434407625,-0.269452872401801));
#3369=CARTESIAN_POINT('Ctrl Pts',(-28.4453065055451,-27.0266238485845,19.9710584650264));
#3370=CARTESIAN_POINT('Ctrl Pts',(-25.8614648302614,-29.1403476474398,13.2313353401812));
#3371=CARTESIAN_POINT('Ctrl Pts',(-23.2771039684543,-31.2525758162021,6.4914146045416));
#3372=CARTESIAN_POINT('Ctrl Pts',(-20.6932205990097,-33.3631345079781,-0.249151216099199));
#3373=CARTESIAN_POINT('Ctrl Pts',(-28.518154172527,-27.51236529524,20.0891108891126));
#3374=CARTESIAN_POINT('Ctrl Pts',(-25.894693217454,-29.6301137476329,13.3655907624671));
#3375=CARTESIAN_POINT('Ctrl Pts',(-23.267563125813,-31.7425560995826,6.6419860556682));
#3376=CARTESIAN_POINT('Ctrl Pts',(-20.6408477860145,-33.84879268112,-0.0835381660405998));
#3377=CARTESIAN_POINT('Ctrl Pts',(-28.4886122876266,-27.7041511217184,20.1584276778228));
#3378=CARTESIAN_POINT('Ctrl Pts',(-25.8485848089802,-29.8181886132441,13.4400170928822));
#3379=CARTESIAN_POINT('Ctrl Pts',(-23.2038293591113,-31.9251450293171,6.7214083639944));
#3380=CARTESIAN_POINT('Ctrl Pts',(-20.5600961457044,-34.0236989803348,0.));
#3381=CARTESIAN_POINT('Ctrl Pts',(-20.5600961460851,-34.0236989800325,9.68098934350792E-10));
#3382=CARTESIAN_POINT('Ctrl Pts',(-23.183048631409,-31.941640444967,6.6685755908989));
#3383=CARTESIAN_POINT('Ctrl Pts',(-25.8070073456604,-29.8513110190071,13.334395384144));
#3384=CARTESIAN_POINT('Ctrl Pts',(-28.4263566151782,-27.7540011756052,20.0000000086233));
#3385=CARTESIAN_POINT('Ctrl Pts',(-28.4263566720388,-27.7540012239261,20.));
#3386=CARTESIAN_POINT('Ctrl Pts',(-25.8126381780452,-29.8290959161944,13.3333333333333));
#3387=CARTESIAN_POINT('Ctrl Pts',(-23.1989196840516,-31.9041906084628,6.6666666666667));
#3388=CARTESIAN_POINT('Ctrl Pts',(-20.585201190058,-33.9792853007312,0.));
#3389=CARTESIAN_POINT('Ctrl Pts',(-28.3532226222574,-28.0269412134733,20.));
#3390=CARTESIAN_POINT('Ctrl Pts',(-25.7175332326584,-30.0930524079134,13.3333333333333));
#3391=CARTESIAN_POINT('Ctrl Pts',(-23.0818438430593,-32.1591636023534,6.6666666666667));
#3392=CARTESIAN_POINT('Ctrl Pts',(-20.4461544534602,-34.2252747967935,0.));
#3393=CARTESIAN_POINT('Ctrl Pts',(-28.2800885724761,-28.2998812030206,20.));
#3394=CARTESIAN_POINT('Ctrl Pts',(-25.6224282872715,-30.3570088996324,13.3333333333333));
#3395=CARTESIAN_POINT('Ctrl Pts',(-22.964768002067,-32.4141365962441,6.6666666666667));
#3396=CARTESIAN_POINT('Ctrl Pts',(-20.3071077168625,-34.4712642928558,0.));
#3397=CARTESIAN_POINT('Ctrl Pts',(-28.2069545226947,-28.5728211925679,20.));
#3398=CARTESIAN_POINT('Ctrl Pts',(-25.5273233418847,-30.6209653913513,13.3333333333333));
#3399=CARTESIAN_POINT('Ctrl Pts',(-22.8476921610747,-32.6691095901347,6.6666666666667));
#3400=CARTESIAN_POINT('Ctrl Pts',(-20.1680609802647,-34.7172537889181,0.));
#3401=CARTESIAN_POINT('Ctrl Pts',(-28.2069545205075,-28.5728211888014,19.9999999899994));
#3402=CARTESIAN_POINT('Ctrl Pts',(-25.5299110754213,-30.6045781410568,13.3276916651815));
#3403=CARTESIAN_POINT('Ctrl Pts',(-22.854256600919,-32.654826944472,6.6600848614442));
#3404=CARTESIAN_POINT('Ctrl Pts',(-20.1680878202673,-34.7172067148058,1.25538839990114E-6));
#3405=CARTESIAN_POINT('Ctrl Pts',(-28.2069545245199,-28.5728211857562,20.));
#3406=CARTESIAN_POINT('Ctrl Pts',(-25.4483730919039,-30.6664618453107,13.1244650170617));
#3407=CARTESIAN_POINT('Ctrl Pts',(-22.691266525558,-32.7797379719383,6.2539223067624));
#3408=CARTESIAN_POINT('Ctrl Pts',(-19.9226104343287,-34.9056895687608,-0.6085406717167));
#3409=CARTESIAN_POINT('Ctrl Pts',(-28.1835697397934,-28.7235794551911,20.0532210487476));
#3410=CARTESIAN_POINT('Ctrl Pts',(-25.411984214312,-30.8132489467697,13.1819063649536));
#3411=CARTESIAN_POINT('Ctrl Pts',(-22.6415864827655,-32.9199834770428,6.3149753953958));
#3412=CARTESIAN_POINT('Ctrl Pts',(-19.8610222868535,-35.0376295802107,-0.5449560946691));
#3413=CARTESIAN_POINT('Ctrl Pts',(-28.0630476979665,-29.0045697634559,20.1830136000932));
#3414=CARTESIAN_POINT('Ctrl Pts',(-25.2669092770754,-31.0798488163937,13.3175541231967));
#3415=CARTESIAN_POINT('Ctrl Pts',(-22.4728145411741,-33.1672916190687,6.4547780122704));
#3416=CARTESIAN_POINT('Ctrl Pts',(-19.6723284744408,-35.2630461401376,-0.403259874468698));
#3417=CARTESIAN_POINT('Ctrl Pts',(-27.6428393521348,-29.3158554058657,20.4408138801353));
#3418=CARTESIAN_POINT('Ctrl Pts',(-24.8181664187806,-31.3499217340482,13.5746369319897));
#3419=CARTESIAN_POINT('Ctrl Pts',(-22.0010218536912,-33.3902894768,6.7074026539406));
#3420=CARTESIAN_POINT('Ctrl Pts',(-19.1855822091311,-35.4391509745973,-0.158151149238002));
#3421=CARTESIAN_POINT('Ctrl Pts',(-27.242179235061,-29.3079977832963,20.5978623745203));
#3422=CARTESIAN_POINT('Ctrl Pts',(-24.415602806036,-31.307154515901,13.7217431266921));
#3423=CARTESIAN_POINT('Ctrl Pts',(-21.6028191250756,-33.3127426964333,6.8422026996214));
#3424=CARTESIAN_POINT('Ctrl Pts',(-18.7960862136267,-35.3304339838435,-0.0361624391866));
#3425=CARTESIAN_POINT('Ctrl Pts',(-27.0246559922411,-29.2201671179544,20.6587805740601));
#3426=CARTESIAN_POINT('Ctrl Pts',(-24.2039088168027,-31.2016430881376,13.7747708577843));
#3427=CARTESIAN_POINT('Ctrl Pts',(-21.3996348845248,-33.1907889082313,6.8866799929154));
#3428=CARTESIAN_POINT('Ctrl Pts',(-18.6032904088728,-35.195076484455,-1.1044001269056E-8));
#3429=CARTESIAN_POINT('Ctrl Pts',(-0.888812255259105,-38.4594372645225,
20.0745308126966));
#3430=CARTESIAN_POINT('Ctrl Pts',(2.37638115056863,-38.1121821812196,13.3080816079953));
#3431=CARTESIAN_POINT('Ctrl Pts',(5.63843607713628,-37.7682655034888,6.5398422977731));
#3432=CARTESIAN_POINT('Ctrl Pts',(8.90013408635862,-37.4297209094868,-0.229005795280699));
#3433=CARTESIAN_POINT('Ctrl Pts',(-0.993073057618713,-38.7048549733285,
20.0083257490818));
#3434=CARTESIAN_POINT('Ctrl Pts',(2.28986867902123,-38.3685798819156,13.2499744248017));
#3435=CARTESIAN_POINT('Ctrl Pts',(5.57083678030158,-38.0335133535722,6.4905594850678));
#3436=CARTESIAN_POINT('Ctrl Pts',(8.85117143036474,-37.702396314417,-0.269452872401801));
#3437=CARTESIAN_POINT('Ctrl Pts',(-1.00316960172828,-39.2245818841279,19.9710536117991));
#3438=CARTESIAN_POINT('Ctrl Pts',(2.31851080138122,-38.8921583456216,13.231330484362));
#3439=CARTESIAN_POINT('Ctrl Pts',(5.63950135626897,-38.5583131627851,6.4914098909284));
#3440=CARTESIAN_POINT('Ctrl Pts',(8.958973172941,-38.223622073372,-0.249155932343199));
#3441=CARTESIAN_POINT('Ctrl Pts',(-0.711200139437301,-39.6195602694752,
20.0891108968653));
#3442=CARTESIAN_POINT('Ctrl Pts',(2.64134118489745,-39.2619675293664,13.3655907676341));
#3443=CARTESIAN_POINT('Ctrl Pts',(5.99272500095464,-38.8980283383013,6.6419860582932));
#3444=CARTESIAN_POINT('Ctrl Pts',(9.33942740086738,-38.5299942787277,-0.0835381660405998));
#3445=CARTESIAN_POINT('Ctrl Pts',(-0.55469781386733,-39.734284060788,20.1584276855696));
#3446=CARTESIAN_POINT('Ctrl Pts',(2.80693376603685,-39.3623529739218,13.4400170980453));
#3447=CARTESIAN_POINT('Ctrl Pts',(6.16690144996225,-38.9820716300677,6.7214083666177));
#3448=CARTESIAN_POINT('Ctrl Pts',(9.5202048635696,-38.5965716765195,0.));
#3449=CARTESIAN_POINT('Ctrl Pts',(9.52020486349651,-38.5965716765279,1.46498368991388E-10));
#3450=CARTESIAN_POINT('Ctrl Pts',(6.19325966540243,-38.9790414566611,6.6685755901172));
#3451=CARTESIAN_POINT('Ctrl Pts',(2.85975455260796,-39.356374345095,13.3343953841304));
#3452=CARTESIAN_POINT('Ctrl Pts',(-0.475427090689704,-39.7255119633494,
20.0000000086233));
#3453=CARTESIAN_POINT('Ctrl Pts',(-0.852847095294167,-38.4556124719509,
19.9999999987794));
#3454=CARTESIAN_POINT('Ctrl Pts',(2.36351216449313,-38.113572691049,13.3346897277717));
#3455=CARTESIAN_POINT('Ctrl Pts',(5.57683598778474,-37.7747794951438,6.6676466805078));
#3456=CARTESIAN_POINT('Ctrl Pts',(8.78978304704439,-37.4411767144578,-1.11788001078139E-8));
#3457=CARTESIAN_POINT('Ctrl Pts',(3.24138236731713,-13.1316754247634,20.));
#3458=CARTESIAN_POINT('Ctrl Pts',(4.3013795242175,-12.7225651048916,13.3333333333333));
#3459=CARTESIAN_POINT('Ctrl Pts',(5.36137668111787,-12.3134547850199,6.6666666666667));
#3460=CARTESIAN_POINT('Ctrl Pts',(6.42137383801824,-11.9043444651482,0.));
#3461=CARTESIAN_POINT('Ctrl Pts',(4.13006628495748,-18.0332315402949,20.));
#3462=CARTESIAN_POINT('Ctrl Pts',(5.58906546731297,-17.4977998825046,13.3333333333333));
#3463=CARTESIAN_POINT('Ctrl Pts',(7.04822818781151,-16.9635164450172,6.6666666666667));
#3464=CARTESIAN_POINT('Ctrl Pts',(8.50722737016699,-16.4280847872268,0.));
#3465=CARTESIAN_POINT('Ctrl Pts',(3.99760364314337,-26.9136540871706,20.));
#3466=CARTESIAN_POINT('Ctrl Pts',(6.19810354553205,-26.2957818386515,13.3333333333333));
#3467=CARTESIAN_POINT('Ctrl Pts',(8.39857670306205,-25.6775048540329,6.6666666666667));
#3468=CARTESIAN_POINT('Ctrl Pts',(10.5990766054507,-25.0596326055139,0.));
#3469=CARTESIAN_POINT('Ctrl Pts',(0.938114350228158,-35.1767558027234,20.));
#3470=CARTESIAN_POINT('Ctrl Pts',(3.8596274843885,-34.7262065098193,13.3333333333333));
#3471=CARTESIAN_POINT('Ctrl Pts',(6.78100113033845,-34.2757680547352,6.6666666666667));
#3472=CARTESIAN_POINT('Ctrl Pts',(9.7025142644988,-33.8252187618311,0.));
#3473=CARTESIAN_POINT('Ctrl Pts',(-0.852847093196552,-38.4556124714348,
20.));
#3474=CARTESIAN_POINT('Ctrl Pts',(2.36081442808756,-38.1196411278957,13.3333333333333));
#3475=CARTESIAN_POINT('Ctrl Pts',(5.57447594937167,-37.7836697843566,6.6666666666667));
#3476=CARTESIAN_POINT('Ctrl Pts',(8.78813747065578,-37.4476984408174,0.));
#3477=CARTESIAN_POINT('Ctrl Pts',(6.42137576747334,-11.9043486496966,0.));
#3478=CARTESIAN_POINT('Ctrl Pts',(5.42213755834149,-12.4468726397384,6.67070511242809));
#3479=CARTESIAN_POINT('Ctrl Pts',(4.32753748769921,-12.866649618247,13.3332173898866));
#3480=CARTESIAN_POINT('Ctrl Pts',(3.24138229060093,-13.1316740083607,20.0000000204464));
#3481=CARTESIAN_POINT('Ctrl Pts',(5.1167766109749,-11.4047620366836,-0.167677306660501));
#3482=CARTESIAN_POINT('Ctrl Pts',(4.15070588154351,-11.8381922211103,6.5553736216005));
#3483=CARTESIAN_POINT('Ctrl Pts',(3.10490476177674,-12.1529888857375,13.2738631832039));
#3484=CARTESIAN_POINT('Ctrl Pts',(2.07748729855801,-12.3261529490888,20.));
#3485=CARTESIAN_POINT('Ctrl Pts',(5.3841544519318,-11.2848022621175,-0.117830279755302));
#3486=CARTESIAN_POINT('Ctrl Pts',(4.4289483669898,-11.7406540693482,6.6061236470558));
#3487=CARTESIAN_POINT('Ctrl Pts',(3.39005787923626,-12.0800174715754,13.3242903117479));
#3488=CARTESIAN_POINT('Ctrl Pts',(2.36657790724189,-12.2774287388544,20.0490460353084));
#3489=CARTESIAN_POINT('Ctrl Pts',(5.94857598799655,-11.3030714183958,-0.0315092113635007));
#3490=CARTESIAN_POINT('Ctrl Pts',(4.99257021134544,-11.8074374538839,6.6939838760064));
#3491=CARTESIAN_POINT('Ctrl Pts',(3.94632411904988,-12.1957959393781,13.4115852687424));
#3492=CARTESIAN_POINT('Ctrl Pts',(2.90836600879853,-12.4372784573182,20.1339802749915));
#3493=CARTESIAN_POINT('Ctrl Pts',(6.32808114125505,-11.7018595533239,-0.000379807760202411));
#3494=CARTESIAN_POINT('Ctrl Pts',(5.33819663279641,-12.2403330166328,6.7254703120369));
#3495=CARTESIAN_POINT('Ctrl Pts',(4.252555649528,-12.656751338592,13.442877320797));
#3496=CARTESIAN_POINT('Ctrl Pts',(3.17522643351624,-12.9187572697224,20.1646169416663));
#3497=CARTESIAN_POINT('Ctrl Pts',(6.42137576747334,-11.9043486496966,0.));
#3498=CARTESIAN_POINT('Ctrl Pts',(5.41389428712263,-12.4513482215885,6.7257354655113));
#3499=CARTESIAN_POINT('Ctrl Pts',(4.30947106942615,-12.8735672117722,13.4431423639921));
#3500=CARTESIAN_POINT('Ctrl Pts',(3.21450317978713,-13.1382013956201,20.1649948823545));
#3501=CARTESIAN_POINT('Ctrl Pts',(2.07748729861997,-12.3261529490783,19.9999999995944));
#3502=CARTESIAN_POINT('Ctrl Pts',(3.09636322320415,-12.1544285026155,13.3297815991616));
#3503=CARTESIAN_POINT('Ctrl Pts',(4.13331840611466,-11.8434166196373,6.6670838304137));
#3504=CARTESIAN_POINT('Ctrl Pts',(5.09266555628233,-11.4155475216329,3.91179000303055E-8));
#3505=CARTESIAN_POINT('Ctrl Pts',(11.682492013395,-4.44627713452083,-0.167677306660501));
#3506=CARTESIAN_POINT('Ctrl Pts',(11.3058582720873,-5.43587372098647,6.5553736215995));
#3507=CARTESIAN_POINT('Ctrl Pts',(10.7889600648156,-6.3979616407496,13.2738631828126));
#3508=CARTESIAN_POINT('Ctrl Pts',(10.1849116928825,-7.24690097960395,20.));
#3509=CARTESIAN_POINT('Ctrl Pts',(11.7867323278093,-4.17238807997584,-0.117830279755302));
#3510=CARTESIAN_POINT('Ctrl Pts',(11.4336355318252,-5.17015668417781,6.6061236470548));
#3511=CARTESIAN_POINT('Ctrl Pts',(10.9389951860598,-6.14472935592986,13.3242903113566));
#3512=CARTESIAN_POINT('Ctrl Pts',(10.3548764031955,-7.0080298303615,20.0490460353084));
#3513=CARTESIAN_POINT('Ctrl Pts',(12.1987535001887,-3.78619062575692,-0.0315079203258994));
#3514=CARTESIAN_POINT('Ctrl Pts',(11.8793959765591,-4.8188294371741,6.693985167043));
#3515=CARTESIAN_POINT('Ctrl Pts',(11.4142016685223,-5.83324751723132,13.4115865383113));
#3516=CARTESIAN_POINT('Ctrl Pts',(10.8510083761166,-6.73794866160369,20.1339815449515));
#3517=CARTESIAN_POINT('Ctrl Pts',(12.749093329528,-3.79983515576773,-0.000379807760202411));
#3518=CARTESIAN_POINT('Ctrl Pts',(12.4298975184003,-4.88054744168497,6.7254703120358));
#3519=CARTESIAN_POINT('Ctrl Pts',(11.9566856364983,-5.94266376210079,13.4428773204059));
#3520=CARTESIAN_POINT('Ctrl Pts',(11.3801650128658,-6.88971672698159,20.1646169416663));
#3521=CARTESIAN_POINT('Ctrl Pts',(12.9582440055368,-3.87704730608204,0.));
#3522=CARTESIAN_POINT('Ctrl Pts',(12.6326341254518,-4.97623139934856,6.7257354655102));
#3523=CARTESIAN_POINT('Ctrl Pts',(12.1502428900576,-6.05573045693053,13.4431423636011));
#3524=CARTESIAN_POINT('Ctrl Pts',(11.5631082960107,-7.01711430286433,20.1649948823545));
#3525=CARTESIAN_POINT('Ctrl Pts',(12.9582440055368,-3.87704730608204,0.));
#3526=CARTESIAN_POINT('Ctrl Pts',(12.6352982840953,-4.96723781229277,6.67070511363933));
#3527=CARTESIAN_POINT('Ctrl Pts',(12.158126299465,-6.03806409315681,13.3332173919234));
#3528=CARTESIAN_POINT('Ctrl Pts',(11.5774991374292,-6.99349234206064,20.0000000240717));
#3529=CARTESIAN_POINT('Ctrl Pts',(10.1849116929431,-7.24690097951881,19.9999999993254));
#3530=CARTESIAN_POINT('Ctrl Pts',(10.7839382478475,-6.40501938341628,13.3297815985048));
#3531=CARTESIAN_POINT('Ctrl Pts',(11.2972576779307,-5.45186273039451,6.6670838304019));
#3532=CARTESIAN_POINT('Ctrl Pts',(11.6730694126663,-4.47095271434153,3.91179977299316E-8));
#3533=CARTESIAN_POINT('Ctrl Pts',(11.5775001935394,-6.99349328884248,20.));
#3534=CARTESIAN_POINT('Ctrl Pts',(12.0377466897874,-5.95467742972506,13.3333333333333));
#3535=CARTESIAN_POINT('Ctrl Pts',(12.4979931860354,-4.91586157060764,6.6666666666667));
#3536=CARTESIAN_POINT('Ctrl Pts',(12.9582396822834,-3.87704571149022,0.));
#3537=CARTESIAN_POINT('Ctrl Pts',(14.648238687719,-9.12164014625999,20.));
#3538=CARTESIAN_POINT('Ctrl Pts',(15.2532685201256,-7.80440630612372,13.3333333333333));
#3539=CARTESIAN_POINT('Ctrl Pts',(15.8584763263601,-6.48716426234698,6.6666666666666));
#3540=CARTESIAN_POINT('Ctrl Pts',(16.4635061587667,-5.16993042221072,0.));
#3541=CARTESIAN_POINT('Ctrl Pts',(21.0871591723478,-15.1365850519818,20.));
#3542=CARTESIAN_POINT('Ctrl Pts',(22.1254201324229,-13.2192113598876,13.3333333333333));
#3543=CARTESIAN_POINT('Ctrl Pts',(23.1634393762524,-11.3015193552017,6.6666666666667));
#3544=CARTESIAN_POINT('Ctrl Pts',(24.2017003363274,-9.38414566310747,0.));
#3545=CARTESIAN_POINT('Ctrl Pts',(25.186369319185,-23.0154079612556,20.));
#3546=CARTESIAN_POINT('Ctrl Pts',(26.8375187052974,-20.6726079581942,13.3333333333333));
#3547=CARTESIAN_POINT('Ctrl Pts',(28.4892998353598,-18.3307806082933,6.6666666666667));
#3548=CARTESIAN_POINT('Ctrl Pts',(30.1404492214722,-15.9879806052319,0.));
#3549=CARTESIAN_POINT('Ctrl Pts',(26.5891703904735,-27.7952783166743,20.));
#3550=CARTESIAN_POINT('Ctrl Pts',(28.6240046293531,-25.2853088472167,13.3333333333333));
#3551=CARTESIAN_POINT('Ctrl Pts',(30.6588388682327,-22.7753393777591,6.6666666666667));
#3552=CARTESIAN_POINT('Ctrl Pts',(32.6936731071123,-20.2653699083016,0.));
#3553=CARTESIAN_POINT('Ctrl Pts',(26.5891703891957,-27.7952783180025,19.999999998796));
#3554=CARTESIAN_POINT('Ctrl Pts',(28.6216211840134,-25.2791102261618,13.3346897277841));
#3555=CARTESIAN_POINT('Ctrl Pts',(30.6542212833806,-22.7673841943024,6.6676466804745));
#3556=CARTESIAN_POINT('Ctrl Pts',(32.6902251481209,-20.259594752673,-1.11796039092837E-8));
#3557=CARTESIAN_POINT('Ctrl Pts',(6.47951472958889,-10.689522420663,20.1514304985378));
#3558=CARTESIAN_POINT('Ctrl Pts',(7.34619318116623,-10.1641803407016,13.4250770797911));
#3559=CARTESIAN_POINT('Ctrl Pts',(8.20626661526203,-9.49144373091145,6.71128644510334));
#3560=CARTESIAN_POINT('Ctrl Pts',(8.96348505812256,-8.71240129484849,-0.00177498770006501));
#3561=CARTESIAN_POINT('Ctrl Pts',(6.30634233660848,-10.7944314754806,20.1184834119884));
#3562=CARTESIAN_POINT('Ctrl Pts',(7.18169320097897,-10.2830414138452,13.3906466084659));
#3563=CARTESIAN_POINT('Ctrl Pts',(8.0527982183618,-9.62403328859757,6.67600975969193));
#3564=CARTESIAN_POINT('Ctrl Pts',(8.8225196015127,-8.85735510726061,-0.0371150497425576));
#3565=CARTESIAN_POINT('Ctrl Pts',(6.02812411794744,-11.1154131632406,20.0526931690507));
#3566=CARTESIAN_POINT('Ctrl Pts',(6.9299875755441,-10.6262267719385,13.3218993744085));
#3567=CARTESIAN_POINT('Ctrl Pts',(7.83183215670851,-9.98805165516216,6.60556731072818));
#3568=CARTESIAN_POINT('Ctrl Pts',(8.63464186190708,-9.23779290387645,-0.107683432408887));
#3569=CARTESIAN_POINT('Ctrl Pts',(5.98656865238098,-11.5411890710991,20.0109971795029));
#3570=CARTESIAN_POINT('Ctrl Pts',(6.92318262889895,-11.0552910334439,13.2783177524508));
#3571=CARTESIAN_POINT('Ctrl Pts',(7.86258917223528,-10.4160525728966,6.56093271668493));
#3572=CARTESIAN_POINT('Ctrl Pts',(8.70232670867621,-9.660190447273,-0.15237700102197));
#3573=CARTESIAN_POINT('Ctrl Pts',(6.02896577000644,-11.7415152410203,20.));
#3574=CARTESIAN_POINT('Ctrl Pts',(6.98187354471644,-11.2520673445686,13.2668288429789));
#3575=CARTESIAN_POINT('Ctrl Pts',(7.93833606568811,-10.6071998921873,6.54916496923008));
#3576=CARTESIAN_POINT('Ctrl Pts',(8.79411020732334,-9.84332401289943,-0.164147760112892));
#3577=CARTESIAN_POINT('Ctrl Pts',(6.02896577000644,-11.7415152410203,20.));
#3578=CARTESIAN_POINT('Ctrl Pts',(6.9741070402699,-11.2560565021398,13.3217063506645));
#3579=CARTESIAN_POINT('Ctrl Pts',(7.92274534828107,-10.6177013217665,6.6586682360355));
#3580=CARTESIAN_POINT('Ctrl Pts',(8.77316569584782,-9.8619777781454,7.84010989463013E-8));
#3581=CARTESIAN_POINT('Ctrl Pts',(8.96312475631611,-8.71277192417621,9.98952032205125E-11));
#3582=CARTESIAN_POINT('Ctrl Pts',(8.84185849941683,-8.83752264630905,1.07503072428834));
#3583=CARTESIAN_POINT('Ctrl Pts',(8.71803748103505,-8.95968428703295,2.15008019826929));
#3584=CARTESIAN_POINT('Ctrl Pts',(8.59198405060302,-9.07897626796013,3.22519701922167));
#3585=CARTESIAN_POINT('Ctrl Pts',(8.4657125417296,-9.19847462969886,4.30217384350609));
#3586=CARTESIAN_POINT('Ctrl Pts',(8.33720115659085,-9.31509318675107,5.37921824799046));
#3587=CARTESIAN_POINT('Ctrl Pts',(8.20680716024273,-9.42859036307064,6.45637908251663));
#3588=CARTESIAN_POINT('Ctrl Pts',(8.07028003699559,-9.54742591849158,7.58420455095101));
#3589=CARTESIAN_POINT('Ctrl Pts',(7.93168914107089,-9.66283900276938,8.71215765966306));
#3590=CARTESIAN_POINT('Ctrl Pts',(7.79147845468749,-9.77460298376055,9.84029448080065));
#3591=CARTESIAN_POINT('Ctrl Pts',(7.65628568730814,-9.88236710840232,10.9280570669924));
#3592=CARTESIAN_POINT('Ctrl Pts',(7.51958750661973,-9.9867388336104,12.0159904513556));
#3593=CARTESIAN_POINT('Ctrl Pts',(7.38180738156044,-10.0875626283825,13.1041448987204));
#3594=CARTESIAN_POINT('Ctrl Pts',(7.23635632645085,-10.1939998037258,14.2528825154362));
#3595=CARTESIAN_POINT('Ctrl Pts',(7.08969970595991,-10.2964824252591,15.4018664958222));
#3596=CARTESIAN_POINT('Ctrl Pts',(6.94235961074706,-10.3948854267408,16.5511559763114));
#3597=CARTESIAN_POINT('Ctrl Pts',(6.79501951553421,-10.4932884282224,17.7004454568006));
#3598=CARTESIAN_POINT('Ctrl Pts',(6.64699639740885,-10.5876118307498,18.850040437393));
#3599=CARTESIAN_POINT('Ctrl Pts',(6.49883018879528,-10.6777903227776,20.0000000545216));
#3600=CARTESIAN_POINT('Ctrl Pts',(1.84932186136253,-39.766264991545,20.));
#3601=CARTESIAN_POINT('Ctrl Pts',(5.14360272110663,-39.1912400103435,13.3333333333333));
#3602=CARTESIAN_POINT('Ctrl Pts',(8.43788358085074,-38.616215029142,6.6666666666667));
#3603=CARTESIAN_POINT('Ctrl Pts',(11.7321644405948,-38.0411900479405,0.));
#3604=CARTESIAN_POINT('Ctrl Pts',(3.81683859631641,-36.134048650476,20.));
#3605=CARTESIAN_POINT('Ctrl Pts',(6.78766749450803,-35.4334793920151,13.3333333333333));
#3606=CARTESIAN_POINT('Ctrl Pts',(9.75832134410116,-34.7330017729673,6.6666666666667));
#3607=CARTESIAN_POINT('Ctrl Pts',(12.7291502422928,-34.0324325145064,0.));
#3608=CARTESIAN_POINT('Ctrl Pts',(7.13602767478918,-26.9684976567924,20.));
#3609=CARTESIAN_POINT('Ctrl Pts',(9.30788384230326,-26.0885700434557,13.3333333333333));
#3610=CARTESIAN_POINT('Ctrl Pts',(11.4796973323175,-25.2080562688871,6.6666666666667));
#3611=CARTESIAN_POINT('Ctrl Pts',(13.6515534998315,-24.3281286555504,0.));
#3612=CARTESIAN_POINT('Ctrl Pts',(7.12502223966013,-17.1391878294649,20.));
#3613=CARTESIAN_POINT('Ctrl Pts',(8.47779830757581,-16.3635568518017,13.3333333333333));
#3614=CARTESIAN_POINT('Ctrl Pts',(9.83079400834083,-15.5893226755077,6.6666666666667));
#3615=CARTESIAN_POINT('Ctrl Pts',(11.1835700762565,-14.8136916978445,0.));
#3616=CARTESIAN_POINT('Ctrl Pts',(6.02896577000644,-11.7415152410203,20.));
#3617=CARTESIAN_POINT('Ctrl Pts',(6.94361045193011,-11.1148207621557,13.3333333333333));
#3618=CARTESIAN_POINT('Ctrl Pts',(7.85825513385379,-10.4881262832911,6.6666666666667));
#3619=CARTESIAN_POINT('Ctrl Pts',(8.77289981577746,-9.86143180442645,0.));
#3620=CARTESIAN_POINT('Ctrl Pts',(11.732164441436,-38.0411900477937,-1.70220282313949E-9));
#3621=CARTESIAN_POINT('Ctrl Pts',(8.44588627791205,-38.5833935045052,6.6670053236753));
#3622=CARTESIAN_POINT('Ctrl Pts',(5.16438781214236,-39.1408866001479,13.335332939494));
#3623=CARTESIAN_POINT('Ctrl Pts',(1.87739377173639,-39.7143570264267,19.9999998063335));
#3624=CARTESIAN_POINT('Ctrl Pts',(12.1403425953765,-2.97692498723601,20.1514304985326));
#3625=CARTESIAN_POINT('Ctrl Pts',(12.3817038584113,-1.99261782984583,13.4250770798623));
#3626=CARTESIAN_POINT('Ctrl Pts',(12.5141709972466,-0.908757453559392,6.71128644526074));
#3627=CARTESIAN_POINT('Ctrl Pts',(12.4987391036667,0.177543031588267,-0.00177498747655935));
#3628=CARTESIAN_POINT('Ctrl Pts',(12.0920731319964,-3.17355826239693,20.1184834125769));
#3629=CARTESIAN_POINT('Ctrl Pts',(12.3494322836952,-2.19298434988028,13.3906466091308));
#3630=CARTESIAN_POINT('Ctrl Pts',(12.4994074336367,-1.11103096933478,6.67600976048757));
#3631=CARTESIAN_POINT('Ctrl Pts',(12.501559302281,-0.0246324186838633,-0.0371150488808336));
#3632=CARTESIAN_POINT('Ctrl Pts',(12.1222953659659,-3.5972627991593,20.0526915625009));
#3633=CARTESIAN_POINT('Ctrl Pts',(12.4141021179803,-2.61364201804508,13.3218977679354));
#3634=CARTESIAN_POINT('Ctrl Pts',(12.600546640184,-1.52468751170496,6.6055655836741));
#3635=CARTESIAN_POINT('Ctrl Pts',(12.6377057756868,-0.42650227379194,-0.107685159375146));
#3636=CARTESIAN_POINT('Ctrl Pts',(12.3939963452676,-3.92770976499282,20.0109971795029));
#3637=CARTESIAN_POINT('Ctrl Pts',(12.7127006420227,-2.92184187346311,13.2783177525274));
#3638=CARTESIAN_POINT('Ctrl Pts',(12.9249515288574,-1.80557128614642,6.56093271684781));
#3639=CARTESIAN_POINT('Ctrl Pts',(12.984260400624,-0.677311945052984,-0.152377000792945));
#3640=CARTESIAN_POINT('Ctrl Pts',(12.5656276278438,-4.03938246881755,20.));
#3641=CARTESIAN_POINT('Ctrl Pts',(12.8933432505643,-3.0194829928678,13.2668288430555));
#3642=CARTESIAN_POINT('Ctrl Pts',(13.1136742365476,-1.88717170980857,6.54916496939307));
#3643=CARTESIAN_POINT('Ctrl Pts',(13.1786561210355,-0.741906196876471,-0.16414775988387));
#3644=CARTESIAN_POINT('Ctrl Pts',(12.5656276278438,-4.03938246881755,20.));
#3645=CARTESIAN_POINT('Ctrl Pts',(12.8906722629777,-3.02779550118627,13.3217063506645));
#3646=CARTESIAN_POINT('Ctrl Pts',(13.1100755666181,-1.90562164385246,6.6586682360454));
#3647=CARTESIAN_POINT('Ctrl Pts',(13.1770363188448,-0.769906406830462,7.84010989463013E-8));
#3648=CARTESIAN_POINT('Ctrl Pts',(12.4987464063289,0.17702618529716,8.89102125256613E-11));
#3649=CARTESIAN_POINT('Ctrl Pts',(12.5012102953241,0.00306591115191429,
1.07503072418219));
#3650=CARTESIAN_POINT('Ctrl Pts',(12.5000369381302,-0.17087009514094,2.15008019807003));
#3651=CARTESIAN_POINT('Ctrl Pts',(12.4952558713357,-0.344355499231309,3.22519701893063));
#3652=CARTESIAN_POINT('Ctrl Pts',(12.4904665330678,-0.518141041337418,4.30217384312117));
#3653=CARTESIAN_POINT('Ctrl Pts',(12.4820570336821,-0.691474085717759,5.37921824751298));
#3654=CARTESIAN_POINT('Ctrl Pts',(12.4701091776617,-0.863931187768201,6.45637908194723));
#3655=CARTESIAN_POINT('Ctrl Pts',(12.4575993500827,-1.04449986952449,7.58420455043046));
#3656=CARTESIAN_POINT('Ctrl Pts',(12.4412101622945,-1.22410780638229,8.71215765919206));
#3657=CARTESIAN_POINT('Ctrl Pts',(12.4210953040093,-1.40228080237824,9.84029448037912));
#3658=CARTESIAN_POINT('Ctrl Pts',(12.4017003247333,-1.5740772682487,10.9280570664821));
#3659=CARTESIAN_POINT('Ctrl Pts',(12.3788420688544,-1.74453943343468,12.0159904507563));
#3660=CARTESIAN_POINT('Ctrl Pts',(12.3527099971041,-1.913257883152,13.1041448980313));
#3661=CARTESIAN_POINT('Ctrl Pts',(12.3251230181596,-2.09136975902538,14.2528825148647));
#3662=CARTESIAN_POINT('Ctrl Pts',(12.2938872839424,-2.26753780653898,15.4018664953675));
#3663=CARTESIAN_POINT('Ctrl Pts',(12.2592835331107,-2.44130441665936,16.5511559759719));
#3664=CARTESIAN_POINT('Ctrl Pts',(12.224679782279,-2.61507102677975,17.7004454565762));
#3665=CARTESIAN_POINT('Ctrl Pts',(12.1867083492284,-2.78643589494747,18.8500404372821));
#3666=CARTESIAN_POINT('Ctrl Pts',(12.1457048416011,-2.95497104904713,20.0000000545216));
#3667=CARTESIAN_POINT('Ctrl Pts',(29.4266636667621,-26.8113276092622,20.));
#3668=CARTESIAN_POINT('Ctrl Pts',(31.3494679382647,-24.0753152106432,13.3333333333333));
#3669=CARTESIAN_POINT('Ctrl Pts',(33.2722722097672,-21.3393028120243,6.6666666666667));
#3670=CARTESIAN_POINT('Ctrl Pts',(35.1950764812697,-18.6032904134053,0.));
#3671=CARTESIAN_POINT('Ctrl Pts',(27.8571698266022,-21.5318486347312,20.));
#3672=CARTESIAN_POINT('Ctrl Pts',(29.3563695092925,-18.9821165206397,13.3333333333333));
#3673=CARTESIAN_POINT('Ctrl Pts',(30.8563511787179,-16.4335624512841,6.6666666666667));
#3674=CARTESIAN_POINT('Ctrl Pts',(32.3555508614083,-13.8838303371926,0.));
#3675=CARTESIAN_POINT('Ctrl Pts',(23.2470353060768,-12.8507143067333,20.));
#3676=CARTESIAN_POINT('Ctrl Pts',(24.0719858304642,-10.7775932188477,13.3333333333333));
#3677=CARTESIAN_POINT('Ctrl Pts',(24.8965731995788,-8.70401288557829,6.6666666666667));
#3678=CARTESIAN_POINT('Ctrl Pts',(25.7215237239662,-6.63089179769266,0.));
#3679=CARTESIAN_POINT('Ctrl Pts',(16.0094475169765,-6.32065891456506,20.));
#3680=CARTESIAN_POINT('Ctrl Pts',(16.3666499023948,-4.91965278881265,13.3333333333333));
#3681=CARTESIAN_POINT('Ctrl Pts',(16.7240432470308,-3.51859592480025,6.6666666666667));
#3682=CARTESIAN_POINT('Ctrl Pts',(17.0812456324492,-2.11758979904785,0.));
#3683=CARTESIAN_POINT('Ctrl Pts',(12.5656276278438,-4.03938246881755,20.));
#3684=CARTESIAN_POINT('Ctrl Pts',(12.7692391690709,-2.94949109611576,13.3333333333333));
#3685=CARTESIAN_POINT('Ctrl Pts',(12.972850710298,-1.85959972341397,6.6666666666667));
#3686=CARTESIAN_POINT('Ctrl Pts',(13.1764622515251,-0.769708350712177,0.));
#3687=CARTESIAN_POINT('Ctrl Pts',(35.195076484455,-18.6032904088728,-1.1044001269056E-8));
#3688=CARTESIAN_POINT('Ctrl Pts',(33.2547226498899,-21.3104357259731,6.667005318741));
#3689=CARTESIAN_POINT('Ctrl Pts',(31.3285599801668,-24.0250126926865,13.3353329363482));
#3690=CARTESIAN_POINT('Ctrl Pts',(29.4098090308021,-26.7547732968977,19.9999998063335));
#3691=CARTESIAN_POINT('Ctrl Pts',(13.1382013956201,3.21450317978714,20.1649948823545));
#3692=CARTESIAN_POINT('Ctrl Pts',(12.8735672117722,4.30947106942607,13.4431423639926));
#3693=CARTESIAN_POINT('Ctrl Pts',(12.4513482215885,5.41389428712263,6.7257354655113));
#3694=CARTESIAN_POINT('Ctrl Pts',(11.9043486496966,6.42137576747335,0.));
#3695=CARTESIAN_POINT('Ctrl Pts',(12.8456092277565,3.16213418475929,20.1644909614368));
#3696=CARTESIAN_POINT('Ctrl Pts',(12.584324637705,4.23341810660546,13.4428010314789));
#3697=CARTESIAN_POINT('Ctrl Pts',(12.170067820181,5.31319074399195,6.7253906922979));
#3698=CARTESIAN_POINT('Ctrl Pts',(11.6343631878663,6.29698293251562,-0.000506410347003161));
#3699=CARTESIAN_POINT('Ctrl Pts',(12.3820257243991,2.83100210880129,20.1227538288272));
#3700=CARTESIAN_POINT('Ctrl Pts',(12.1467262987789,3.86423291561011,13.4000503832932));
#3701=CARTESIAN_POINT('Ctrl Pts',(11.7656272327431,4.9065146972183,6.6823754803234));
#3702=CARTESIAN_POINT('Ctrl Pts',(11.26907736465,5.85980536707212,-0.0429187071868009));
#3703=CARTESIAN_POINT('Ctrl Pts',(12.289609791413,2.29430525507092,20.0367845264813));
#3704=CARTESIAN_POINT('Ctrl Pts',(12.0983638220364,3.3189054078851,13.3116753348024));
#3705=CARTESIAN_POINT('Ctrl Pts',(11.7650012257334,4.35921322693152,6.5934301770963));
#3706=CARTESIAN_POINT('Ctrl Pts',(11.314792205759,5.31730999169258,-0.130292036481601));
#3707=CARTESIAN_POINT('Ctrl Pts',(12.3261529490888,2.07748729855801,20.));
#3708=CARTESIAN_POINT('Ctrl Pts',(12.1529888857375,3.10490476177667,13.2738631832044));
#3709=CARTESIAN_POINT('Ctrl Pts',(11.8381922211103,4.15070588154351,6.5553736216006));
#3710=CARTESIAN_POINT('Ctrl Pts',(11.4047620366836,5.1167766109749,-0.167677306660501));
#3711=CARTESIAN_POINT('Ctrl Pts',(12.3261529490783,2.07748729861997,19.9999999995944));
#3712=CARTESIAN_POINT('Ctrl Pts',(12.1544285026155,3.09636322320408,13.3297815991621));
#3713=CARTESIAN_POINT('Ctrl Pts',(11.8434166196373,4.13331840611466,6.6670838304138));
#3714=CARTESIAN_POINT('Ctrl Pts',(11.4155475216329,5.09266555628233,3.91179000303055E-8));
#3715=CARTESIAN_POINT('Ctrl Pts',(11.9043486496966,6.42137576747335,0.));
#3716=CARTESIAN_POINT('Ctrl Pts',(12.4468726398368,5.42213755816036,6.67070511363722));
#3717=CARTESIAN_POINT('Ctrl Pts',(12.8666496183992,4.32753748730232,13.3332173923024));
#3718=CARTESIAN_POINT('Ctrl Pts',(13.1316740085048,3.2413822900103,20.0000000240717));
#3719=CARTESIAN_POINT('Origin',(0.,0.,20.));
#3720=CARTESIAN_POINT('Ctrl Pts',(40.1493644389874,0.258706797170246,20.));
#3721=CARTESIAN_POINT('Ctrl Pts',(39.6791803094896,3.68974594075177,13.124465020299));
#3722=CARTESIAN_POINT('Ctrl Pts',(39.2239234397324,7.13362656909782,6.253922311645));
#3723=CARTESIAN_POINT('Ctrl Pts',(38.7694627337315,10.5946368543168,-0.608540662407702));
#3724=CARTESIAN_POINT('Ctrl Pts',(40.2394310937682,0.381844531664344,20.0532210487476));
#3725=CARTESIAN_POINT('Ctrl Pts',(39.7572436422226,3.81927091768616,13.1819063681889));
#3726=CARTESIAN_POINT('Ctrl Pts',(39.2879628922845,7.26792421193261,6.3149754002757));
#3727=CARTESIAN_POINT('Ctrl Pts',(38.8192090138365,10.7314819278398,-0.544956085363602));
#3728=CARTESIAN_POINT('Ctrl Pts',(40.3529024214554,0.665758308287872,20.1830141790377));
#3729=CARTESIAN_POINT('Ctrl Pts',(39.8431778743337,4.11037063640112,13.3175547053737));
#3730=CARTESIAN_POINT('Ctrl Pts',(39.3434988064336,7.56213942786041,6.4547789088267));
#3731=CARTESIAN_POINT('Ctrl Pts',(38.845178351899,11.0243043475708,-0.403258973486103));
#3732=CARTESIAN_POINT('Ctrl Pts',(40.2758846757434,1.18300505151126,20.4408154522782));
#3733=CARTESIAN_POINT('Ctrl Pts',(39.7168413842389,4.61865252974358,13.5746385073654));
#3734=CARTESIAN_POINT('Ctrl Pts',(39.1675757251113,8.0534331331135,6.7074047242371));
#3735=CARTESIAN_POINT('Ctrl Pts',(38.62552311957,11.4930134543818,-0.158149074507703));
#3736=CARTESIAN_POINT('Ctrl Pts',(39.9870136469801,1.46075430415815,20.5978623745203));
#3737=CARTESIAN_POINT('Ctrl Pts',(39.4019395690295,4.87306294533663,13.7217431299297));
#3738=CARTESIAN_POINT('Ctrl Pts',(38.8311661570654,8.28016636206299,6.8422027045094));
#3739=CARTESIAN_POINT('Ctrl Pts',(38.2732294744185,11.6915494261894,-0.0361624298560992));
#3740=CARTESIAN_POINT('Ctrl Pts',(39.7710958278571,1.5524608051624,20.6587805740601));
#3741=CARTESIAN_POINT('Ctrl Pts',(39.177641467646,4.94814535460358,13.7747708610255));
#3742=CARTESIAN_POINT('Ctrl Pts',(38.601258852117,8.33760496577046,6.8866799978096));
#3743=CARTESIAN_POINT('Ctrl Pts',(38.0411900477937,11.732164441436,-1.70220282313949E-9));
#3744=CARTESIAN_POINT('Ctrl Pts',(38.0411900477937,11.732164441436,-1.70220282313949E-9));
#3745=CARTESIAN_POINT('Ctrl Pts',(38.5833935045052,8.44588627791206,6.6670053236752));
#3746=CARTESIAN_POINT('Ctrl Pts',(39.1408866001479,5.16438781214236,13.335332939494));
#3747=CARTESIAN_POINT('Ctrl Pts',(39.7143570264267,1.87739377173639,19.9999998063335));
#3748=CARTESIAN_POINT('Ctrl Pts',(40.1493644389159,0.258706797692009,19.9999999989544));
#3749=CARTESIAN_POINT('Ctrl Pts',(39.6930779840256,3.58833148981485,13.3276916742935));
#3750=CARTESIAN_POINT('Ctrl Pts',(39.2508493923517,6.93004974976138,6.6600848607699));
#3751=CARTESIAN_POINT('Ctrl Pts',(38.8097639531711,10.2877806306174,1.25538839990114E-6));
#3752=CARTESIAN_POINT('Ctrl Pts',(39.766264991545,1.84932186136253,20.));
#3753=CARTESIAN_POINT('Ctrl Pts',(39.1912400103435,5.14360272110663,13.3333333333333));
#3754=CARTESIAN_POINT('Ctrl Pts',(38.616215029142,8.43788358085074,6.6666666666667));
#3755=CARTESIAN_POINT('Ctrl Pts',(38.0411900479405,11.7321644405948,0.));
#3756=CARTESIAN_POINT('Ctrl Pts',(34.9233098701196,4.4726775079677,20.));
#3757=CARTESIAN_POINT('Ctrl Pts',(34.1804712640188,7.33570463803077,13.3333333333333));
#3758=CARTESIAN_POINT('Ctrl Pts',(33.4390186094625,10.1984517127957,6.6666666666667));
#3759=CARTESIAN_POINT('Ctrl Pts',(32.6961800033617,13.0614788428588,0.));
#3760=CARTESIAN_POINT('Ctrl Pts',(25.5249651805748,7.35131779423224,20.));
#3761=CARTESIAN_POINT('Ctrl Pts',(24.642375311048,9.4005638836328,13.3333333333333));
#3762=CARTESIAN_POINT('Ctrl Pts',(23.7592016851914,11.4498780531781,6.6666666666667));
#3763=CARTESIAN_POINT('Ctrl Pts',(22.8766118156646,13.4991241425786,0.));
#3764=CARTESIAN_POINT('Ctrl Pts',(15.7897696823537,6.8510081222467,20.));
#3765=CARTESIAN_POINT('Ctrl Pts',(15.0516889793358,8.09424928323489,13.3333333333333));
#3766=CARTESIAN_POINT('Ctrl Pts',(14.3137074275079,9.33766135014855,6.6666666666667));
#3767=CARTESIAN_POINT('Ctrl Pts',(13.57562672449,10.5809025111367,0.));
#3768=CARTESIAN_POINT('Ctrl Pts',(11.7415152410203,6.02896577000643,20.));
#3769=CARTESIAN_POINT('Ctrl Pts',(11.1148207621557,6.94361045193011,13.3333333333333));
#3770=CARTESIAN_POINT('Ctrl Pts',(10.4881262832911,7.85825513385379,6.6666666666667));
#3771=CARTESIAN_POINT('Ctrl Pts',(9.86143180442645,8.77289981577746,0.));
#3772=CARTESIAN_POINT('Ctrl Pts',(38.4594372645225,-0.8888122552591,20.0745308126966));
#3773=CARTESIAN_POINT('Ctrl Pts',(38.1121821812196,2.37638115056864,13.3080816079953));
#3774=CARTESIAN_POINT('Ctrl Pts',(37.7682655034888,5.63843607713629,6.5398422977731));
#3775=CARTESIAN_POINT('Ctrl Pts',(37.4297209094868,8.90013408635863,-0.229005795280699));
#3776=CARTESIAN_POINT('Ctrl Pts',(38.7048549733285,-0.993073057618708,20.0083257490818));
#3777=CARTESIAN_POINT('Ctrl Pts',(38.3685798819157,2.28986867902124,13.2499744248017));
#3778=CARTESIAN_POINT('Ctrl Pts',(38.0335133535722,5.57083678030159,6.4905594850678));
#3779=CARTESIAN_POINT('Ctrl Pts',(37.702396314417,8.85117143036475,-0.269452872401801));
#3780=CARTESIAN_POINT('Ctrl Pts',(39.2245818841279,-1.00316960172828,19.9710536117991));
#3781=CARTESIAN_POINT('Ctrl Pts',(38.8921583456216,2.31851080138123,13.231330484362));
#3782=CARTESIAN_POINT('Ctrl Pts',(38.5583131627851,5.63950135626901,6.4914098909284));
#3783=CARTESIAN_POINT('Ctrl Pts',(38.223622073372,8.95897317294101,-0.249155932343199));
#3784=CARTESIAN_POINT('Ctrl Pts',(39.6195602694752,-0.711200139437296,20.0891108968653));
#3785=CARTESIAN_POINT('Ctrl Pts',(39.2619675293664,2.64134118489745,13.3655907676341));
#3786=CARTESIAN_POINT('Ctrl Pts',(38.8980283383013,5.99272500095464,6.6419860582932));
#3787=CARTESIAN_POINT('Ctrl Pts',(38.5299942787277,9.33942740086739,-0.0835381660405998));
#3788=CARTESIAN_POINT('Ctrl Pts',(39.734284060788,-0.554697813867324,20.1584276855696));
#3789=CARTESIAN_POINT('Ctrl Pts',(39.3623529739218,2.80693376603686,13.4400170980453));
#3790=CARTESIAN_POINT('Ctrl Pts',(38.9820716300677,6.16690144996228,6.7214083666177));
#3791=CARTESIAN_POINT('Ctrl Pts',(38.5965716765195,9.52020486356961,0.));
#3792=CARTESIAN_POINT('Ctrl Pts',(38.5965716765279,9.52020486349652,1.46498368991388E-10));
#3793=CARTESIAN_POINT('Ctrl Pts',(38.9790414566611,6.19325966540245,6.6685755901172));
#3794=CARTESIAN_POINT('Ctrl Pts',(39.356374345095,2.85975455260797,13.3343953841304));
#3795=CARTESIAN_POINT('Ctrl Pts',(39.7255119633494,-0.475427090689697,20.0000000086233));
#3796=CARTESIAN_POINT('Ctrl Pts',(38.4556124719509,-0.852847095294163,19.9999999987794));
#3797=CARTESIAN_POINT('Ctrl Pts',(38.113572691049,2.36351216449313,13.3346897277717));
#3798=CARTESIAN_POINT('Ctrl Pts',(37.7747794951438,5.57683598778475,6.6676466805078));
#3799=CARTESIAN_POINT('Ctrl Pts',(37.4411767144578,8.7897830470444,-1.11788001078139E-8));
#3800=CARTESIAN_POINT('Ctrl Pts',(13.1316754247634,3.24138236731713,20.));
#3801=CARTESIAN_POINT('Ctrl Pts',(12.7225651048916,4.3013795242175,13.3333333333333));
#3802=CARTESIAN_POINT('Ctrl Pts',(12.3134547850199,5.36137668111787,6.6666666666667));
#3803=CARTESIAN_POINT('Ctrl Pts',(11.9043444651482,6.42137383801824,0.));
#3804=CARTESIAN_POINT('Ctrl Pts',(18.0332315402949,4.13006628495749,20.));
#3805=CARTESIAN_POINT('Ctrl Pts',(17.4977998825045,5.58906546731297,13.3333333333333));
#3806=CARTESIAN_POINT('Ctrl Pts',(16.9635164450172,7.04822818781152,6.6666666666667));
#3807=CARTESIAN_POINT('Ctrl Pts',(16.4280847872268,8.507227370167,0.));
#3808=CARTESIAN_POINT('Ctrl Pts',(26.9136540871706,3.99760364314338,20.));
#3809=CARTESIAN_POINT('Ctrl Pts',(26.2957818386516,6.19810354553207,13.3333333333333));
#3810=CARTESIAN_POINT('Ctrl Pts',(25.6775048540329,8.39857670306205,6.6666666666667));
#3811=CARTESIAN_POINT('Ctrl Pts',(25.0596326055139,10.5990766054507,0.));
#3812=CARTESIAN_POINT('Ctrl Pts',(35.1767558027234,0.93811435022817,20.));
#3813=CARTESIAN_POINT('Ctrl Pts',(34.7262065098193,3.85962748438851,13.3333333333333));
#3814=CARTESIAN_POINT('Ctrl Pts',(34.2757680547352,6.78100113033846,6.6666666666667));
#3815=CARTESIAN_POINT('Ctrl Pts',(33.8252187618311,9.70251426449881,0.));
#3816=CARTESIAN_POINT('Ctrl Pts',(38.4556124714348,-0.852847093196538,20.));
#3817=CARTESIAN_POINT('Ctrl Pts',(38.1196411278957,2.36081442808757,13.3333333333333));
#3818=CARTESIAN_POINT('Ctrl Pts',(37.7836697843566,5.57447594937168,6.6666666666667));
#3819=CARTESIAN_POINT('Ctrl Pts',(37.4476984408174,8.78813747065579,0.));
#3820=CARTESIAN_POINT('Ctrl Pts',(0.258706797170249,-40.1493644389874,20.));
#3821=CARTESIAN_POINT('Ctrl Pts',(3.68974594075178,-39.6791803094896,13.124465020299));
#3822=CARTESIAN_POINT('Ctrl Pts',(7.13362656909781,-39.2239234397324,6.253922311645));
#3823=CARTESIAN_POINT('Ctrl Pts',(10.5946368543168,-38.7694627337315,-0.608540662407804));
#3824=CARTESIAN_POINT('Ctrl Pts',(0.381844531664347,-40.2394310937682,20.0532210487476));
#3825=CARTESIAN_POINT('Ctrl Pts',(3.81927091768617,-39.7572436422226,13.1819063681889));
#3826=CARTESIAN_POINT('Ctrl Pts',(7.26792421193259,-39.2879628922845,6.3149754002757));
#3827=CARTESIAN_POINT('Ctrl Pts',(10.7314819278398,-38.8192090138365,-0.544956085363602));
#3828=CARTESIAN_POINT('Ctrl Pts',(0.665758308287874,-40.3529024214553,20.1830141790377));
#3829=CARTESIAN_POINT('Ctrl Pts',(4.11037063640111,-39.8431778743337,13.3175547053737));
#3830=CARTESIAN_POINT('Ctrl Pts',(7.56213942786041,-39.3434988064336,6.4547789088267));
#3831=CARTESIAN_POINT('Ctrl Pts',(11.0243043475708,-38.845178351899,-0.403258973486103));
#3832=CARTESIAN_POINT('Ctrl Pts',(1.18300505151126,-40.2758846757435,20.4408154522781));
#3833=CARTESIAN_POINT('Ctrl Pts',(4.6186525297436,-39.7168413842389,13.5746385073654));
#3834=CARTESIAN_POINT('Ctrl Pts',(8.05343313311348,-39.1675757251113,6.7074047242372));
#3835=CARTESIAN_POINT('Ctrl Pts',(11.4930134543818,-38.62552311957,-0.158149074507703));
#3836=CARTESIAN_POINT('Ctrl Pts',(1.46075430415815,-39.9870136469801,20.5978623745203));
#3837=CARTESIAN_POINT('Ctrl Pts',(4.87306294533662,-39.4019395690295,13.7217431299297));
#3838=CARTESIAN_POINT('Ctrl Pts',(8.28016636206298,-38.8311661570654,6.8422027045094));
#3839=CARTESIAN_POINT('Ctrl Pts',(11.6915494261894,-38.2732294744185,-0.0361624298560992));
#3840=CARTESIAN_POINT('Ctrl Pts',(1.5524608051624,-39.7710958278571,20.6587805740601));
#3841=CARTESIAN_POINT('Ctrl Pts',(4.94814535460358,-39.177641467646,13.7747708610255));
#3842=CARTESIAN_POINT('Ctrl Pts',(8.33760496577045,-38.601258852117,6.8866799978096));
#3843=CARTESIAN_POINT('Ctrl Pts',(11.732164441436,-38.0411900477937,-1.70220282313949E-9));
#3844=CARTESIAN_POINT('Ctrl Pts',(0.258706797692013,-40.1493644389159,19.9999999989544));
#3845=CARTESIAN_POINT('Ctrl Pts',(3.58833148981486,-39.6930779840256,13.3276916742935));
#3846=CARTESIAN_POINT('Ctrl Pts',(6.93004974976138,-39.2508493923517,6.6600848607699));
#3847=CARTESIAN_POINT('Ctrl Pts',(10.2877806306174,-38.8097639531711,1.25538839990114E-6));
#3848=CARTESIAN_POINT('Ctrl Pts',(26.5664437198462,-27.8234140603126,20.0745308048945));
#3849=CARTESIAN_POINT('Ctrl Pts',(28.6297376939942,-25.2690272379471,13.3080816027941));
#3850=CARTESIAN_POINT('Ctrl Pts',(30.6931730374075,-22.7192202647473,6.5398422951313));
#3851=CARTESIAN_POINT('Ctrl Pts',(32.7601546389518,-20.1734643070843,-0.229005795280699));
#3852=CARTESIAN_POINT('Ctrl Pts',(26.666256725629,-28.0706741067872,20.008325741289));
#3853=CARTESIAN_POINT('Ctrl Pts',(28.7498646915638,-25.511501346073,13.2499744196073));
#3854=CARTESIAN_POINT('Ctrl Pts',(30.8329316697086,-22.9545787394286,6.4905594824294));
#3855=CARTESIAN_POINT('Ctrl Pts',(32.9183434407625,-20.4008967610514,-0.269452872401801));
#3856=CARTESIAN_POINT('Ctrl Pts',(27.0266238485845,-28.4453065055451,19.9710584650264));
#3857=CARTESIAN_POINT('Ctrl Pts',(29.1403476474398,-25.8614648302614,13.2313353401812));
#3858=CARTESIAN_POINT('Ctrl Pts',(31.2525758162021,-23.2771039684543,6.4914146045416));
#3859=CARTESIAN_POINT('Ctrl Pts',(33.3631345079781,-20.6932205990097,-0.249151216099199));
#3860=CARTESIAN_POINT('Ctrl Pts',(27.51236529524,-28.518154172527,20.0891108891126));
#3861=CARTESIAN_POINT('Ctrl Pts',(29.6301137476329,-25.894693217454,13.3655907624672));
#3862=CARTESIAN_POINT('Ctrl Pts',(31.7425560995826,-23.267563125813,6.6419860556683));
#3863=CARTESIAN_POINT('Ctrl Pts',(33.84879268112,-20.6408477860144,-0.0835381660405998));
#3864=CARTESIAN_POINT('Ctrl Pts',(27.7041511217184,-28.4886122876266,20.1584276778228));
#3865=CARTESIAN_POINT('Ctrl Pts',(29.818188613244,-25.8485848089802,13.4400170928822));
#3866=CARTESIAN_POINT('Ctrl Pts',(31.9251450293171,-23.2038293591113,6.7214083639944));
#3867=CARTESIAN_POINT('Ctrl Pts',(34.0236989803348,-20.5600961457044,0.));
#3868=CARTESIAN_POINT('Ctrl Pts',(34.0236989800325,-20.5600961460851,9.68098934350792E-10));
#3869=CARTESIAN_POINT('Ctrl Pts',(31.941640444967,-23.183048631409,6.6685755908989));
#3870=CARTESIAN_POINT('Ctrl Pts',(29.8513110190071,-25.8070073456604,13.334395384144));
#3871=CARTESIAN_POINT('Ctrl Pts',(27.7540011756052,-28.4263566151782,20.0000000086233));
#3872=CARTESIAN_POINT('Ctrl Pts',(27.7540012239261,-28.4263566720388,20.));
#3873=CARTESIAN_POINT('Ctrl Pts',(29.8290959161944,-25.8126381780452,13.3333333333333));
#3874=CARTESIAN_POINT('Ctrl Pts',(31.9041906084628,-23.1989196840516,6.6666666666667));
#3875=CARTESIAN_POINT('Ctrl Pts',(33.9792853007312,-20.585201190058,0.));
#3876=CARTESIAN_POINT('Ctrl Pts',(28.0269412134733,-28.3532226222574,20.));
#3877=CARTESIAN_POINT('Ctrl Pts',(30.0930524079134,-25.7175332326584,13.3333333333333));
#3878=CARTESIAN_POINT('Ctrl Pts',(32.1591636023534,-23.0818438430593,6.6666666666667));
#3879=CARTESIAN_POINT('Ctrl Pts',(34.2252747967935,-20.4461544534602,0.));
#3880=CARTESIAN_POINT('Ctrl Pts',(28.2998812030206,-28.2800885724761,20.));
#3881=CARTESIAN_POINT('Ctrl Pts',(30.3570088996324,-25.6224282872715,13.3333333333333));
#3882=CARTESIAN_POINT('Ctrl Pts',(32.4141365962441,-22.964768002067,6.6666666666667));
#3883=CARTESIAN_POINT('Ctrl Pts',(34.4712642928558,-20.3071077168625,0.));
#3884=CARTESIAN_POINT('Ctrl Pts',(28.5728211925679,-28.2069545226947,20.));
#3885=CARTESIAN_POINT('Ctrl Pts',(30.6209653913513,-25.5273233418847,13.3333333333333));
#3886=CARTESIAN_POINT('Ctrl Pts',(32.6691095901347,-22.8476921610747,6.6666666666667));
#3887=CARTESIAN_POINT('Ctrl Pts',(34.7172537889181,-20.1680609802647,0.));
#3888=CARTESIAN_POINT('Ctrl Pts',(28.5728211888014,-28.2069545205075,19.9999999899994));
#3889=CARTESIAN_POINT('Ctrl Pts',(30.6045781410568,-25.5299110754213,13.3276916651815));
#3890=CARTESIAN_POINT('Ctrl Pts',(32.654826944472,-22.854256600919,6.6600848614442));
#3891=CARTESIAN_POINT('Ctrl Pts',(34.7172067148058,-20.1680878202673,1.25538839990114E-6));
#3892=CARTESIAN_POINT('Ctrl Pts',(28.5728211857562,-28.2069545245199,20.));
#3893=CARTESIAN_POINT('Ctrl Pts',(30.6664618453107,-25.4483730919039,13.1244650170618));
#3894=CARTESIAN_POINT('Ctrl Pts',(32.7797379719383,-22.691266525558,6.2539223067624));
#3895=CARTESIAN_POINT('Ctrl Pts',(34.9056895687608,-19.9226104343287,-0.6085406717167));
#3896=CARTESIAN_POINT('Ctrl Pts',(28.7235794551911,-28.1835697397934,20.0532210487476));
#3897=CARTESIAN_POINT('Ctrl Pts',(30.8132489467697,-25.411984214312,13.1819063649536));
#3898=CARTESIAN_POINT('Ctrl Pts',(32.9199834770428,-22.6415864827655,6.3149753953958));
#3899=CARTESIAN_POINT('Ctrl Pts',(35.0376295802107,-19.8610222868535,-0.5449560946691));
#3900=CARTESIAN_POINT('Ctrl Pts',(29.0045697634559,-28.0630476979666,20.1830136000932));
#3901=CARTESIAN_POINT('Ctrl Pts',(31.0798488163937,-25.2669092770754,13.3175541231967));
#3902=CARTESIAN_POINT('Ctrl Pts',(33.1672916190687,-22.4728145411741,6.4547780122704));
#3903=CARTESIAN_POINT('Ctrl Pts',(35.2630461401375,-19.6723284744408,-0.403259874468698));
#3904=CARTESIAN_POINT('Ctrl Pts',(29.3158554058657,-27.6428393521348,20.4408138801353));
#3905=CARTESIAN_POINT('Ctrl Pts',(31.3499217340482,-24.8181664187806,13.5746369319897));
#3906=CARTESIAN_POINT('Ctrl Pts',(33.3902894768,-22.0010218536912,6.7074026539406));
#3907=CARTESIAN_POINT('Ctrl Pts',(35.4391509745973,-19.1855822091311,-0.158151149238002));
#3908=CARTESIAN_POINT('Ctrl Pts',(29.3079977832963,-27.242179235061,20.5978623745203));
#3909=CARTESIAN_POINT('Ctrl Pts',(31.307154515901,-24.415602806036,13.7217431266922));
#3910=CARTESIAN_POINT('Ctrl Pts',(33.3127426964333,-21.6028191250756,6.8422026996214));
#3911=CARTESIAN_POINT('Ctrl Pts',(35.3304339838435,-18.7960862136268,-0.0361624391866));
#3912=CARTESIAN_POINT('Ctrl Pts',(29.2201671179544,-27.0246559922411,20.6587805740601));
#3913=CARTESIAN_POINT('Ctrl Pts',(31.2016430881376,-24.2039088168027,13.7747708577843));
#3914=CARTESIAN_POINT('Ctrl Pts',(33.1907889082313,-21.3996348845248,6.8866799929154));
#3915=CARTESIAN_POINT('Ctrl Pts',(35.195076484455,-18.6032904088728,-1.1044001269056E-8));
#3916=CARTESIAN_POINT('Ctrl Pts',(-27.7540012239261,28.4263566720388,20.));
#3917=CARTESIAN_POINT('Ctrl Pts',(-29.8290959161944,25.8126381780452,13.3333333333333));
#3918=CARTESIAN_POINT('Ctrl Pts',(-31.9041906084628,23.1989196840516,6.6666666666667));
#3919=CARTESIAN_POINT('Ctrl Pts',(-33.9792853007312,20.585201190058,0.));
#3920=CARTESIAN_POINT('Ctrl Pts',(-28.0269412134733,28.3532226222574,20.));
#3921=CARTESIAN_POINT('Ctrl Pts',(-30.0930524079134,25.7175332326583,13.3333333333333));
#3922=CARTESIAN_POINT('Ctrl Pts',(-32.1591636023534,23.0818438430593,6.6666666666667));
#3923=CARTESIAN_POINT('Ctrl Pts',(-34.2252747967935,20.4461544534602,0.));
#3924=CARTESIAN_POINT('Ctrl Pts',(-28.2998812030206,28.2800885724761,20.));
#3925=CARTESIAN_POINT('Ctrl Pts',(-30.3570088996324,25.6224282872715,13.3333333333333));
#3926=CARTESIAN_POINT('Ctrl Pts',(-32.4141365962441,22.964768002067,6.6666666666667));
#3927=CARTESIAN_POINT('Ctrl Pts',(-34.4712642928558,20.3071077168625,0.));
#3928=CARTESIAN_POINT('Ctrl Pts',(-28.5728211925679,28.2069545226947,20.));
#3929=CARTESIAN_POINT('Ctrl Pts',(-30.6209653913513,25.5273233418847,13.3333333333333));
#3930=CARTESIAN_POINT('Ctrl Pts',(-32.6691095901347,22.8476921610747,6.6666666666667));
#3931=CARTESIAN_POINT('Ctrl Pts',(-34.7172537889181,20.1680609802647,0.));
#3932=CARTESIAN_POINT('Ctrl Pts',(-0.475427096728206,-39.7255120377239,
20.));
#3933=CARTESIAN_POINT('Ctrl Pts',(2.84006450299451,-39.3446474950156,13.3333333333333));
#3934=CARTESIAN_POINT('Ctrl Pts',(6.15555610271724,-38.9637829523072,6.6666666666667));
#3935=CARTESIAN_POINT('Ctrl Pts',(9.47104770243996,-38.5829184095988,0.));
#3936=CARTESIAN_POINT('Ctrl Pts',(-0.230715798549222,-39.8667961716013,
20.));
#3937=CARTESIAN_POINT('Ctrl Pts',(3.09395927814329,-39.4640435675514,13.3333333333333));
#3938=CARTESIAN_POINT('Ctrl Pts',(6.4186343548358,-39.0612909635015,6.6666666666667));
#3939=CARTESIAN_POINT('Ctrl Pts',(9.7433094315283,-38.6585383594517,0.));
#3940=CARTESIAN_POINT('Ctrl Pts',(0.0139954996297631,-40.0080803054787,
20.));
#3941=CARTESIAN_POINT('Ctrl Pts',(3.34785405329206,-39.5834396400873,13.3333333333333));
#3942=CARTESIAN_POINT('Ctrl Pts',(6.68171260695435,-39.1587989746959,6.6666666666667));
#3943=CARTESIAN_POINT('Ctrl Pts',(10.0155711606167,-38.7341583093045,0.));
#3944=CARTESIAN_POINT('Ctrl Pts',(0.258706797808748,-40.1493644393561,20.));
#3945=CARTESIAN_POINT('Ctrl Pts',(3.60174882844083,-39.7028357126232,13.3333333333333));
#3946=CARTESIAN_POINT('Ctrl Pts',(6.94479085907291,-39.2563069858903,6.6666666666667));
#3947=CARTESIAN_POINT('Ctrl Pts',(10.287832889705,-38.8097782591574,0.));
#3948=CARTESIAN_POINT('Origin',(0.,0.,20.));
#3949=CARTESIAN_POINT('Origin',(0.,0.,20.));
#3950=CARTESIAN_POINT('Origin',(0.,0.,20.));
#3951=CARTESIAN_POINT('Origin',(0.,0.,20.));
#3952=CARTESIAN_POINT('Origin',(0.,0.,20.));
#3953=CARTESIAN_POINT('Origin',(0.,0.,20.));
#3954=CARTESIAN_POINT('Ctrl Pts',(39.7255120377239,-0.4754270967282,20.));
#3955=CARTESIAN_POINT('Ctrl Pts',(39.3446474950156,2.84006450299452,13.3333333333333));
#3956=CARTESIAN_POINT('Ctrl Pts',(38.9637829523072,6.15555610271724,6.6666666666667));
#3957=CARTESIAN_POINT('Ctrl Pts',(38.5829184095988,9.47104770243996,0.));
#3958=CARTESIAN_POINT('Ctrl Pts',(39.8667961716013,-0.230715798549219,20.));
#3959=CARTESIAN_POINT('Ctrl Pts',(39.4640435675514,3.09395927814329,13.3333333333333));
#3960=CARTESIAN_POINT('Ctrl Pts',(39.0612909635015,6.41863435483579,6.6666666666667));
#3961=CARTESIAN_POINT('Ctrl Pts',(38.6585383594517,9.7433094315283,0.));
#3962=CARTESIAN_POINT('Ctrl Pts',(40.0080803054787,0.0139954996297631,20.));
#3963=CARTESIAN_POINT('Ctrl Pts',(39.5834396400873,3.34785405329206,13.3333333333333));
#3964=CARTESIAN_POINT('Ctrl Pts',(39.1587989746959,6.68171260695436,6.6666666666667));
#3965=CARTESIAN_POINT('Ctrl Pts',(38.7341583093045,10.0155711606166,0.));
#3966=CARTESIAN_POINT('Ctrl Pts',(40.1493644393561,0.258706797808745,20.));
#3967=CARTESIAN_POINT('Ctrl Pts',(39.7028357126232,3.60174882844083,13.3333333333333));
#3968=CARTESIAN_POINT('Ctrl Pts',(39.2563069858903,6.94479085907291,6.6666666666667));
#3969=CARTESIAN_POINT('Ctrl Pts',(38.8097782591574,10.287832889705,0.));
#3970=UNCERTAINTY_MEASURE_WITH_UNIT(LENGTH_MEASURE(0.01),#3974,
'DISTANCE_ACCURACY_VALUE',
'Maximum model space distance between geometric entities at asserted c
onnectivities');
#3971=UNCERTAINTY_MEASURE_WITH_UNIT(LENGTH_MEASURE(0.01),#3974,
'DISTANCE_ACCURACY_VALUE',
'Maximum model space distance between geometric entities at asserted c
onnectivities');
#3972=(
GEOMETRIC_REPRESENTATION_CONTEXT(3)
GLOBAL_UNCERTAINTY_ASSIGNED_CONTEXT((#3970))
GLOBAL_UNIT_ASSIGNED_CONTEXT((#3974,#3976,#3977))
REPRESENTATION_CONTEXT('','3D')
);
#3973=(
GEOMETRIC_REPRESENTATION_CONTEXT(3)
GLOBAL_UNCERTAINTY_ASSIGNED_CONTEXT((#3971))
GLOBAL_UNIT_ASSIGNED_CONTEXT((#3974,#3976,#3977))
REPRESENTATION_CONTEXT('','3D')
);
#3974=(
LENGTH_UNIT()
NAMED_UNIT(*)
SI_UNIT(.MILLI.,.METRE.)
);
#3975=(
LENGTH_UNIT()
NAMED_UNIT(*)
SI_UNIT($,.METRE.)
);
#3976=(
NAMED_UNIT(*)
PLANE_ANGLE_UNIT()
SI_UNIT($,.RADIAN.)
);
#3977=(
NAMED_UNIT(*)
SI_UNIT($,.STERADIAN.)
SOLID_ANGLE_UNIT()
);
#3978=SHAPE_DEFINITION_REPRESENTATION(#3979,#3980);
#3979=PRODUCT_DEFINITION_SHAPE('',$,#3982);
#3980=SHAPE_REPRESENTATION('',(#1246),#3972);
#3981=PRODUCT_DEFINITION_CONTEXT('part definition',#3986,'design');
#3982=PRODUCT_DEFINITION('Toolpath - Auto 2','Toolpath - Auto 2 v1',#3983,
#3981);
#3983=PRODUCT_DEFINITION_FORMATION('',$,#3988);
#3984=PRODUCT_RELATED_PRODUCT_CATEGORY('Toolpath - Auto 2 v1',
'Toolpath - Auto 2 v1',(#3988));
#3985=APPLICATION_PROTOCOL_DEFINITION('international standard',
'automotive_design',2009,#3986);
#3986=APPLICATION_CONTEXT(
'Core Data for Automotive Mechanical Design Process');
#3987=PRODUCT_CONTEXT('part definition',#3986,'mechanical');
#3988=PRODUCT('Toolpath - Auto 2','Toolpath - Auto 2 v1',$,(#3987));
#3989=PRESENTATION_STYLE_ASSIGNMENT((#3991));
#3990=PRESENTATION_STYLE_ASSIGNMENT((#3992));
#3991=SURFACE_STYLE_USAGE(.BOTH.,#3993);
#3992=SURFACE_STYLE_USAGE(.BOTH.,#3994);
#3993=SURFACE_SIDE_STYLE('',(#3995));
#3994=SURFACE_SIDE_STYLE('',(#3996));
#3995=SURFACE_STYLE_FILL_AREA(#3997);
#3996=SURFACE_STYLE_FILL_AREA(#3998);
#3997=FILL_AREA_STYLE('Steel - Satin',(#3999));
#3998=FILL_AREA_STYLE('Opaque(191,191,191)',(#4000));
#3999=FILL_AREA_STYLE_COLOUR('Steel - Satin',#4001);
#4000=FILL_AREA_STYLE_COLOUR('Opaque(191,191,191)',#4002);
#4001=COLOUR_RGB('Steel - Satin',0.627450980392157,0.627450980392157,0.627450980392157);
#4002=COLOUR_RGB('Opaque(191,191,191)',0.749019607843137,0.749019607843137,
0.749019607843137);
ENDSEC;
END-ISO-10303-21;
